###############################################################################
# Add or supress taxids below to prevent them from appearing in BLAST results #
###############################################################################

# Unassigned Division (mostly Trasnsposons, mini-chromosomes, etc..)
# ==================================================================

2387
2388
2389
2390
2391
2392
2393
2394
2395
2396
2397
2398
2399
2400
2401
2402
2403
2404
2405
2406
2407
2408
2409
2410
2411
2412
2413
2414
2415
2416
2417
2418
2671
12908
28384
31896
31897
32644
36469
37965
131567
164974
198834
382345
684672
684673
704107
704108
713097
932710
1306155
1312744
1385599
1406227
1406228
1406229
1427524
1515699
1515702
1515703
1516082
1586248
1708500
1708506
1796019
1796020
1837134
1837135
1837136
1938931
1969373
1969374
1969375
2170516
2170517
2170518
2170519
2170520
2170521
2185173
2419497
2419498
2419499
2419500
2419501
2495523
2502151
2502152
2664238
2699376
2787823
2787854
2849667
2853804
3139390
3229850
3239201
3239202
3239203
3239204
3239205

# Synthetic and Chimeric division
# ===============================

2517
2601
2602
2603
29278
31778
31779
31780
31781
31782
31783
31784
31785
31786
31787
31788
31789
31790
31791
31792
31793
31794
31795
31796
31797
31798
31799
31800
31801
31802
31803
31804
31805
31806
31807
31808
31809
31810
31811
31812
31813
31814
31815
31816
31817
31818
31819
31820
31821
31822
31823
31824
31825
31826
31827
31828
31829
31830
31831
31832
31833
31834
31835
31836
31837
31838
31839
31840
31841
31842
31843
31844
31845
31846
31847
31848
31849
31850
31851
31852
31853
31854
31855
31856
31857
31858
31859
31860
31861
31862
31863
31864
31865
31866
31867
32630
33777
33778
33779
33780
33781
33782
33783
33784
33785
33786
33787
33788
35353
35354
35355
35356
35357
35358
35359
35360
35361
35362
35363
35364
35365
35366
35367
35368
35369
35370
35371
35372
35373
35374
35375
35376
35377
35614
36550
36551
36552
36553
36554
36555
36556
36557
36558
36559
36560
36561
36562
36563
36564
36565
36566
36567
36568
36569
36570
36571
36572
36573
36574
36575
36576
36577
36578
36579
36580
36581
36582
36583
36584
36585
36586
36587
36588
37153
37154
37155
37156
37157
37158
37159
37160
37161
37970
37971
37972
37973
37974
37975
37976
37977
37978
37979
37980
37981
37982
38316
38317
38318
38737
38738
39034
39035
39036
39038
39055
39056
39121
39477
39792
39793
39794
39795
39796
39797
39798
39799
40154
40160
40277
40299
40581
40582
40827
40992
41037
41435
41458
41869
42006
42057
42098
42211
42446
42459
42470
42629
42667
42694
42699
42700
42701
42702
42703
42704
42705
42706
42707
42708
42709
42710
42711
42809
42866
42867
42868
42869
42870
42871
42872
42873
42874
42875
42876
42877
42878
43058
43059
43132
43133
43134
43135
43136
43248
43249
43250
43251
43300
43359
43360
43361
43692
43840
43841
43842
43991
44006
44120
44121
44122
44690
44739
44740
45037
45195
45196
45197
45199
45241
45389
45390
45391
45530
45534
45536
45624
45701
45702
45703
45704
45705
45706
45707
45708
45765
45766
45771
45772
45773
45776
45777
45778
45850
45852
45853
45854
45855
45856
45857
45858
45859
45860
45889
45890
45891
45892
45973
45974
46191
46192
46193
46235
46236
46349
46437
46438
46439
46440
46441
46442
46443
46444
46445
46449
46534
46535
46536
46537
46538
46622
46623
46655
46656
46657
46658
46803
46805
46806
46912
46915
47007
47011
47012
47013
47014
47015
47016
47017
47018
47019
47039
47040
47041
47042
47043
47044
47045
47046
47224
47470
47591
47682
47683
47684
47685
47686
47800
47840
47841
47842
47843
47844
47940
47941
47942
47943
47944
47945
47946
47947
47948
47961
47975
47993
48411
48730
48916
48917
48918
48983
49914
49983
50332
50333
50334
50335
50336
50337
50427
50707
50944
50945
51097
51098
51162
51163
51164
51198
51199
51200
51257
51312
51339
51512
51681
52005
52006
52007
52008
52009
52010
52011
52012
52013
52014
52164
52165
52166
52270
53498
53561
53569
53627
53628
53629
53630
53631
53632
54008
54009
54105
54112
54395
54478
54479
54764
54765
54766
55309
55592
55593
55594
55595
55596
56100
56101
56102
56103
56104
56105
56405
56445
56446
56474
56691
56868
56954
56961
57026
57034
57035
57036
57263
57264
57583
57667
58104
58105
60245
60472
60473
60474
60475
60476
60477
61449
61963
62527
62528
62529
62530
62697
62978
64140
64188
64189
64712
64885
64886
64887
64888
64889
64890
64891
65020
65066
65736
65821
66196
66197
66198
67588
67775
67802
68403
68404
68405
68406
68899
68900
68901
68902
69046
69273
69274
69275
69276
69327
69403
69411
69544
70063
70298
70935
71279
71409
71549
71550
71551
71552
71553
71554
71555
72145
72227
72436
73159
73160
73270
73424
73425
73560
73777
73901
73902
73903
74458
74538
74542
74543
74544
74548
74551
74552
74553
74554
74582
74793
74848
74888
74939
75057
75305
75306
75307
75696
75737
75965
76156
76157
76487
76488
76519
76520
76521
76522
76523
76524
76525
76526
76527
76528
76529
76530
76531
76532
76533
76534
76535
76536
76537
76538
76539
76551
76552
76553
76638
76639
76660
76661
76662
76663
76664
76665
76666
76667
76876
76888
77040
77047
77609
77610
77611
77612
77613
77614
77615
77616
77617
77618
77677
77809
77810
78121
78122
78246
78247
78248
78249
78250
78251
78252
78256
78353
78646
78681
78682
78683
78684
78685
78926
79019
79020
79669
80748
80749
80756
81004
81076
81077
81480
81481
81482
81848
81948
81949
82118
82119
82120
82121
82122
82304
82305
82306
82307
82668
82679
82680
82681
82682
82683
82684
82685
82686
83290
83346
83347
83348
83349
83350
83351
83352
83353
83354
83355
83356
83357
83358
83359
83360
83361
83362
83363
83364
83365
83366
83367
83368
83369
83543
83610
83648
83672
83673
83674
83685
83809
83817
83831
83832
83833
83898
83899
84409
84410
84477
84478
84479
84536
84537
84538
84539
84540
84541
84682
84726
84727
84728
84729
84730
84731
84732
84733
84734
84735
84736
84737
85606
85619
85637
85704
85834
86128
86129
86130
86251
86980
86981
87163
88230
88231
88232
88282
88283
88284
88432
88575
88586
88758
88871
88872
88873
89015
89016
89017
89144
89145
89146
89245
89331
89332
89333
89341
89525
89960
89961
89962
90106
90107
90108
90109
90110
90111
90112
90113
90114
90115
90116
90117
90118
90119
90120
90121
90122
90123
90124
90125
90126
90127
90128
90129
90130
90131
90132
90133
90134
90135
90136
90137
90138
90140
90143
90144
90146
90147
90148
90149
90310
90749
91182
91183
91184
91376
91381
91468
91469
91470
91471
91498
91506
91529
91530
92689
92756
92791
92792
92833
92852
92869
92948
93463
93464
93999
94002
94003
94004
95115
95118
95174
95362
95363
95364
95365
96766
97706
98589
98786
98787
98788
98858
98859
98860
98931
98933
98934
98936
98937
98938
98939
99199
99389
99595
99596
100607
100610
100611
100612
100613
100675
100676
100905
101365
101366
101367
101368
101369
101370
101371
101372
101373
101375
101390
101481
101630
101631
101632
101633
101634
101635
101636
101637
101638
101639
101640
101641
101642
101771
101832
101833
101834
101857
101858
101936
102131
102132
102133
102152
102153
102224
102651
102652
102653
102682
102687
102887
102888
102889
102901
102902
103608
103609
103691
103949
103950
104010
104091
105849
106074
106075
106076
106077
106336
106406
106407
106408
106409
106602
106603
106604
106605
106606
106611
106612
106613
106614
106930
106970
106971
107212
108140
108141
108598
108600
108601
108602
108603
108604
108616
108617
109189
110834
110993
110994
110995
111011
111293
111294
111295
111296
111297
111473
111474
111648
111786
111787
111789
112458
114137
114138
114139
114140
114141
114142
114192
115109
115340
115829
115830
116587
117917
117918
117919
117920
117922
118280
118281
118282
118283
118284
118285
118286
118287
118288
118289
118290
118291
118292
118293
118295
118296
118297
118298
118299
118300
118301
118302
118303
118304
118305
118306
118308
118309
118310
118311
118312
118382
118383
118384
118385
118386
118387
118388
118389
118390
118391
118392
118393
118394
118395
118396
118397
118398
118399
118400
118401
118402
118403
118404
118405
118406
118407
118408
119062
119490
119491
119636
119860
119971
119972
119973
120082
120083
120118
120119
120120
120121
120122
120123
120361
120560
120561
120764
120786
121044
123384
123563
123565
124098
124860
125567
125568
125569
125570
125600
125630
125631
125790
126707
126708
126709
126810
126817
126819
126840
126841
126842
127505
127506
127516
127550
127586
127587
127588
127589
127655
127656
127657
127658
127659
127660
128136
128137
128138
128139
128421
129196
129197
129198
129557
129558
129559
129560
129561
129562
129563
129564
130271
130272
130273
130490
130501
130970
132180
133221
133222
133492
133493
133494
133495
133496
134336
134337
134338
134339
134340
134341
134342
134364
134749
134750
134751
134752
134753
134754
134755
135260
135519
135522
136151
136605
136606
136607
136644
136645
136689
137702
137785
137786
139774
139775
140096
140097
140676
140677
140678
140679
140680
140681
140682
140683
140684
140685
140686
140687
141214
141847
141848
141849
141850
141851
141852
142422
142423
142845
142846
142847
142848
142849
142850
142851
142852
142954
142955
142956
142957
142958
142959
142960
142961
142962
142963
142964
142965
142966
142967
143000
143001
143787
146151
146497
146598
146599
146600
146703
146704
146872
146873
146874
146876
147091
147130
147131
147132
147133
147134
147260
147269
148365
148366
148367
148368
148881
149064
149592
149951
150124
150236
150237
150238
150239
151158
151159
151160
151161
151458
152052
152114
152115
152116
152143
152144
152145
152179
152298
152795
152796
152797
152837
153040
153506
153591
153592
153593
153594
153595
153596
153597
153941
153942
153944
153963
154051
154146
154534
155138
155139
155765
155767
155773
156490
156493
156762
156893
157152
157153
157154
157159
157290
157617
157618
157643
158319
158459
158460
158466
158467
159299
159300
159301
159302
159303
159304
159305
159649
159650
159742
159744
160263
160636
160651
160803
160966
160967
161236
161237
161238
161273
161364
161365
161366
161367
161553
161554
161555
161556
161557
161558
161559
161880
161881
161882
162323
162385
162540
162541
162542
162543
162544
162545
162546
162547
162548
162549
162550
163910
163911
163912
163913
163914
163915
163916
163917
163918
163919
164388
164389
164390
165843
165844
166237
166238
166239
166240
166241
166242
167047
167048
167049
167122
167123
167858
167859
167860
167861
167882
167883
168175
168688
168860
169035
169293
169757
169791
169792
170076
170491
170492
170493
170494
170495
170704
171198
171522
171614
171696
171700
171701
172338
172339
172340
172341
172342
172343
172344
172345
172346
172347
172348
172349
172350
172351
172352
172353
172354
172355
172356
172357
172358
172359
172360
172361
172362
172363
172364
172365
172366
172442
172443
172712
173256
173257
173258
173259
173260
173294
173630
174689
174816
174817
174818
174819
174820
174821
175283
175345
175804
175805
175806
175807
176078
176101
176105
176659
176660
176840
176841
176842
176843
176844
176845
176965
176966
176967
176968
176969
176970
176971
176972
176973
176974
176975
176976
177164
177209
177594
177595
177596
178081
178084
179478
179479
179480
179481
179482
179875
179876
180218
180219
180220
181648
182255
182272
182804
182805
183711
183712
183765
184068
184069
184070
184071
184424
184425
184975
184976
185213
186424
186816
187306
187307
187308
187377
187378
187395
188057
188084
188720
189728
189729
189730
189731
189732
189733
189734
189771
189807
189840
189841
190279
190798
191024
191025
191556
192325
192755
192849
192850
192853
192854
193296
194533
194800
194801
194967
197518
197519
197649
197850
197851
197852
197853
197854
197855
198113
198117
198221
198575
198728
198729
198930
200595
201027
201177
201830
201831
201832
201833
201834
201835
201836
201837
201838
201839
201840
201841
201842
202036
202450
202451
202452
202795
202810
202811
203546
203547
203704
204048
204443
204444
204445
204448
204508
204726
204727
204800
204930
205020
206380
206381
206382
206383
206384
206385
206386
206387
206388
207248
207407
207926
209238
209523
209524
209525
209526
209527
209530
209531
209532
209887
209888
209889
209890
209891
209892
209893
209894
209895
209896
210736
210919
211423
211424
211425
211426
211427
211428
211477
211478
211479
211480
211481
211482
211483
211484
211485
211486
211505
211784
211917
212018
212654
212735
213659
213660
214432
214433
214634
214937
214938
215169
216458
217092
217093
217094
217095
217096
217097
217098
217099
217100
217538
217637
217638
217639
217640
217641
217642
217643
217644
217645
217646
217647
217648
217649
217650
217651
217652
218197
218198
218199
218200
218201
218302
218468
218927
218961
218962
218963
218964
219291
219746
220087
220088
220089
220614
220615
220616
220617
220665
220723
220724
220725
220726
220727
220728
220994
221059
221060
221061
221062
221063
221064
221493
221638
221639
221640
221641
221642
221643
221864
221894
221908
221925
221946
222482
222483
222484
222485
222531
222558
222675
222717
222982
223393
223412
223439
223837
223838
224009
224309
224617
224618
224619
224620
224621
224622
224623
224624
224625
224626
224627
224628
224629
224630
224631
224632
224637
224638
224639
224839
224841
224892
224982
224983
224984
224985
224986
224987
224988
224989
224990
224991
224992
224993
224994
224995
225583
225975
226210
226211
226212
226213
226214
226215
226216
226578
226579
226614
227048
227049
227155
227156
227157
227158
227483
227530
227694
227719
227918
228099
228588
228589
228590
228630
228877
229474
229988
229989
230226
230832
231029
231394
231449
231450
231451
231707
231719
231720
232236
232937
233148
233149
233878
233882
233895
234592
234606
234607
234691
234837
234838
234839
234840
234841
234842
234843
234844
234876
234926
234929
235394
235453
235454
235695
236419
236821
236844
236845
236846
236847
236848
236849
236984
237617
238690
239107
239220
239221
239484
240544
240545
241190
241552
242382
243021
243674
244051
244052
244053
244054
244055
244215
244878
244879
244934
244935
244944
244945
244946
244947
245199
245689
246753
246883
247469
247944
248374
248461
248462
248463
248464
248465
248466
248882
248883
248884
248885
248886
248887
248888
248889
248890
248891
248892
248893
248894
248895
248896
248897
249124
249125
249126
249127
251610
251611
252600
252840
252841
252842
254096
254097
254251
254255
254256
254257
254404
254416
254417
254418
254419
255043
255132
255240
255328
255329
255362
256321
257025
257504
257505
257506
257507
257508
257509
257510
257511
257512
257513
257514
257515
257516
257517
257518
257519
257520
257525
257526
257527
257528
257529
257530
257726
257727
257728
257729
257982
257983
258023
258595
258837
258973
258974
258975
258976
259258
259259
259260
259386
259387
259388
259680
260048
260901
261396
261397
261398
261399
262220
262221
262222
262223
262534
262567
262568
262647
262745
262746
262747
262748
262787
262788
263359
263730
263731
263732
263733
263791
263991
263992
264190
264191
264504
264698
264699
264725
264726
264728
266069
266070
266244
266783
267411
267412
267413
267414
267415
267416
267417
267418
267419
267420
267421
267422
267423
267424
267425
267428
267430
267431
267648
267887
268221
268222
268223
268224
268234
268235
268236
268479
268730
268731
268732
268733
268734
268856
269117
269118
269119
269149
269273
269307
270493
271169
271928
272702
272703
272704
272705
272706
272707
272747
272941
273680
274542
274543
274544
274545
274546
274547
274579
274580
274581
274582
274583
274589
274590
274625
274626
274627
275438
275439
275440
275441
275442
275443
275444
275445
275446
279697
279775
279777
279778
279779
279780
279781
279782
279783
279784
279974
279975
280037
280045
280595
280785
280786
281394
282076
282192
282193
282194
282195
283795
283879
283880
283954
283955
284146
284151
284152
284153
284154
284155
284156
284157
284158
284487
284488
284489
284490
284491
284806
284807
284808
284997
284998
284999
285000
285176
285177
285261
285264
285265
285585
285586
285587
285601
286693
288963
288964
289229
289230
289231
289232
290435
290436
291034
291197
291198
291271
291298
291515
291517
292598
292599
292600
292601
292602
292603
292604
292605
293288
293289
293290
293291
293292
293293
293294
293295
293296
293464
293597
293730
293967
293968
294753
294754
294755
294756
294757
295022
295023
295024
295032
295033
295087
295514
296376
296377
296595
296596
296638
296639
296640
296659
296660
296661
296662
296663
296664
296665
296666
296667
296668
297627
297628
297629
297630
297631
297632
297633
297634
297635
297636
298282
298283
298284
298285
298358
299172
299173
299174
299175
299176
299177
299178
299179
299180
299181
299182
299183
299184
299185
299186
299187
299188
299443
299444
299445
299446
299464
299811
300483
300847
301028
301048
301350
301535
301536
301537
301561
301562
301563
301564
301565
301566
301567
301568
301569
301570
301571
301572
301573
301574
301575
301576
301577
301578
301579
301580
301581
301582
301583
301584
301958
303083
303227
303680
303937
303938
303939
303940
303941
303942
304772
305119
305794
306374
306375
306580
307504
307505
308035
308036
308037
308038
308695
308696
308697
308698
308699
308700
308701
308702
308864
308867
308868
308869
308969
309054
309055
309056
309057
309058
309059
309131
309750
309977
310382
310383
310384
311214
311215
311216
311313
311337
312804
313406
313407
313619
313620
313621
313622
313915
313916
313917
314049
314050
314306
315263
315455
315474
316383
316466
316599
316972
316973
316974
316975
317473
318995
319477
319478
319836
321071
321303
321764
321765
322510
322727
322728
323687
323987
324059
324060
324061
324062
324063
324064
324065
324066
324067
324068
324138
326023
326201
326399
326400
326496
326497
326498
326499
326500
326501
326502
326503
326504
326505
326506
326507
326508
326509
326510
326511
326512
326513
326514
326515
326516
326517
326518
326519
327037
327973
327974
328298
328375
328508
328606
328607
328809
328810
329386
329387
329402
329480
329577
329805
329806
329970
329971
330400
330877
331529
331619
331655
331656
332333
332412
332413
332414
332514
332515
332526
332945
333346
333700
333985
334821
334859
334946
334947
334948
334949
334950
334951
334952
334953
334954
334955
334956
334957
334958
334959
334960
334961
334962
334963
334964
334965
334966
334967
334968
334969
334970
334971
334972
334973
334974
334975
335384
335385
335386
335387
335691
335692
335693
335694
335695
335696
335697
336627
336695
336696
336697
336698
336699
336700
336701
336702
336782
337211
338057
338425
338426
339413
339414
339415
339416
339417
339418
339959
340098
341048
341168
341219
341547
341548
341549
341550
341551
341552
341830
342567
342568
342893
342894
342895
342896
342897
342898
343456
343720
343721
343722
343723
343724
343725
343726
343727
343728
343729
343730
343731
343987
343988
345407
345408
345409
346084
346085
346086
346087
346088
346089
346090
346091
346092
346093
346094
346095
346225
346226
346607
346608
348044
348099
348104
348692
349290
349291
349292
349293
349294
349295
349296
349297
350084
350786
350787
351347
351698
351699
351700
352213
352214
352385
352386
353543
354252
354253
354254
354255
354256
354257
354258
355281
355542
355544
355545
356365
356366
356367
356368
356369
356370
356371
356372
356373
356374
356375
356376
356377
356550
356551
356895
357872
357972
358647
359910
360165
360166
360167
360321
360401
360581
361228
362223
362501
362869
363018
363226
363519
363520
363575
364083
364084
364085
364086
364087
364089
364090
364091
364092
364947
364948
365453
365454
365455
365456
366494
366932
369432
369433
369922
369923
369924
369925
370428
370440
370447
370474
370580
370581
370582
370583
370584
370585
370586
370944
370945
370946
370947
370948
370949
370950
372020
374280
374885
374886
374887
374888
374889
374890
374891
374892
374893
374894
374895
374896
374897
374898
374899
375452
375858
375859
375860
375861
375862
375863
375864
375865
375866
375867
375868
375869
375870
375871
375872
375873
375874
375875
375876
375877
375878
375879
375880
375881
375882
375883
375884
375885
375886
376839
376840
376841
376842
376843
376844
376845
376846
376847
377356
377357
378040
378727
378728
378729
379318
379573
379574
379605
379606
380046
380061
380356
380357
380401
380483
380637
380731
380732
381739
381740
382153
382154
382155
382156
382375
382399
382402
382403
382938
382939
382940
382941
382942
382946
382947
382948
383983
383984
383985
383986
383987
383988
383989
383990
383991
383992
383993
383994
383995
383996
384036
385051
386594
386595
387851
387852
387935
387955
388335
388336
388337
388338
389357
390512
390513
390862
390900
390901
390908
390909
390910
390911
390912
390913
390914
390915
390916
390917
390918
391007
391836
391990
391991
391992
391993
391994
391995
391996
391997
391998
393134
393135
393136
393137
393138
393139
393298
393299
393300
393301
393482
393483
394040
394265
395074
396055
396412
396413
396415
396799
398030
398055
398056
398057
398058
398755
398756
399186
399388
399389
399390
399598
399678
400017
400018
400019
400020
400021
400022
400031
400032
400350
400687
400701
402067
402068
402069
402070
402071
402072
402073
402074
402237
402735
402769
404005
404006
404016
404017
404018
404019
404020
404021
404022
404023
404024
404025
404026
404027
404028
404029
404219
404306
404307
404308
404309
404940
405758
405927
405931
405932
405933
405934
406716
406720
406721
406722
406740
407181
407182
407183
407184
407185
407186
407187
407281
407282
407283
407284
407285
407286
407393
407824
407944
407945
407981
407983
409366
409536
409537
409538
409539
409540
409541
409542
409543
409544
409545
409546
409547
409548
409549
409550
409551
410002
410003
410004
410732
410733
410857
411666
411874
411946
411947
411961
412168
412169
412170
412171
412753
412949
412950
412951
412952
412953
412954
412978
412979
412980
412981
412982
412983
412984
412985
412986
413947
413948
415098
415353
415354
415683
416331
416332
416397
416398
416399
416400
416401
416402
417980
417981
417992
418828
418829
418830
418929
419107
419242
419243
419244
419245
419246
419247
419248
419249
419250
419251
419252
419254
419255
419256
419446
419447
419448
419449
419450
419451
419452
419453
419454
419455
419456
419457
419458
419459
419460
419461
419462
419463
419464
419465
419466
419545
419546
419547
419548
419549
419550
419551
419552
419553
419554
419555
419556
419557
419558
419559
419560
419561
419562
419563
419564
419565
419566
419567
419568
419569
419570
419571
419572
419573
419574
419575
419576
419577
419578
419579
419580
419581
419582
419583
419584
420185
420414
420517
420518
420519
420520
420521
420618
420886
421738
421739
421740
421741
421868
421869
421897
421898
421945
422181
422182
422183
422184
422185
422186
422187
422188
422189
422190
422191
422192
422193
422194
422195
422196
422197
422198
422498
422499
423227
423228
423229
423230
423231
423232
423233
423234
423235
423236
423237
423238
423239
423256
423257
423258
424500
424807
424808
424809
424810
424811
424899
424900
424901
425267
425268
425269
425270
425271
426112
426303
426714
426715
426952
426953
426954
426955
426956
426957
426958
426959
426960
426961
426962
426963
426964
426965
426966
426967
426968
426969
426970
426971
426972
426973
426974
426975
426976
426977
426978
426979
426980
426981
426982
426983
426984
426985
426986
426987
426988
426989
426990
426991
426992
426993
426994
426995
426996
426997
426998
426999
427000
427001
427002
427003
427004
427005
427006
427007
427008
427009
427010
427011
427012
427013
427014
427015
427016
427017
427018
427019
427020
427021
427022
427023
427024
427025
427026
427027
427028
427029
427030
427031
427032
427033
427034
427035
427036
427037
427135
427136
427137
427305
427617
427618
427619
427620
427621
427622
427623
427624
427625
427750
427768
427769
427955
428319
429152
429308
429309
429337
429338
429339
429721
429723
431062
431665
431666
431667
431668
431889
431890
433596
433597
433620
433622
433623
433624
433625
433626
433627
433691
433942
433946
435642
435643
435644
435645
435750
435751
435752
435753
436015
436309
436412
436460
436665
436666
436667
436668
436669
436670
436671
436676
436864
436865
436866
436867
436868
437157
437158
437159
437321
437640
437641
437642
437643
437644
437645
437892
437893
437894
437895
437896
438597
438834
438835
438836
438849
439026
439027
439033
439209
439210
439211
439212
439213
439418
439419
439690
439691
439692
439693
439694
439695
439966
439967
441598
441909
441910
441911
442152
442153
442573
442574
442627
442628
442629
442630
442631
442632
442633
442634
442840
442841
442842
442843
442962
442963
443233
443234
443235
443236
443237
443238
443390
443391
443392
443865
444600
444601
444602
445031
445436
446189
446190
446191
446192
446193
446194
446195
446196
446197
446198
446199
446200
446201
446202
446203
446204
446205
446206
446207
446208
446209
446210
446211
446212
446213
446214
446215
446216
447234
447627
447634
447635
448078
448079
448080
448081
448082
449600
449601
449602
451365
451366
451367
451368
451369
451370
451371
451372
452088
452203
454257
454623
454624
454625
455496
455497
455498
455499
456494
456495
456496
456497
456498
456499
456518
456996
456997
457483
457754
457755
457756
457757
457758
457759
458150
458214
458215
458216
458217
458218
458219
458220
458221
458222
458223
458224
458225
459063
459231
459289
459303
459304
459496
459611
459738
460112
460113
460114
460115
460116
460117
460118
460119
460120
460121
460122
460123
460124
460125
460126
460127
460865
461267
461268
461523
461524
461525
461526
461527
461528
461529
461530
461531
461712
461713
461714
461715
463057
463058
463568
463701
463702
464273
464922
465991
465992
466210
466211
466212
466213
466214
467236
467745
467746
468490
468515
468516
468517
468518
468519
468520
469761
469817
469818
469819
470289
470290
470291
470292
470293
470294
470295
470296
470297
470298
470299
470300
470301
470302
470303
470304
470305
470306
473296
473624
474004
474005
474006
474140
474433
474434
474899
474939
475610
475611
475612
475766
475863
475864
475865
475866
475867
475868
475869
475870
475871
475872
475873
476183
476184
476185
476186
476461
477172
477173
477284
477323
477324
477325
477326
477327
477328
477329
477330
477331
477332
477333
477334
477335
477336
477337
477338
477339
477340
477341
477342
477343
477344
477345
477346
477347
477348
477349
477350
477351
477352
477353
477354
477355
477356
477357
477358
477359
477360
477361
477362
477363
477364
477365
477366
477367
477368
477369
477370
477371
477372
477373
477374
477375
477376
477377
477378
477379
477380
477381
477382
477383
477384
477385
477386
477387
477388
477389
477390
477391
477392
477393
477394
477395
477396
477397
477398
477399
477400
477401
477402
477403
477404
477405
477406
477407
477408
477409
477410
477411
477412
477413
477414
477415
477416
477417
477418
477419
477420
477421
477422
477423
477424
477425
477426
477427
477428
477429
477430
477431
477432
477433
477434
477435
477436
477437
477438
477439
477440
477441
477442
477443
477444
477445
477446
477447
477448
477449
477450
477451
477452
477453
477454
477455
477456
477457
477458
477459
477460
477461
477462
477463
477464
477465
477466
477467
477468
477469
477470
477471
477472
477838
477839
477840
477927
477956
477957
477958
477959
477960
477961
477962
477963
477964
477965
477966
478044
478548
478686
478687
478688
478689
478690
478691
478692
478693
478694
478695
478696
478697
478810
478821
478822
478823
478824
480135
480136
480137
480178
481005
481136
481451
481452
481464
481530
481784
481785
481786
481787
481806
481807
481808
481809
481810
481817
481818
482015
482345
482346
482958
482959
482960
482961
482962
482963
482964
482965
482966
483250
483254
483438
483439
483440
483530
485101
485102
485103
485189
485209
485260
485261
485262
485263
485337
485428
485429
486784
487153
487421
487422
487423
487424
487425
487624
487657
488126
488127
488338
488339
488448
488449
489442
489747
490052
490101
490102
490118
490119
490120
490121
490122
490123
490160
490161
490502
490503
490504
490505
490506
490507
490508
490509
490510
490916
490917
490918
490919
490920
490921
490922
490923
490924
490925
490926
490927
491041
491042
491043
491044
491045
491082
491083
491084
491085
491854
491855
491856
491857
491858
491879
491925
492133
492499
492500
492501
495166
495167
495220
495221
495546
495547
495548
495576
496656
496657
496658
497690
498255
498256
498404
498405
498499
498500
500612
500613
501717
502052
502370
502371
504831
504896
505188
505990
505997
506624
506679
506680
506681
506682
506683
507491
507492
507493
507506
508430
508431
508432
508433
508434
508435
508436
508437
508456
508959
509634
510259
510510
510511
510512
510513
510514
510744
510745
510904
511563
511564
511565
511658
511659
512085
512086
512148
512200
512274
512275
512276
512277
512278
512279
512280
512281
512282
512283
512284
512285
512286
512389
513304
515188
515189
515307
515308
515309
515310
515311
515312
515313
515314
515315
515316
515317
517185
517186
517435
518585
519059
519087
519088
520152
520153
520154
520155
520156
520157
520158
520159
521732
521733
522283
522284
522285
522286
522287
522288
522415
523304
524038
524039
524040
524041
524042
524043
524044
524045
524046
525404
525405
526205
526206
526207
526208
526520
526717
526718
526719
526720
526721
526722
526723
526724
526725
526726
527203
528210
529292
529379
529759
529760
529761
529762
529763
530757
535311
535312
535313
535314
535315
535316
537217
538400
538401
538530
538531
538532
539330
539331
539332
539333
539334
539335
539336
539337
539338
539339
539340
539341
539342
539343
539344
539345
539346
540032
540033
540034
540035
541044
542345
542831
543315
543316
543369
543370
543906
543907
543908
543909
543910
544738
544739
544740
544741
544876
544877
544878
544879
544880
544881
544882
544883
545061
545062
545063
545064
545065
545066
545067
545068
545165
545645
545646
545677
545678
546943
546944
546945
546946
547989
548910
548911
549382
549383
549404
549648
549649
549650
549651
549652
549784
549785
550439
550440
550441
550442
550443
550444
550445
551092
551093
551094
552403
552539
553144
553145
553226
553227
553236
554026
554137
554138
554139
554140
554258
554259
554284
554285
554286
554287
554288
554289
554305
554306
554307
554653
554654
554655
554656
554657
554658
554659
554660
554661
554662
554663
554664
554665
554666
554672
554673
555091
555765
555766
555767
555768
555769
555770
555771
555772
555773
555774
555775
555776
556549
556550
556551
556553
556554
559123
561109
561480
561481
562021
562022
562023
562024
562025
562026
562027
562028
562029
562030
562663
562925
562926
563039
563070
563071
563905
563906
563989
564294
565106
565107
565108
565369
565371
565982
568092
568093
568094
570119
570157
570158
570159
570160
571181
571924
571925
571926
571927
571928
571943
572047
572232
572233
572234
573375
573376
573414
574161
574360
574361
574362
574648
575198
575560
575864
576603
576977
578227
578228
578303
578306
578319
579037
579038
579039
579040
580601
580602
581009
581010
581011
581110
582572
582816
582817
582884
583342
583343
585036
586731
586732
587353
587425
587426
587427
587428
587429
587430
588180
588564
589555
589996
590084
590159
590160
590161
590162
590163
590164
590715
590716
590717
590940
591003
591004
591005
591006
591007
591008
591009
591010
591011
591012
591013
591014
591015
591016
591017
591018
591135
591136
591156
591844
591845
591846
592677
593111
594183
594678
595609
595610
595611
595612
595657
595658
595659
596394
596395
611770
611771
611772
611773
611774
611775
611776
617124
619285
619306
619806
620855
620856
620900
620901
622361
622362
622363
622364
622365
622697
622698
622699
624118
624119
624120
627443
627481
627612
627615
627616
627617
629243
629244
629723
630753
630957
632922
633121
633122
633123
633124
633125
633126
633127
633128
633129
633374
633375
633396
633397
633398
633399
633400
633401
633402
637678
638787
640145
640477
640486
640638
640639
641604
642115
642116
642117
642118
642119
642120
642121
642798
643580
643581
643582
643583
643584
643585
643586
643587
643588
643589
643590
643591
643592
643593
643594
643595
643596
643597
643598
643599
643600
643601
643602
643603
644235
644562
646102
646103
646104
646105
646106
646107
646108
646109
646110
646111
646112
646113
646114
646115
646116
646117
646118
646119
646120
646121
646122
646123
646124
646125
646126
646170
646492
647627
647628
647629
647630
647631
647632
647633
647634
647635
651120
651121
651122
651123
651132
651324
651833
651834
651835
651836
651991
652016
653706
653729
653730
654368
654369
654848
655090
656014
656015
656016
656893
658855
658871
658872
658873
659256
659257
659258
659259
660569
660570
660654
661031
662771
663330
664657
664750
664751
665875
665876
665877
666388
667342
667343
667714
667715
667716
667717
667718
667719
667720
667721
667722
668993
670500
670501
670502
670503
670504
670505
670876
670877
670878
670879
670880
670881
671108
671109
671110
671111
671112
671113
671114
671115
671116
671117
671118
671119
671120
671121
671122
671123
671124
671125
671149
671150
672171
672172
672173
672192
672462
672463
672471
672595
673018
673746
673747
673748
673749
673750
674031
676518
676519
676520
676521
676522
676523
678699
678700
679108
679182
679641
679642
679643
679644
679645
679646
679647
679648
679649
679650
679651
679652
679653
679654
679729
679730
680261
680262
680263
680432
680433
680434
680435
682185
683353
684758
684763
684764
685566
686263
686264
686265
686266
686267
686799
686937
686938
686939
686940
686941
686942
687164
687236
689201
689694
689695
689696
690568
690570
691219
691220
691827
691828
693962
693963
693964
693987
696207
696211
696371
696372
696860
698777
699025
699026
699027
699028
699029
699030
699255
699256
701247
701248
701249
701250
703541
703542
703543
703544
703545
706411
706444
706476
707558
709345
709346
709457
711394
711395
711396
711397
711398
711399
711400
711401
711402
711403
711404
711405
711406
711407
711408
711409
711410
711411
711412
711413
711414
711415
711416
711417
711418
711419
711420
711421
711422
711423
711424
711425
711426
711427
711428
711429
711430
711431
711432
711433
711434
711435
711436
711437
711438
711439
711440
711441
711442
711443
711444
711445
711446
711447
711448
711449
711450
711451
711452
711453
711454
711455
711456
711457
711458
711459
711460
711461
711462
711463
711464
711471
711472
711473
711474
711475
711476
713081
715316
715317
715318
715319
715320
715321
715476
715477
715478
715479
715907
715908
715909
715910
715911
716542
717907
717908
717930
717933
717992
717993
717994
717995
717996
717997
717998
717999
718000
718001
723905
723906
723923
741398
741399
741400
741972
742133
742134
742135
742844
743681
743778
744262
745805
745806
745807
745808
745809
745810
747266
747295
747296
747297
747298
747299
747300
747301
747347
747760
747761
748102
748432
748433
748434
748435
748436
748437
748438
748439
748440
748441
748442
748443
748448
749342
749585
751898
751899
751900
751903
752520
754001
754152
754156
754157
754158
754159
754160
754449
754452
755268
755269
755270
756227
756228
756338
756762
756763
756764
756766
756767
758734
759703
759704
759705
759706
759707
761967
762605
762606
762607
762950
763036
763840
763841
765766
765767
765768
766747
768051
768197
768487
768488
768489
768673
791319
795389
795475
796013
796092
797065
797066
797067
797068
797069
797070
797071
797072
797073
797074
797381
797382
797383
797384
797385
797386
797387
797388
797389
797390
857738
857739
857740
858216
859791
860079
860080
861259
861260
861261
861262
861263
861264
862777
862778
862779
862780
862781
862782
862783
862784
862785
862786
862787
864707
864788
864829
866769
869456
872916
872917
872918
872919
872920
872921
872922
872923
872924
876193
878333
878539
878540
878541
878542
878543
878544
878545
879655
880076
880077
881622
881623
881624
881625
881626
881627
881639
881640
881641
881642
885263
885264
886285
886295
886296
886297
886328
886943
887276
887794
888514
888515
903396
904069
905036
905928
905929
905930
905931
905932
906967
907253
907254
907255
907256
907257
907258
907259
907584
908007
908210
908260
908463
908464
908465
908466
909661
909673
910447
910448
910449
911414
913412
913413
913414
913415
913416
913417
913763
913764
913765
913932
915492
915493
915494
915497
926016
926017
926018
926019
926020
927196
927590
927609
927610
927611
927626
928675
928676
929027
929028
930172
930754
931124
931125
931126
931127
931128
931129
931131
931132
931605
931607
931878
931879
931880
931881
931882
931965
931966
931967
932665
932666
932693
932918
933838
933839
934313
935898
935899
938153
940897
941634
941988
943930
943931
943932
943933
943934
944336
944548
944549
944646
944647
944648
944649
944650
944703
944704
944705
944706
944707
944708
944709
944710
944711
944712
944713
944714
944715
944716
944717
944718
944719
944720
944721
944722
944723
944724
944725
944726
944727
944728
944729
944730
944731
944732
944733
944734
944735
944736
944737
944738
944739
944740
944741
944742
944743
944744
944745
944746
944747
944748
944749
944750
944751
944752
944753
944754
944755
944756
944757
944758
944759
944760
944761
944762
944763
944764
944765
945057
945058
945059
945060
945061
945062
945063
945064
945065
945066
945067
945068
945069
945070
945071
945072
945073
945966
946236
946237
946238
947342
947494
947495
947496
947497
947498
948524
948525
948727
948728
948729
948730
948731
978308
978309
978310
978311
978312
978313
978314
979779
980180
980181
980182
980183
980184
981225
981226
983430
983949
983950
983951
984255
985816
989305
989306
989307
989308
990066
990067
990289
992200
992201
992202
992203
993051
993052
993053
993660
993661
993662
993663
993664
993665
993666
994383
994808
997204
997205
997206
997207
997208
997209
997210
997211
997212
997458
997459
997460
997461
997908
999507
999508
999509
999510
999511
1001535
1001536
1001537
1001538
1001539
1001540
1001541
1002182
1002183
1003182
1003183
1004559
1004560
1004561
1004562
1004563
1004564
1004565
1004566
1004567
1004568
1004569
1005929
1005930
1005931
1006431
1006432
1006433
1006434
1006435
1006436
1006437
1006438
1006439
1006440
1006441
1006442
1006443
1006444
1007530
1007531
1007532
1007533
1007534
1007535
1007536
1007537
1007538
1007539
1007540
1007541
1007955
1007956
1007957
1007958
1007959
1007960
1007961
1007962
1007963
1007964
1007965
1007966
1007967
1007968
1007969
1007970
1007971
1007972
1007973
1007974
1007975
1007976
1007977
1007978
1007979
1007980
1007981
1007982
1007983
1007984
1007985
1007986
1007987
1007988
1007989
1007990
1008985
1008991
1008992
1009847
1009848
1009849
1009850
1009851
1027256
1027257
1027258
1027259
1027260
1027261
1027262
1028764
1028765
1029635
1029636
1029637
1029638
1029639
1029640
1029641
1029642
1029643
1029644
1031331
1032408
1032409
1032410
1032411
1032412
1032413
1032414
1032415
1032416
1032417
1032418
1032419
1032420
1032421
1032422
1032423
1032424
1032425
1032622
1033798
1034052
1034053
1034054
1034055
1034056
1035312
1035313
1035708
1035709
1035710
1035711
1035712
1035713
1035714
1035715
1035716
1035717
1035718
1035719
1035720
1035721
1035722
1035723
1035724
1035725
1035726
1035727
1035728
1035729
1035730
1035731
1035732
1035733
1035734
1035735
1035736
1035737
1035738
1035739
1035740
1035741
1036682
1036683
1036684
1036685
1036686
1036806
1036807
1037913
1037914
1040853
1041405
1042257
1042310
1043207
1043208
1043209
1043210
1043211
1043212
1043213
1043695
1043696
1045005
1045006
1045007
1045008
1046567
1047768
1047769
1047770
1047771
1047772
1047773
1047774
1047775
1047776
1047777
1047778
1047779
1047780
1047781
1047782
1047783
1047784
1047785
1047786
1047787
1047788
1047789
1047790
1048776
1048777
1050928
1050929
1050930
1051833
1051834
1051835
1051836
1051837
1051838
1051839
1052135
1052136
1052595
1052596
1052597
1052598
1052599
1052600
1052601
1052602
1052876
1052877
1053139
1053140
1053141
1053142
1053143
1053144
1053145
1053146
1053147
1053474
1054203
1054204
1054602
1055400
1055401
1055402
1055403
1055404
1055405
1055406
1055407
1055408
1055409
1055410
1055411
1055412
1055413
1055414
1055415
1055493
1055494
1055495
1055496
1055507
1070226
1070442
1070443
1070444
1076682
1077177
1077178
1077179
1077180
1077181
1077182
1077229
1077342
1077343
1077344
1077524
1077525
1079118
1079119
1079244
1079932
1082473
1084323
1084324
1084325
1084326
1084327
1084328
1084329
1084330
1084331
1084332
1084333
1084334
1084335
1084336
1084337
1084338
1084339
1084340
1084341
1084342
1084343
1084344
1084345
1084346
1084347
1084348
1084349
1084350
1084351
1084352
1084353
1084354
1084355
1084356
1084357
1084358
1084359
1084360
1084361
1084362
1084363
1084364
1084365
1084984
1085938
1085939
1085940
1086586
1087365
1087980
1088539
1088639
1088640
1088641
1088642
1088643
1088644
1088645
1088646
1088647
1088648
1088649
1088650
1088651
1088652
1088653
1088853
1088854
1088855
1088859
1088860
1088861
1089331
1089332
1089333
1089334
1089335
1089336
1089337
1089338
1089838
1089839
1090669
1090670
1090671
1090672
1090673
1090674
1090868
1090869
1091318
1091319
1091320
1091321
1091322
1091323
1091324
1091325
1091326
1091327
1091328
1091329
1091330
1091331
1091332
1091333
1091334
1091335
1091336
1091337
1091338
1091339
1091340
1091341
1091342
1091343
1091344
1091345
1091346
1091347
1091348
1091349
1092445
1092838
1093917
1093918
1093919
1093920
1093921
1093973
1093974
1094248
1094419
1095419
1096444
1096445
1096446
1096447
1096516
1096803
1096804
1096805
1107343
1107344
1107345
1107346
1107347
1108600
1108802
1108803
1108804
1109019
1109020
1109021
1109410
1110378
1112871
1114286
1114287
1115837
1115838
1115839
1115840
1115841
1115842
1115843
1115844
1116367
1116368
1116802
1118296
1123762
1123763
1123764
1123765
1123766
1123767
1123768
1123769
1123770
1123771
1123772
1126002
1126003
1126004
1126005
1126006
1127224
1127335
1127730
1128039
1128040
1128041
1128042
1128043
1128044
1128045
1128046
1128047
1128048
1128049
1128050
1128051
1128052
1128053
1128054
1128055
1128056
1128057
1128058
1128059
1128060
1128061
1128062
1128063
1128064
1128065
1128066
1128067
1128068
1128069
1128070
1128098
1128650
1128651
1128721
1128722
1128723
1128724
1128725
1128726
1128727
1128728
1128729
1128730
1128731
1128732
1128733
1128734
1128735
1128736
1128737
1128738
1128739
1128740
1128975
1129353
1129736
1129737
1129738
1130059
1130060
1130706
1130707
1130708
1130709
1130710
1130711
1131249
1131568
1131841
1131842
1131843
1132466
1132697
1132883
1132884
1132885
1132886
1132887
1132888
1132889
1132890
1132891
1132892
1132893
1132894
1132895
1132896
1132905
1132906
1132907
1132908
1133351
1133376
1133377
1133378
1133379
1133380
1133381
1133382
1133383
1133384
1133385
1133386
1133387
1133388
1133389
1133390
1133391
1133392
1133393
1133394
1133395
1133396
1133397
1133398
1133399
1133400
1133401
1133402
1133403
1133404
1133405
1133406
1133407
1133408
1133977
1133978
1134577
1134578
1135949
1136286
1136745
1136765
1136874
1136875
1136876
1136950
1140118
1140119
1141521
1141522
1141523
1141524
1142142
1142152
1142153
1145073
1147118
1147124
1147125
1147715
1147716
1148056
1150115
1150116
1150128
1150471
1151784
1151785
1151786
1151787
1151788
1154701
1154702
1154703
1154704
1154705
1154706
1154707
1155008
1155009
1155072
1155085
1156080
1156081
1156082
1156083
1156483
1156484
1156763
1157497
1157499
1157690
1158038
1158679
1162067
1162068
1162069
1162228
1163365
1163660
1163665
1165386
1165843
1165853
1165863
1165864
1165865
1165866
1166467
1166509
1166513
1166514
1166515
1166516
1166517
1166518
1166519
1166520
1166521
1167201
1167202
1167438
1167439
1167440
1167441
1167618
1170225
1170226
1170624
1170625
1170626
1170627
1170628
1170629
1170630
1170631
1170705
1175531
1175532
1175533
1175534
1175535
1175536
1175537
1175996
1176378
1176379
1176380
1176401
1176402
1176403
1176768
1176769
1176770
1176771
1177634
1177635
1177636
1177637
1177754
1179781
1179823
1179824
1182032
1182033
1182034
1182035
1182036
1182037
1182038
1182039
1182040
1182041
1182042
1182043
1182044
1182045
1183088
1183089
1183090
1183091
1183092
1183093
1183094
1183095
1184578
1185466
1190419
1193086
1193153
1193154
1193155
1193156
1193157
1193158
1193159
1193160
1193161
1193162
1193163
1193164
1193165
1193166
1193167
1193168
1193169
1193170
1193171
1193172
1193173
1193174
1193175
1193176
1193177
1193178
1193179
1193180
1194215
1194216
1194217
1194218
1194219
1194220
1194221
1195238
1195239
1195240
1195241
1195379
1196021
1196025
1196217
1197455
1197975
1198185
1198186
1198187
1198188
1198189
1198190
1198998
1198999
1199000
1200332
1200358
1200359
1200360
1200361
1200802
1200803
1200950
1200951
1200952
1201162
1201163
1201164
1201165
1201166
1201167
1201315
1203006
1203007
1203008
1203009
1203010
1203011
1203012
1203013
1203014
1203015
1203016
1203536
1203538
1206907
1206908
1206909
1206910
1209398
1209494
1209495
1209496
1209497
1209498
1209499
1209500
1209501
1209502
1209503
1209504
1209505
1209506
1209507
1209508
1209509
1209510
1209511
1209512
1209513
1209514
1209515
1209516
1211107
1211108
1212767
1212768
1212769
1212770
1213424
1215119
1215120
1215121
1215122
1215123
1215124
1215326
1215327
1216919
1219415
1219472
1219473
1219474
1219763
1219764
1219765
1219766
1219767
1219768
1219860
1223316
1225555
1226528
1226529
1226530
1227932
1227933
1227934
1227935
1229079
1229080
1229081
1229082
1229083
1229084
1229160
1229267
1230377
1230378
1230379
1230380
1230381
1230382
1231017
1232895
1233321
1233322
1233323
1233385
1233386
1233387
1233388
1233389
1233390
1233391
1233392
1233393
1233394
1233395
1233396
1233420
1234703
1234704
1234867
1234868
1235437
1235439
1235669
1235826
1235838
1235839
1236202
1237733
1237876
1237877
1237878
1237879
1237880
1237881
1237882
1237883
1237884
1237885
1237886
1237887
1237888
1238453
1238454
1238568
1238569
1238570
1238571
1238572
1238575
1240798
1240799
1240800
1240801
1240802
1240803
1240804
1242764
1242790
1242791
1242792
1242832
1242980
1242981
1243159
1243160
1243161
1243162
1243163
1243164
1243165
1243166
1243167
1243168
1243169
1243170
1243171
1243172
1243173
1243174
1243990
1245208
1245209
1246479
1246486
1246683
1246684
1246685
1246686
1246687
1246688
1246689
1246690
1246691
1246692
1246693
1246694
1246695
1246696
1246697
1246698
1246699
1246700
1246701
1246702
1246703
1246704
1246705
1246706
1246707
1246708
1246709
1246710
1246711
1246712
1246713
1246714
1246715
1246716
1246717
1246718
1246719
1246720
1246721
1246722
1246723
1246724
1246725
1246726
1246727
1246728
1246729
1246730
1246731
1246732
1246733
1246734
1246735
1246736
1246737
1246738
1246739
1246740
1246741
1246742
1246743
1246744
1246745
1246746
1246747
1246748
1246749
1246750
1246751
1246752
1246753
1246754
1246755
1246756
1246757
1246758
1246759
1246760
1246761
1246762
1246763
1246764
1246765
1246766
1246767
1246768
1246769
1246770
1246771
1246772
1247112
1247385
1247386
1248023
1249018
1249019
1249020
1249021
1249022
1255977
1255978
1255979
1255980
1255981
1255982
1255983
1255984
1255985
1256640
1256670
1259832
1260097
1260098
1260099
1261646
1261647
1261648
1261649
1261650
1261651
1261652
1261653
1261654
1261655
1261656
1263457
1263458
1263459
1263939
1264584
1264585
1264586
1265608
1265800
1267391
1269196
1269197
1269198
1269199
1273179
1274316
1276081
1276082
1276083
1276085
1276086
1276087
1276088
1276265
1276267
1276268
1276269
1276270
1276271
1276272
1276273
1280312
1280924
1282795
1282796
1282991
1283726
1283727
1283728
1283729
1283730
1283731
1283732
1283733
1283734
1284367
1284599
1284600
1284601
1284602
1284603
1284604
1284605
1284606
1284607
1285902
1285903
1286611
1286971
1286972
1286973
1286974
1287793
1287794
1288312
1288425
1288426
1288427
1289604
1289963
1291080
1291081
1291489
1291490
1291659
1291660
1291661
1292100
1292101
1294005
1294006
1294007
1294008
1294189
1294190
1295330
1296588
1296589
1296590
1298532
1298533
1298535
1298536
1298537
1298538
1298539
1300182
1300183
1300184
1300185
1301034
1301035
1301036
1301282
1302305
1302644
1302645
1302718
1303864
1303865
1303866
1303867
1303868
1303869
1303870
1303871
1303872
1306190
1306191
1306192
1306193
1306194
1306195
1306879
1307126
1307966
1307967
1307968
1307969
1308864
1316017
1316195
1316196
1316197
1316198
1316199
1316200
1316201
1316202
1316203
1316204
1316205
1316206
1316207
1316208
1316209
1316210
1316211
1316212
1317683
1323369
1323710
1323711
1323712
1323713
1324567
1324568
1324569
1324570
1325480
1325481
1325482
1325483
1325484
1328813
1328814
1328815
1329413
1330432
1330433
1330434
1330435
1330436
1330437
1330438
1330439
1330440
1331594
1331595
1331596
1331597
1331598
1331599
1331600
1331601
1331851
1331852
1332674
1332675
1332828
1332829
1332830
1333695
1333769
1333770
1333771
1333772
1333773
1333774
1334101
1334102
1334103
1334104
1334105
1334235
1334236
1334237
1335744
1337424
1337866
1337867
1337868
1337869
1337870
1340178
1340179
1340180
1340181
1340182
1340183
1340184
1340185
1340186
1340187
1340188
1340189
1341207
1341875
1343677
1343678
1343679
1343866
1344356
1344357
1344358
1344359
1346718
1346719
1346720
1346721
1346745
1346746
1346747
1346748
1346749
1346750
1346751
1346752
1346753
1346754
1349332
1349333
1349334
1349684
1349685
1350294
1350295
1350484
1350485
1350486
1352335
1352336
1352337
1352338
1352339
1352340
1353237
1354534
1354535
1354536
1355155
1355156
1356409
1356410
1356411
1356412
1356413
1356414
1356415
1356416
1356417
1356418
1356419
1356420
1356421
1356422
1356423
1356424
1356425
1356426
1356427
1356428
1356429
1356430
1356431
1356432
1356433
1356434
1356435
1356436
1356437
1356438
1356439
1356440
1356441
1356442
1356443
1356444
1356445
1356446
1358116
1358117
1358118
1358768
1365167
1366852
1366853
1366854
1366855
1366856
1366857
1366858
1366859
1366860
1366861
1366862
1366864
1366865
1366866
1367419
1367420
1367467
1367468
1367469
1367672
1370024
1370025
1378174
1380775
1380776
1380777
1380778
1380779
1380780
1380781
1380782
1380783
1380784
1380785
1380786
1380787
1380987
1380988
1380989
1380990
1380991
1381105
1381106
1381107
1381108
1381391
1381392
1381393
1381394
1384139
1384656
1385595
1385596
1385597
1385598
1385755
1386853
1386857
1386858
1386859
1386860
1386861
1386862
1386863
1386864
1386865
1386866
1386867
1386868
1386869
1386870
1386871
1386872
1386873
1386874
1386875
1386876
1386877
1386878
1386879
1386880
1386881
1386882
1386883
1386884
1386885
1386886
1386954
1386955
1386956
1386957
1386958
1386959
1386960
1386961
1386962
1386963
1386964
1387371
1387372
1387373
1387570
1389449
1389800
1389801
1390638
1391021
1391022
1391023
1391024
1391434
1391435
1391436
1391437
1391438
1391439
1391440
1391441
1391442
1391443
1392254
1392513
1394910
1394911
1395174
1395175
1399550
1400006
1400555
1400556
1400557
1400772
1400773
1400774
1400775
1400776
1400777
1400778
1400779
1400780
1400781
1400782
1400783
1400784
1400785
1400786
1400858
1400972
1401519
1401667
1403153
1403154
1403155
1403156
1403157
1403158
1403159
1403391
1403392
1403393
1403394
1403395
1403396
1403397
1403398
1403399
1403400
1403401
1403402
1403744
1403745
1403746
1403747
1403748
1403749
1403809
1403810
1406233
1406234
1406235
1406236
1406237
1406238
1406239
1406240
1406420
1406421
1406422
1406423
1406424
1406425
1406426
1406427
1407133
1407135
1407241
1408814
1408815
1408816
1411083
1411100
1411989
1412973
1412974
1412975
1412976
1412977
1412978
1412979
1412980
1412981
1412982
1412983
1413227
1413228
1413229
1413230
1413231
1413232
1413233
1414449
1414451
1414452
1414453
1414454
1414455
1414456
1414457
1414458
1414459
1414460
1415790
1415791
1417959
1417960
1419727
1419743
1419744
1419745
1420845
1420846
1420979
1423649
1424470
1424471
1424472
1424473
1424474
1424475
1424476
1424477
1424478
1424479
1424480
1424481
1424482
1424483
1424484
1424654
1424655
1424656
1424657
1425343
1427725
1427726
1427727
1429095
1429096
1429999
1430310
1430311
1431222
1431310
1431311
1431312
1431313
1431314
1431315
1431316
1431317
1431320
1432495
1432496
1432850
1433132
1435192
1435199
1435202
1435203
1435263
1436143
1436817
1437011
1437013
1439520
1439649
1439650
1439651
1439652
1439653
1439654
1439655
1439656
1439657
1439658
1439659
1439660
1439661
1439662
1439663
1439664
1439665
1439666
1439667
1439668
1439669
1439670
1439671
1439672
1439673
1439674
1439675
1439676
1439677
1439678
1439679
1439680
1439681
1439682
1439683
1439684
1439685
1439686
1439687
1439688
1439689
1439690
1439691
1439692
1439693
1439694
1439695
1439696
1439697
1439698
1439699
1439700
1439701
1439702
1439703
1439704
1440039
1440040
1440041
1440148
1441630
1441631
1441632
1442169
1443906
1443907
1443908
1444980
1444981
1445503
1446998
1446999
1447884
1447885
1447886
1447887
1447888
1448878
1449019
1449686
1449687
1449688
1449689
1449690
1449691
1449692
1449693
1449694
1449695
1449696
1449697
1449698
1449699
1449700
1449701
1449702
1449703
1449704
1449705
1450695
1451150
1451181
1451182
1452358
1452359
1452360
1452361
1452362
1453102
1454196
1454197
1454198
1454199
1454265
1454393
1454394
1454395
1454396
1454397
1454398
1454399
1454400
1454401
1454402
1454403
1454554
1454555
1454556
1454557
1454558
1458240
1458412
1458520
1458521
1459642
1459643
1459644
1459645
1459646
1459647
1459648
1459649
1459650
1459651
1459652
1459653
1459654
1459655
1459656
1459657
1459658
1459659
1459660
1459661
1459662
1459663
1459664
1459665
1461012
1461033
1461034
1461035
1461706
1461707
1461708
1461709
1461710
1461711
1461712
1461713
1463588
1464156
1468452
1468453
1469138
1469139
1469140
1469141
1469142
1469911
1470146
1470565
1470566
1471065
1471066
1471067
1473575
1473576
1473577
1476489
1476490
1476491
1476492
1476493
1476494
1476495
1476496
1476497
1479042
1479043
1479044
1480040
1480041
1480042
1480043
1480044
1480045
1480046
1480047
1480048
1480049
1480050
1480051
1480052
1480053
1480568
1481780
1482868
1483520
1483521
1483522
1483523
1484634
1485959
1488197
1488212
1488213
1488499
1490456
1490457
1490502
1492107
1492741
1494013
1494598
1494599
1494600
1494601
1495072
1495073
1495074
1495075
1495076
1495077
1495078
1495079
1495080
1495199
1495252
1496077
1496939
1497425
1497521
1497637
1497751
1499640
1499641
1499642
1501982
1501983
1502284
1504875
1504876
1504877
1504878
1504879
1504880
1504881
1505038
1505720
1505721
1505953
1506527
1506528
1506529
1508202
1508203
1508204
1508205
1508206
1508207
1508208
1508209
1508210
1508211
1509197
1509245
1510203
1510416
1511030
1511722
1513179
1513180
1513181
1516111
1516118
1517646
1517696
1518857
1518858
1520529
1520530
1520531
1520532
1520533
1520534
1520535
1520536
1520537
1520538
1520539
1520540
1520541
1520542
1520543
1520544
1520545
1520546
1520547
1520548
1520549
1520550
1520551
1520552
1520553
1520554
1520897
1520898
1520899
1520900
1520901
1521026
1521381
1521382
1521383
1521384
1522258
1522430
1526701
1526702
1526930
1527449
1527450
1527451
1527452
1527453
1527454
1527455
1527456
1527457
1527458
1527691
1529938
1530264
1530265
1530266
1530267
1531859
1531860
1531861
1531862
1531863
1531864
1531865
1531866
1531867
1531868
1531869
1531870
1531871
1531872
1531873
1531874
1531875
1531876
1531877
1531878
1531879
1531880
1531881
1531882
1531883
1531884
1531885
1531886
1531887
1531888
1531889
1531890
1531891
1531892
1531893
1531894
1531895
1531896
1531897
1531898
1531899
1531900
1531901
1531902
1531903
1531904
1531905
1531906
1531907
1531908
1531909
1531910
1531911
1531912
1531913
1531914
1531915
1531916
1531917
1531918
1531919
1531920
1531921
1531922
1531923
1531924
1531925
1531926
1531927
1531928
1531929
1531930
1531931
1531939
1531940
1531941
1531942
1531943
1531944
1531945
1531946
1531947
1531948
1531949
1531950
1531951
1531952
1531953
1531954
1534235
1534236
1534554
1534555
1535211
1535212
1535213
1538089
1538090
1538091
1538092
1538329
1538626
1538627
1539159
1539884
1539885
1540816
1541075
1541076
1541077
1541078
1541884
1543152
1543153
1544017
1544371
1544372
1544373
1544374
1544591
1544592
1544593
1544594
1544595
1544596
1544597
1544598
1544599
1544600
1544601
1544602
1544603
1544604
1544605
1544606
1544607
1544608
1544609
1544610
1545806
1545807
1545808
1545814
1545815
1545816
1545817
1545854
1545855
1545856
1545857
1546260
1547346
1547497
1548275
1548276
1548277
1548278
1548279
1548280
1548281
1548282
1548283
1548284
1548285
1548286
1548287
1548288
1548289
1548688
1548689
1548690
1548691
1548692
1549205
1549206
1549207
1549208
1549209
1549210
1549211
1549212
1549213
1549214
1549502
1549503
1549504
1549505
1550567
1550568
1550569
1550570
1550571
1550572
1550573
1550574
1550575
1550576
1551384
1551480
1551481
1551482
1551483
1551484
1551485
1551486
1551487
1552162
1552163
1552164
1552217
1559749
1559900
1559901
1559902
1559903
1559904
1559905
1559906
1559907
1559908
1559909
1559910
1559911
1559912
1559913
1559914
1559915
1559916
1559917
1559918
1559919
1559920
1559921
1559922
1559923
1559924
1560004
1562260
1562261
1562262
1562263
1562264
1563316
1563404
1563405
1563406
1563407
1563408
1563409
1564289
1565071
1565072
1565073
1565074
1565075
1565076
1565116
1565117
1565118
1565119
1565120
1565121
1565185
1566624
1567151
1569330
1569331
1569332
1569333
1569334
1569335
1569336
1569337
1569338
1569339
1569340
1569341
1569342
1569343
1569344
1569345
1569346
1569347
1569388
1570414
1572327
1572690
1572691
1572692
1572882
1572883
1572884
1572885
1572886
1572887
1572888
1572889
1572890
1572891
1572892
1572893
1573840
1574212
1579847
1579848
1579849
1579850
1579851
1579852
1579853
1579854
1579855
1579856
1579857
1579858
1579859
1579860
1579861
1579862
1579863
1579864
1579865
1579866
1579867
1579868
1579869
1579870
1579871
1579872
1579873
1579874
1579875
1579876
1579877
1579878
1579879
1579880
1579881
1579882
1579883
1579884
1579885
1579886
1579887
1579888
1579889
1579890
1579891
1579892
1579893
1579894
1579895
1579896
1579897
1579898
1579899
1579900
1579901
1579902
1579903
1579904
1579905
1579906
1579907
1579908
1579909
1579910
1579911
1579912
1579913
1579914
1579915
1579916
1579917
1579918
1579919
1579920
1579921
1579922
1579923
1579924
1579925
1579926
1579927
1579928
1579929
1579930
1579931
1579932
1579933
1579934
1579935
1579936
1579937
1579938
1579939
1579940
1579941
1579942
1579943
1579944
1579945
1579946
1579947
1579948
1579949
1579950
1579951
1579952
1579953
1579954
1579955
1579956
1579957
1579958
1579959
1579960
1579961
1579962
1579963
1579964
1579965
1579966
1579967
1579968
1579969
1579970
1581410
1582277
1582453
1582478
1585461
1585548
1585549
1585550
1585551
1585552
1586245
1589841
1589842
1589843
1591410
1591446
1591447
1592726
1593233
1595832
1595833
1595834
1595835
1595836
1595837
1595838
1595839
1595840
1595841
1595842
1595843
1599350
1602135
1602136
1602137
1602138
1602139
1602140
1602141
1602142
1602143
1602144
1602145
1602146
1602147
1602148
1602149
1602994
1602995
1602996
1603882
1603883
1605279
1605280
1605385
1605386
1607993
1608331
1609093
1615495
1615496
1615497
1615498
1615844
1615845
1617784
1617785
1618184
1618186
1618197
1618198
1619206
1619207
1619208
1619209
1619210
1619211
1619212
1619663
1619664
1619665
1619666
1619667
1619668
1619669
1619858
1620278
1620279
1620280
1620281
1620282
1620283
1620284
1620285
1620443
1620444
1620445
1620446
1620447
1620448
1620449
1622173
1622223
1622224
1622225
1622226
1622227
1622243
1622244
1622245
1622246
1622249
1622250
1622251
1622316
1627829
1627830
1628426
1628427
1628428
1628813
1628830
1628831
1629123
1629563
1629564
1629565
1629566
1629567
1629568
1629569
1629570
1629571
1629572
1629573
1629574
1629575
1629576
1629577
1629578
1629579
1629580
1629581
1629582
1629606
1630126
1630159
1630160
1630252
1630253
1630254
1630255
1630256
1630257
1630258
1630259
1630260
1630261
1630262
1630263
1630264
1630265
1630266
1630267
1630268
1630269
1630347
1630348
1630349
1630350
1630351
1630352
1630353
1630354
1630355
1630356
1630357
1630358
1630359
1631297
1631298
1631651
1631652
1631653
1631654
1631655
1631656
1631792
1631793
1631794
1631795
1633527
1633528
1633529
1633530
1633531
1633532
1633533
1633534
1633535
1633624
1633625
1634915
1634916
1636192
1636193
1636194
1636195
1636196
1636197
1636198
1636445
1636537
1636538
1637199
1639100
1639101
1639102
1639103
1639104
1639105
1639106
1640218
1640660
1640683
1641403
1641897
1641942
1641943
1641944
1641945
1641946
1641947
1641948
1641949
1642389
1642390
1642391
1642392
1642501
1642502
1642503
1642504
1642505
1642506
1642507
1642508
1642675
1642676
1642677
1642678
1642679
1642680
1642681
1643432
1643433
1643768
1648233
1648234
1648235
1648236
1648237
1648238
1648239
1648240
1648241
1648242
1648243
1648244
1648245
1648246
1648247
1648248
1648249
1649172
1649173
1649174
1649175
1653440
1654702
1654703
1655160
1655161
1655162
1655351
1655352
1655353
1655354
1655355
1655356
1655357
1655358
1655359
1655360
1655361
1655362
1655363
1655364
1655365
1655366
1655367
1655368
1655369
1655370
1655371
1655372
1655373
1655374
1655375
1655376
1655377
1655378
1655379
1655380
1655381
1655382
1655383
1655384
1655385
1655386
1655387
1655388
1655389
1655390
1655391
1655392
1655393
1655394
1655395
1655396
1655397
1655398
1655399
1655400
1655401
1655402
1655403
1655404
1655405
1655406
1655407
1655408
1655409
1655410
1655411
1655412
1655413
1655414
1655415
1655416
1655417
1655418
1662005
1662156
1662157
1662158
1662159
1662160
1662161
1662162
1662163
1662164
1662165
1662166
1662167
1662168
1662169
1662170
1662171
1662172
1662173
1662174
1662175
1662176
1662177
1662178
1662179
1662180
1662181
1662328
1662868
1662869
1662870
1662871
1662872
1662873
1662874
1662875
1662876
1662877
1662878
1662879
1662880
1662881
1662882
1662883
1662884
1662885
1662886
1662887
1662888
1662889
1662890
1662891
1662892
1662893
1662894
1662895
1662896
1662897
1662898
1662899
1662900
1662901
1662902
1662903
1662904
1662905
1662906
1662907
1662908
1662909
1662910
1662911
1662912
1662913
1662914
1662915
1662916
1662917
1662918
1662919
1662920
1662921
1662922
1662923
1662924
1662925
1662926
1662927
1662928
1662929
1662930
1662931
1662932
1662933
1662934
1662935
1662936
1662937
1662938
1662939
1662940
1662941
1662942
1662943
1662944
1662945
1662946
1662947
1662948
1662949
1662950
1662951
1662952
1662953
1662954
1662955
1662956
1662957
1662958
1662959
1662960
1662961
1662962
1662963
1662964
1662965
1662966
1662967
1662968
1662969
1662970
1662971
1662972
1662973
1662974
1662975
1662976
1662977
1662978
1662979
1662980
1662981
1662982
1662983
1662984
1662985
1662986
1662987
1662988
1662989
1662990
1662991
1662992
1662993
1662994
1662995
1662996
1662997
1662998
1662999
1663000
1663001
1663002
1663003
1663004
1663005
1663006
1663007
1663008
1663009
1663010
1663011
1663012
1663013
1663014
1663166
1670622
1670623
1670624
1670625
1670626
1670627
1670628
1670629
1670968
1672048
1673854
1673855
1673856
1673857
1673858
1673859
1673860
1673861
1673862
1673863
1675614
1675615
1676626
1676627
1676628
1677775
1679948
1679949
1679958
1679959
1679960
1679961
1679962
1679963
1679964
1680895
1680896
1680897
1680898
1680899
1680900
1680901
1680902
1680903
1680904
1680905
1680906
1680907
1681182
1681183
1682106
1682107
1682108
1682180
1682181
1682182
1682183
1682184
1682344
1682345
1682346
1685505
1686065
1686066
1686067
1686068
1686069
1686070
1686098
1686099
1686403
1688604
1688605
1688606
1688607
1688608
1688609
1689988
1689989
1689990
1689991
1689992
1689993
1689994
1689995
1690114
1690115
1690116
1690117
1690118
1690119
1690120
1690121
1690122
1690123
1690124
1690125
1690126
1696537
1696555
1696556
1696557
1696558
1696559
1696560
1696561
1696562
1696563
1696569
1697352
1698430
1698431
1701604
1701605
1701606
1702610
1704089
1706329
1706330
1706331
1706332
1707392
1708074
1708075
1708076
1708077
1711421
1711422
1711423
1711424
1711425
1711426
1716547
1717188
1718782
1719030
1719031
1719032
1719033
1720830
1720831
1720832
1720833
1720834
1720835
1729134
1732402
1734032
1735269
1735609
1735610
1735752
1735956
1738057
1739551
1739641
1739642
1739643
1740125
1740126
1740127
1740128
1740129
1740130
1740131
1740132
1740133
1740134
1740135
1740136
1740137
1740138
1740139
1740675
1740676
1740677
1740678
1744848
1745383
1745991
1745992
1745993
1745994
1747185
1747186
1747187
1747505
1747506
1747829
1747830
1747831
1747832
1747833
1747834
1747835
1747836
1747837
1747838
1747839
1747840
1747841
1747842
1747843
1747844
1747845
1747846
1747847
1747848
1747849
1747850
1747851
1747852
1747853
1747854
1747855
1747856
1747857
1747858
1747859
1747860
1747861
1747862
1747863
1747864
1747865
1747866
1747867
1747868
1747869
1747870
1747871
1747872
1747873
1747874
1747875
1747876
1747877
1747878
1747879
1747880
1747881
1747882
1747883
1747884
1747885
1747886
1747887
1747888
1747889
1747890
1747891
1747892
1747893
1747894
1747895
1747896
1747897
1747898
1747899
1747900
1747901
1748544
1750543
1752034
1752035
1754218
1754219
1754220
1755133
1756418
1756612
1757957
1758149
1758164
1758165
1758166
1758167
1758168
1758540
1758558
1758559
1758742
1758743
1758744
1758745
1758746
1758747
1760863
1760864
1760869
1760870
1763826
1764028
1764029
1764030
1764100
1764112
1765186
1765187
1765188
1766662
1766769
1766770
1766771
1766772
1766773
1766774
1766775
1767045
1767046
1768029
1769048
1769049
1769783
1770530
1770531
1770532
1770533
1770536
1770594
1770595
1774095
1775243
1775545
1775949
1775960
1776435
1776436
1776437
1776438
1776677
1776678
1777191
1777934
1777935
1778192
1778193
1780071
1780072
1780073
1780074
1780075
1780132
1780463
1780464
1780465
1780466
1780472
1780473
1781047
1781625
1783445
1783446
1783447
1783448
1783449
1783450
1783451
1783452
1783453
1783454
1783455
1783456
1783457
1783458
1783459
1783460
1783461
1783462
1783463
1783464
1783465
1783466
1789743
1789744
1789745
1789746
1789747
1790063
1790064
1790065
1790066
1792573
1792574
1792575
1792576
1792577
1792803
1792804
1793143
1795356
1795357
1795358
1795359
1795585
1796098
1796099
1796100
1796101
1796102
1796103
1796104
1796105
1796106
1796108
1796109
1796110
1796111
1796112
1796113
1796114
1796115
1796116
1796117
1796118
1796119
1796120
1796121
1796122
1796123
1796124
1796125
1802952
1802953
1802954
1802982
1803914
1803915
1804152
1805944
1805945
1806462
1807767
1807768
1807883
1811347
1811348
1811349
1811350
1811351
1811352
1811353
1811354
1811355
1811356
1811357
1811358
1811359
1811360
1811361
1811362
1811382
1812834
1812835
1812927
1812928
1812929
1812930
1812984
1812985
1812986
1814154
1814165
1814166
1814167
1814215
1814216
1814217
1814924
1816176
1816177
1816178
1816482
1816697
1816698
1816699
1816700
1816701
1818880
1819253
1821229
1821230
1821231
1821232
1821233
1821234
1822054
1822055
1822056
1822057
1822058
1822059
1822060
1822061
1822062
1824560
1825501
1825502
1825503
1825573
1825574
1825575
1825576
1825577
1825578
1825579
1825580
1825758
1825759
1825760
1825761
1825762
1825763
1825764
1825765
1825766
1827372
1827373
1834225
1834226
1834227
1834228
1834229
1834230
1834231
1834232
1835348
1835349
1835350
1835662
1837086
1840503
1840504
1840722
1841146
1842704
1842705
1842707
1842708
1842709
1842710
1842711
1842712
1842713
1842714
1842715
1842716
1842717
1842718
1842881
1842882
1842883
1842884
1842885
1842886
1842887
1842888
1842889
1842890
1842891
1842892
1842893
1844592
1844593
1844594
1846171
1846172
1846173
1846174
1846175
1846176
1846177
1848934
1849381
1849577
1849578
1849579
1850518
1850519
1850521
1850522
1850523
1850524
1850525
1850557
1850905
1851165
1851816
1853218
1853219
1853254
1853255
1853763
1853764
1853765
1853766
1853767
1853768
1853769
1853770
1853771
1853772
1853773
1853774
1853775
1853776
1853777
1856670
1856671
1856672
1856673
1856674
1856675
1856676
1856677
1856683
1857247
1857248
1857249
1858796
1867894
1868477
1869316
1869317
1869318
1869319
1869320
1869321
1869322
1869323
1869324
1869325
1869326
1869327
1869328
1869329
1869330
1869331
1869332
1869333
1869334
1869335
1869336
1873717
1873718
1879016
1881967
1881968
1881969
1881970
1881971
1881972
1881973
1881974
1881975
1882225
1882226
1882227
1882228
1882229
1882230
1882243
1882322
1882323
1882324
1882402
1882403
1883127
1883128
1883129
1883130
1883149
1883150
1883151
1883152
1883153
1883154
1883155
1883450
1883451
1884490
1884491
1884492
1884493
1884494
1884495
1884496
1884497
1884498
1884499
1884500
1884501
1884502
1884503
1884504
1884505
1884506
1884507
1884508
1884509
1884510
1884511
1884512
1884513
1884514
1884515
1884516
1884517
1884518
1884519
1884520
1884521
1884522
1884523
1884524
1884525
1884526
1884527
1884528
1884529
1884530
1884531
1884532
1884533
1884534
1884535
1884536
1884537
1884538
1884539
1884540
1884541
1884542
1884543
1884544
1884545
1884546
1884547
1884548
1884549
1884550
1884551
1884552
1884553
1884554
1884555
1884556
1884557
1884558
1884559
1884560
1884561
1884562
1884563
1884564
1884565
1884566
1884567
1884568
1884569
1884570
1884571
1884572
1884573
1884574
1884575
1884576
1884577
1884578
1884579
1884580
1884581
1884582
1884583
1884649
1884650
1884651
1884652
1884653
1884654
1884655
1886602
1886603
1886769
1887388
1888170
1889894
1889895
1889896
1889897
1890043
1890044
1890047
1890308
1890309
1890310
1890311
1890312
1890313
1890314
1890315
1890316
1890317
1890318
1890319
1890320
1890321
1890322
1890323
1890324
1890325
1890326
1890327
1890328
1890329
1890330
1890331
1890332
1890401
1890677
1891251
1891372
1891373
1891374
1891375
1891376
1891377
1891378
1891379
1892241
1892242
1892300
1892301
1892346
1892347
1892348
1892595
1892862
1892863
1892866
1895022
1895023
1897402
1897403
1897404
1897405
1897460
1897461
1897462
1898031
1898032
1898098
1898397
1898572
1898573
1898574
1898575
1898576
1898663
1898664
1898665
1898666
1898667
1899313
1899385
1899386
1899387
1899431
1899432
1901984
1901985
1901986
1901987
1903068
1903069
1903070
1903127
1903327
1903328
1903329
1903524
1903527
1903528
1903529
1904004
1904926
1904927
1904928
1904929
1904930
1904931
1904932
1904933
1904934
1904935
1904936
1904937
1904938
1904939
1904940
1904941
1904942
1904943
1906600
1906601
1906602
1906603
1906604
1907830
1907831
1907933
1907934
1907935
1907936
1907937
1907938
1911011
1914286
1914287
1914680
1914681
1914682
1918672
1918673
1918674
1918675
1918676
1918677
1918678
1918679
1918680
1918681
1918733
1918734
1918735
1918736
1918737
1918738
1918739
1918740
1918741
1918742
1918743
1918744
1918745
1918746
1918747
1918748
1918749
1918750
1918751
1918752
1918753
1918754
1918755
1918756
1918757
1918758
1918759
1918760
1918761
1918762
1918763
1918764
1918765
1918766
1918767
1918768
1918769
1918770
1918771
1918772
1918773
1918774
1918775
1918776
1918777
1918778
1918779
1918780
1918781
1918782
1918783
1918784
1918785
1918786
1918787
1918788
1918789
1918790
1918791
1918792
1918793
1918794
1918795
1918796
1918797
1918798
1918799
1918800
1918801
1918802
1918803
1918804
1918805
1918806
1918807
1918808
1918809
1918810
1918811
1918812
1918813
1918814
1918815
1918816
1918817
1918818
1918819
1918820
1918821
1918822
1918823
1918824
1918825
1918826
1918827
1918828
1918829
1918830
1918831
1918832
1918833
1918834
1918835
1919061
1920041
1920042
1920043
1920044
1920045
1920046
1920165
1920287
1920724
1920725
1924252
1924253
1924254
1924255
1924256
1924257
1924258
1924259
1924260
1924261
1924262
1924263
1924264
1924265
1924266
1925249
1925250
1925251
1925252
1926405
1926596
1926597
1926598
1927824
1927825
1927832
1928191
1928651
1928846
1928847
1928848
1928849
1928850
1928851
1928852
1928853
1928854
1928855
1928856
1929409
1929410
1929411
1929412
1929939
1929958
1930210
1930285
1930286
1930287
1930517
1930518
1930519
1930520
1930521
1930524
1930525
1930526
1930831
1930832
1930833
1930834
1930835
1930836
1930837
1930838
1930839
1930840
1930841
1930842
1931145
1931146
1931147
1932031
1932888
1933016
1934308
1935940
1937184
1937185
1937186
1937187
1937188
1937189
1940314
1940341
1940342
1940697
1940698
1940699
1940700
1940702
1940703
1940704
1940841
1941120
1941121
1941511
1941512
1941513
1941514
1941515
1941516
1941517
1941518
1941519
1941520
1941521
1941522
1941523
1941524
1941525
1941526
1941527
1941528
1941529
1941530
1941531
1941532
1941533
1941534
1941535
1941536
1941537
1941538
1941539
1941540
1941541
1941542
1941543
1941544
1941545
1941546
1941547
1941548
1941549
1941550
1941551
1941552
1941553
1941554
1941555
1941556
1941557
1941558
1941559
1941560
1941561
1941562
1941563
1941564
1941565
1941566
1941567
1941568
1941569
1941570
1941571
1941572
1941573
1941574
1941575
1941576
1941577
1941578
1941579
1941580
1941581
1941582
1941583
1941584
1941585
1941586
1941587
1941588
1941589
1941590
1941591
1941592
1941593
1941594
1941595
1941596
1941597
1941598
1941599
1941600
1941601
1941602
1941603
1941604
1941605
1941606
1941607
1941608
1941609
1941610
1941611
1941612
1941613
1941614
1941615
1941616
1941617
1941618
1941619
1941620
1941621
1941622
1941623
1941624
1941625
1941626
1941627
1941628
1941629
1941630
1941631
1941632
1941633
1941634
1941635
1941636
1941637
1941638
1941639
1941640
1941641
1941642
1941643
1941644
1941645
1941646
1941647
1941648
1941649
1941650
1941651
1941652
1941653
1941654
1941655
1941656
1941657
1941658
1941659
1941660
1941661
1941662
1941663
1941664
1941665
1941666
1941667
1941668
1941669
1941670
1941671
1941672
1941673
1941674
1941675
1941676
1941677
1941678
1941679
1941680
1941681
1941682
1941683
1941684
1941685
1941686
1941687
1941688
1941689
1941690
1941691
1941692
1941693
1941694
1941695
1941696
1941697
1941698
1941699
1941700
1941701
1941702
1941703
1941704
1941705
1941706
1941707
1941708
1941709
1941710
1941711
1941712
1941713
1941714
1941715
1941716
1941717
1941718
1941719
1941720
1941721
1941722
1941723
1941724
1941725
1941726
1941727
1941728
1941729
1941730
1941731
1941732
1941733
1941734
1941735
1941736
1941737
1941738
1941739
1941740
1941741
1941742
1941743
1941744
1941745
1941746
1941747
1941748
1941749
1941750
1941751
1941752
1941753
1941754
1941755
1941756
1941757
1941758
1941759
1941760
1941761
1941762
1941763
1941764
1941765
1941766
1941767
1941768
1941769
1941770
1941771
1941772
1941773
1941774
1941775
1941776
1941777
1941778
1941779
1941780
1941781
1941782
1941783
1941784
1941785
1941786
1941787
1941788
1941789
1941790
1941791
1941792
1941793
1941794
1941795
1941796
1941797
1941798
1941799
1941800
1941801
1941802
1941803
1941804
1941805
1941806
1941807
1941808
1941809
1941810
1941811
1941812
1941813
1941814
1941815
1941816
1941817
1941818
1941819
1941820
1941821
1941822
1941823
1941824
1941825
1941826
1941827
1941828
1941829
1941830
1941831
1941832
1941833
1941834
1941835
1941836
1941837
1941838
1941839
1941840
1941841
1941842
1941843
1941844
1941845
1941846
1941847
1941848
1941849
1941850
1941851
1941852
1941853
1941854
1941855
1941856
1941857
1941858
1941859
1941860
1941861
1941862
1941863
1941864
1941865
1941866
1941867
1941868
1941869
1941870
1941871
1941872
1941873
1941874
1941875
1941876
1941877
1941878
1941879
1941880
1941881
1941882
1941883
1941884
1941885
1941886
1941887
1941888
1941889
1941890
1941891
1941892
1941893
1941894
1941895
1941896
1941897
1941898
1941899
1941900
1941901
1941902
1941903
1941904
1941905
1941906
1941907
1941908
1941909
1941910
1941911
1941912
1941913
1941914
1941915
1941916
1941917
1941918
1941919
1941920
1941921
1941922
1941923
1941924
1941925
1941926
1941927
1941928
1941929
1941930
1941931
1941932
1941933
1941934
1941935
1941936
1941937
1941938
1941939
1941940
1941941
1941942
1941943
1941944
1941945
1941946
1941947
1941948
1941949
1941950
1941951
1941952
1941953
1941954
1941955
1941956
1941957
1941958
1941959
1941960
1941961
1941962
1941963
1941964
1941965
1941966
1941967
1941968
1941969
1941970
1941971
1941972
1941973
1941974
1941975
1941976
1941977
1941978
1941979
1941980
1941981
1941982
1941983
1941984
1941985
1941986
1941987
1941988
1941989
1941990
1941991
1941992
1941993
1941994
1941995
1941996
1941997
1941998
1941999
1942000
1942001
1942002
1942003
1942004
1942005
1942006
1942007
1942008
1942009
1942010
1942011
1942012
1942013
1942014
1942015
1942016
1942017
1942018
1942019
1942020
1942021
1942022
1942023
1942024
1942025
1942026
1942027
1942028
1942029
1942030
1942031
1942032
1942033
1942034
1942035
1942036
1942037
1942038
1942039
1942040
1942041
1942042
1942043
1942044
1942045
1942046
1942047
1942048
1942049
1942050
1942051
1942052
1942053
1942054
1942055
1942056
1942057
1942058
1942059
1942060
1942061
1942062
1942063
1942064
1942065
1942066
1942067
1942068
1942069
1942070
1942071
1942072
1942073
1942074
1942075
1942076
1942077
1942078
1942079
1942080
1942081
1942082
1942083
1942084
1942085
1942086
1942087
1942088
1942089
1942090
1942091
1942092
1942093
1942094
1942095
1942096
1942097
1942098
1942099
1942100
1942101
1942102
1942103
1942104
1942105
1942106
1942107
1942108
1942109
1942110
1942111
1942112
1942113
1942114
1942115
1942116
1942117
1942118
1942119
1942120
1942121
1942122
1942123
1942124
1942125
1942126
1942127
1942128
1942129
1942130
1942131
1942132
1942133
1942134
1942135
1942136
1942137
1942138
1942139
1942140
1942141
1942142
1942143
1942144
1942145
1942146
1942147
1942148
1942149
1942150
1942151
1942152
1942153
1942154
1942155
1942156
1942157
1942158
1942159
1942160
1942161
1942162
1942163
1942164
1942165
1942166
1942167
1942168
1942169
1942170
1942171
1942172
1942173
1942174
1942175
1942176
1942177
1942178
1942179
1942180
1942181
1942182
1942183
1942184
1942185
1942186
1942187
1942188
1942189
1942190
1942191
1942192
1942193
1942194
1942195
1942196
1942197
1942198
1942199
1942200
1942201
1942202
1942203
1942204
1942205
1942206
1942207
1942208
1942209
1942210
1942211
1942212
1942213
1942214
1942215
1942216
1942217
1942218
1942219
1942220
1942221
1942222
1942223
1942224
1942225
1942226
1942227
1942228
1942229
1942230
1942231
1942232
1942233
1942234
1942235
1942236
1942237
1942238
1942239
1942240
1942241
1942242
1942243
1942244
1942245
1942246
1942247
1942248
1942249
1942250
1942251
1942252
1942253
1942254
1942255
1942256
1942257
1942258
1942259
1942260
1942261
1942262
1942263
1942264
1942265
1942266
1942267
1942268
1942269
1942270
1942271
1942272
1942273
1942274
1942275
1942276
1942277
1942278
1942279
1942280
1942281
1942282
1942283
1942284
1942285
1942286
1942287
1942288
1942289
1942290
1942291
1942292
1942293
1942294
1942295
1942296
1942297
1942298
1942299
1942300
1942301
1942302
1942303
1942304
1942305
1942306
1942307
1942308
1942309
1942310
1942311
1942312
1942313
1942314
1942315
1942316
1942317
1942318
1942319
1942320
1942321
1942322
1942323
1942324
1942325
1942326
1942327
1942328
1942329
1942330
1942331
1942332
1942333
1942334
1942335
1942336
1942337
1942338
1942339
1942340
1942341
1942342
1942343
1942344
1942345
1942346
1942347
1942348
1942349
1942350
1942351
1942352
1942353
1942354
1942355
1942356
1942357
1942358
1942359
1942360
1942361
1942362
1942363
1942364
1942365
1942366
1942367
1942368
1942369
1942370
1942371
1942372
1942373
1942374
1942375
1942376
1942377
1942378
1942379
1942380
1942381
1942382
1942383
1942384
1942385
1942386
1942387
1942388
1942389
1942390
1942391
1942392
1942393
1942394
1942395
1942396
1942397
1942398
1942399
1942400
1942401
1942402
1942403
1942404
1942405
1942406
1942407
1942408
1942409
1942410
1942411
1942412
1942413
1942414
1942415
1942416
1942417
1942418
1942419
1942420
1942421
1942422
1942423
1942424
1942425
1942426
1942427
1942428
1942429
1942430
1942431
1942432
1942433
1942434
1942435
1942436
1942437
1942438
1942439
1942440
1942441
1942442
1942443
1942444
1942445
1942446
1942447
1942448
1942449
1942450
1942451
1942452
1942453
1942454
1942455
1942456
1942457
1942458
1942459
1942460
1942461
1942462
1942463
1942483
1942484
1942485
1942486
1942487
1942488
1942489
1942490
1942491
1942492
1942493
1942494
1942495
1942496
1942497
1942498
1942499
1942500
1942501
1942502
1942503
1942504
1942505
1942506
1942507
1942508
1942509
1942510
1942511
1942512
1942513
1942514
1942515
1942516
1942517
1942518
1942519
1942520
1942521
1942522
1942523
1942524
1942525
1942526
1942527
1942528
1942529
1942530
1942531
1942532
1942533
1942534
1942535
1942536
1942537
1942538
1942539
1942540
1942541
1942542
1942543
1942544
1942545
1942546
1942547
1942548
1942549
1942550
1942551
1942552
1942553
1942554
1942555
1942556
1942557
1942558
1942559
1942560
1942561
1942562
1942563
1942564
1942565
1942566
1942567
1942568
1942569
1942570
1942571
1942572
1942573
1942574
1942575
1942576
1942577
1942578
1942579
1942580
1942581
1942582
1942583
1942584
1942585
1942586
1942587
1942588
1942589
1942590
1942591
1942592
1942593
1942594
1942595
1942596
1942597
1942598
1942599
1942600
1942601
1942602
1942603
1942604
1942605
1942606
1942607
1942608
1942609
1942610
1942611
1942612
1942613
1942614
1942615
1942616
1942617
1942618
1942619
1942620
1942621
1942622
1942623
1942624
1942625
1942626
1942627
1942628
1942629
1942630
1942631
1942632
1942633
1942634
1942635
1942636
1942637
1942638
1942639
1942640
1942641
1942642
1942643
1942644
1942645
1942646
1942647
1942648
1942649
1942650
1942651
1942652
1942653
1942654
1942655
1942656
1942657
1942658
1942659
1942660
1942661
1942662
1942663
1942664
1942665
1942666
1942667
1942668
1942669
1942670
1942671
1942672
1942673
1942674
1942675
1942676
1942677
1942678
1942679
1942680
1942681
1942682
1942683
1942684
1942685
1942686
1942687
1942688
1942689
1942690
1942691
1942692
1942693
1942694
1942695
1942696
1942697
1942698
1942699
1942700
1942701
1942702
1942703
1942704
1942705
1942706
1942707
1942708
1942709
1942710
1942711
1942712
1942713
1942714
1942715
1942716
1942717
1942718
1942719
1942720
1942721
1942722
1942723
1942724
1942725
1942726
1942727
1942728
1942729
1942730
1942731
1942732
1942733
1942734
1942735
1942736
1942737
1942738
1942739
1942740
1942741
1942742
1942743
1942744
1942745
1942746
1942747
1942748
1942749
1942750
1942751
1942752
1942753
1942754
1942755
1942756
1942757
1942758
1942759
1942760
1942761
1942762
1942763
1942764
1942765
1942766
1942767
1942768
1942769
1942770
1942771
1942772
1942773
1942774
1942775
1942776
1942777
1942778
1942779
1942780
1942781
1942782
1942783
1942784
1942785
1942786
1942787
1942788
1942789
1942790
1942791
1942792
1942793
1942794
1942795
1942796
1942797
1942798
1942799
1942800
1942801
1942802
1942803
1942804
1942805
1942806
1942807
1942808
1942809
1942810
1942811
1942812
1942813
1942814
1942815
1942816
1942817
1942818
1942819
1942820
1942821
1942822
1942823
1942824
1942825
1942826
1942827
1942828
1942829
1942830
1942831
1942832
1942833
1942834
1942835
1942836
1942837
1942838
1942839
1942840
1942841
1942842
1942843
1942844
1942845
1942846
1942847
1942848
1942849
1942850
1942851
1942852
1942853
1942854
1942855
1942856
1942857
1942858
1942859
1942860
1942861
1942862
1942863
1942864
1942865
1942866
1942867
1942868
1942869
1942870
1942871
1942872
1942873
1942874
1942875
1942876
1942877
1942878
1942879
1942880
1942881
1942882
1942883
1942884
1942885
1942886
1942887
1942888
1942889
1942890
1942891
1942892
1942893
1942894
1942895
1942896
1942897
1942898
1942899
1942900
1942901
1942902
1942903
1942904
1942905
1942906
1942907
1942908
1942909
1942910
1942911
1942912
1942913
1942914
1942915
1942916
1942917
1942918
1942919
1942920
1942921
1942922
1942923
1942924
1942925
1942926
1942927
1942928
1942929
1942930
1942931
1942932
1942933
1942934
1942935
1942936
1942937
1942938
1942939
1942940
1942941
1942942
1942943
1942944
1942945
1942946
1942947
1942948
1942949
1942950
1942951
1942952
1942953
1942954
1942955
1942956
1942957
1942958
1942959
1942960
1942961
1942962
1942963
1942964
1942965
1942966
1942967
1942968
1942969
1942970
1942971
1942972
1942973
1942974
1942975
1942976
1942977
1942978
1942979
1942980
1942981
1942982
1942983
1942984
1942985
1942986
1942987
1942988
1942989
1942990
1942991
1942992
1942993
1942994
1942995
1942996
1942997
1942998
1942999
1943000
1943001
1943002
1943003
1943004
1943005
1943006
1943007
1943008
1943009
1943010
1943011
1943012
1943013
1943014
1943015
1943016
1943017
1943018
1943019
1943020
1943021
1943022
1943023
1943024
1943025
1943026
1943027
1943028
1943029
1943030
1943031
1943032
1943033
1943034
1943035
1943036
1943037
1943038
1943039
1943040
1943041
1943042
1943043
1943044
1943045
1943046
1943047
1943048
1943049
1943050
1943051
1943052
1943053
1943054
1943055
1943056
1943057
1943058
1943059
1943060
1943061
1943062
1943063
1943064
1943065
1943066
1943067
1943068
1943069
1943070
1943071
1943072
1943073
1943074
1943075
1943076
1943077
1943078
1943079
1943080
1943081
1943082
1943083
1943084
1943085
1943086
1943087
1943088
1943089
1943090
1943091
1943092
1943093
1943094
1943095
1943096
1943097
1943098
1943099
1943100
1943101
1943102
1943103
1943104
1943105
1943106
1943107
1943108
1943109
1943110
1943111
1943112
1943113
1943114
1943115
1943116
1943117
1943118
1943119
1943120
1943121
1943122
1943123
1943124
1943125
1943126
1943127
1943128
1943129
1943130
1943131
1943132
1943133
1943134
1943135
1943136
1943137
1943138
1943139
1943140
1943141
1943142
1943143
1943144
1943145
1943146
1943147
1943148
1943149
1943150
1943151
1943152
1943153
1943154
1943155
1943156
1943157
1943158
1943159
1943160
1943161
1943162
1943163
1943164
1943165
1943166
1943167
1943168
1943169
1943170
1943171
1943172
1943173
1943174
1943175
1943176
1943177
1943178
1943179
1943180
1943181
1943182
1943183
1943184
1943185
1943186
1943187
1943188
1943189
1943190
1943191
1943192
1943193
1943194
1943195
1943196
1943197
1943198
1943199
1943200
1943201
1943202
1943203
1943204
1943205
1943206
1943207
1943208
1943209
1943210
1943211
1943212
1943213
1943214
1943215
1943216
1943217
1943218
1943219
1943220
1943221
1943222
1943223
1943224
1943225
1943226
1943227
1943228
1943229
1943230
1943231
1943232
1943233
1943234
1943235
1943236
1943237
1943238
1943239
1943240
1943241
1943242
1943243
1943244
1943245
1943246
1943247
1943248
1943249
1943250
1943251
1943252
1943253
1943254
1943255
1943256
1943257
1943258
1943259
1943260
1943261
1943262
1943263
1943264
1943265
1943266
1943267
1943268
1943269
1943270
1943271
1943272
1943273
1943274
1943275
1943276
1943277
1943278
1943279
1943280
1943281
1943282
1943283
1943284
1943285
1943286
1943287
1943288
1943289
1943290
1943291
1943292
1943293
1943294
1943295
1943296
1943297
1943298
1943299
1943300
1943301
1943302
1943303
1943304
1943305
1943306
1943307
1943308
1943309
1943310
1943311
1943312
1943313
1943314
1943315
1943316
1943317
1943318
1943319
1943320
1943321
1943322
1943323
1943324
1943325
1943326
1943327
1943328
1943329
1943330
1943331
1943332
1943333
1943334
1943335
1943336
1943337
1943338
1943339
1943340
1943341
1943342
1943343
1943344
1943345
1943346
1943347
1943348
1943349
1943350
1943351
1943352
1943353
1943354
1943355
1943356
1943357
1943358
1943359
1943360
1943361
1943362
1943363
1943364
1943365
1943366
1943367
1943368
1943369
1943370
1943371
1943372
1943373
1943374
1943375
1943376
1943377
1943378
1943379
1943380
1943381
1943382
1943383
1943384
1943385
1943386
1943387
1943388
1943389
1943390
1943391
1943392
1943393
1943394
1943395
1943396
1943397
1943398
1943399
1943400
1943401
1943402
1943403
1943404
1943405
1943406
1943407
1943408
1943409
1943410
1943411
1943412
1943413
1943414
1943415
1943416
1943417
1943418
1943419
1943420
1943421
1943422
1943423
1943424
1943425
1943426
1943427
1943428
1943429
1943430
1943431
1943432
1943433
1943434
1943435
1943436
1943437
1943438
1943439
1943440
1943441
1943442
1943443
1943444
1943445
1943446
1943447
1943448
1943449
1943450
1943451
1943452
1943453
1943454
1943455
1943456
1943457
1943458
1943459
1943460
1943461
1943462
1943463
1943464
1943465
1943466
1943467
1943468
1943469
1943470
1943471
1943472
1943473
1943474
1943475
1943476
1943477
1943478
1943479
1943480
1943481
1943482
1943483
1943484
1943485
1943486
1943487
1943488
1943489
1943490
1943491
1943492
1943493
1943494
1943495
1943496
1943577
1943578
1944662
1944663
1944664
1944665
1944666
1944667
1944668
1944669
1944670
1944671
1944672
1944673
1944674
1944675
1944676
1944677
1944678
1944679
1944680
1944681
1944682
1944683
1944684
1944685
1944686
1944687
1944688
1944689
1944690
1944691
1944692
1944693
1944694
1944695
1944696
1944697
1944698
1944699
1944700
1944701
1944702
1944703
1944704
1944705
1944706
1944707
1944708
1944709
1944710
1944711
1944712
1944713
1944714
1944715
1944716
1944717
1944718
1944719
1944720
1944721
1944722
1944723
1944724
1944725
1944726
1944727
1944728
1944729
1944730
1944731
1944732
1944733
1944734
1944735
1944736
1944737
1944738
1944739
1944740
1944741
1944742
1944743
1944744
1944745
1944746
1944747
1944748
1944749
1944750
1944751
1944752
1944753
1944754
1944755
1944756
1944757
1944758
1944759
1944760
1944761
1944762
1944763
1944764
1944765
1944766
1944767
1944768
1944769
1944770
1944771
1944772
1944773
1944774
1944775
1944776
1944777
1944778
1944779
1944780
1944781
1944782
1944783
1944784
1944785
1944786
1944787
1944788
1944789
1944790
1944791
1944792
1944793
1944794
1944795
1944796
1944797
1944798
1944799
1944800
1944801
1944802
1944803
1944804
1944805
1944806
1944807
1944808
1944809
1944810
1944811
1944812
1944813
1944814
1944815
1944816
1944817
1944818
1944819
1944820
1944821
1944822
1944823
1944824
1944825
1944826
1944827
1944828
1944829
1944830
1944831
1944832
1944833
1944834
1944835
1944836
1944837
1944838
1944839
1944840
1944841
1944842
1944843
1944844
1944845
1944846
1944847
1944848
1944849
1944850
1944851
1944852
1944853
1944854
1944855
1944856
1944857
1944858
1944859
1944860
1944861
1944862
1944863
1944864
1944865
1944866
1944867
1944868
1944869
1944870
1944871
1944872
1944873
1944874
1944875
1944876
1944877
1944878
1944879
1944880
1944881
1944882
1944883
1944884
1944885
1944886
1944887
1944888
1944889
1944890
1944891
1944892
1944893
1944894
1944895
1944896
1944897
1944898
1944899
1944900
1944901
1944902
1944903
1944904
1944905
1944906
1944907
1944908
1944909
1944910
1944911
1944912
1944913
1944914
1944915
1944916
1944917
1944918
1944919
1944920
1944921
1944922
1944923
1944924
1944925
1944926
1944927
1944928
1944929
1944930
1944931
1944932
1944933
1944934
1944935
1944936
1944937
1944938
1944939
1944940
1944941
1944942
1944943
1944944
1944945
1944946
1944947
1944948
1944949
1944950
1944951
1944952
1944953
1944954
1944955
1944956
1944957
1944958
1944959
1944960
1944961
1944962
1944963
1944964
1944965
1944966
1944967
1944968
1944969
1944970
1944971
1944972
1944973
1944974
1944975
1944976
1944977
1944978
1944979
1944980
1944981
1944982
1944983
1944984
1944985
1944986
1944987
1944988
1944989
1944990
1944991
1944992
1944993
1944994
1944995
1944996
1944997
1944998
1944999
1945000
1945001
1945002
1945003
1945004
1945005
1945006
1945007
1945008
1945009
1945010
1945011
1945012
1945013
1945014
1945015
1945016
1945017
1945018
1945019
1945020
1945021
1945022
1945023
1945024
1945025
1945026
1945027
1945028
1945029
1945030
1945031
1945032
1945033
1945034
1945035
1945036
1945037
1945038
1945039
1945040
1945041
1945042
1945043
1945044
1945045
1945046
1945047
1945048
1945049
1945050
1945051
1945052
1945053
1945054
1945055
1945056
1945057
1945058
1945059
1945060
1945061
1945062
1945063
1945064
1945065
1945066
1945067
1945068
1945069
1945070
1945071
1945072
1945073
1945074
1945075
1945076
1945077
1945078
1945079
1945080
1945081
1945082
1945083
1945084
1945085
1945086
1945087
1945088
1945089
1945090
1945091
1945092
1945093
1945094
1945095
1945096
1945097
1945098
1945099
1945100
1945101
1945102
1945103
1945104
1945105
1945106
1945107
1945108
1945109
1945110
1945111
1945112
1945113
1945114
1945115
1945116
1945117
1945118
1945119
1945120
1945121
1945122
1945123
1945124
1945125
1945126
1945127
1945128
1945129
1945130
1945131
1945132
1945133
1945134
1945135
1945136
1945137
1945138
1945139
1945140
1945141
1945142
1945143
1945144
1945145
1945146
1945147
1945148
1945149
1945150
1945151
1945152
1945153
1945154
1945155
1945156
1945157
1945158
1945159
1945160
1945161
1945162
1945163
1945164
1945165
1945166
1945167
1945168
1945169
1945170
1945171
1945172
1945173
1945174
1945175
1945176
1945177
1945178
1945179
1945180
1945181
1945182
1945183
1945184
1945185
1945186
1945187
1945188
1945189
1945190
1945191
1945192
1945193
1945194
1945195
1945196
1945197
1945198
1945199
1945200
1945201
1945202
1945203
1945204
1945205
1945206
1945207
1945208
1945209
1945210
1945211
1945212
1945213
1945214
1945215
1945216
1945217
1945218
1945219
1945220
1945221
1945222
1945223
1945224
1945225
1945226
1945227
1945228
1945229
1945230
1945231
1945232
1945233
1945234
1945235
1945236
1945237
1945238
1945239
1945240
1945241
1945242
1945243
1945244
1945245
1945246
1945247
1945248
1945249
1945250
1945251
1945252
1945253
1945254
1945255
1945256
1945257
1945258
1945259
1945260
1945261
1945262
1945263
1945264
1945265
1945266
1945267
1945268
1945269
1945270
1945271
1945272
1945273
1945274
1945275
1945276
1945277
1945278
1945279
1945280
1945281
1945282
1945283
1945284
1945285
1945286
1945287
1945288
1945289
1945290
1945291
1945292
1945293
1945294
1945295
1945296
1945297
1945298
1945299
1945300
1945301
1945302
1945303
1945304
1945305
1945306
1945307
1945308
1945309
1945310
1945311
1945312
1945313
1945314
1945315
1945316
1945317
1945318
1945319
1945320
1945321
1945322
1945323
1945324
1945325
1945326
1945327
1945328
1945329
1945330
1945331
1945332
1945333
1945334
1945335
1945336
1945337
1945338
1945339
1945340
1945341
1945342
1945343
1945344
1945345
1945346
1945347
1945348
1945349
1945350
1945351
1945352
1945353
1945354
1945355
1945356
1945357
1945358
1945359
1945360
1945361
1945362
1945363
1945364
1945365
1945366
1945367
1945368
1945369
1945370
1945371
1945372
1945373
1945374
1945375
1945376
1945377
1945378
1945379
1945380
1945381
1945382
1945383
1945384
1945385
1945386
1945387
1945388
1945389
1945390
1945391
1945392
1945393
1945394
1945395
1945396
1945397
1945398
1945399
1945400
1945401
1945402
1945403
1945404
1945405
1945406
1945407
1945408
1945409
1945410
1945411
1945412
1945413
1945414
1945415
1945416
1945417
1945418
1945419
1945420
1945421
1945422
1945423
1945424
1945425
1945426
1945427
1945428
1945429
1945430
1945431
1945432
1945433
1945434
1945435
1945436
1945437
1945438
1945439
1945440
1945441
1945442
1945443
1945444
1945445
1945446
1945447
1945448
1945449
1945450
1945451
1945452
1945453
1945454
1945455
1945456
1945457
1945458
1945459
1945460
1945461
1945462
1945463
1945464
1945465
1945466
1945467
1945468
1945469
1945470
1945471
1945472
1945473
1945474
1945475
1945476
1945477
1945478
1945479
1945480
1945481
1945482
1945483
1945484
1945485
1945486
1945487
1945488
1945489
1945490
1945491
1945492
1945493
1945494
1945495
1945496
1945497
1945498
1945499
1945500
1945501
1945502
1945503
1945504
1945505
1945506
1953769
1954718
1955269
1955270
1955411
1955450
1955480
1955481
1955482
1955483
1955484
1955485
1955677
1955678
1955679
1955680
1955681
1955682
1955683
1957018
1958742
1958936
1958937
1959078
1961142
1961143
1961144
1961793
1962271
1963096
1965236
1965237
1965290
1965291
1966386
1966387
1966393
1966431
1967190
1967191
1967192
1967193
1967194
1967195
1967196
1967197
1967198
1967199
1967200
1967201
1967202
1967203
1967204
1967205
1967206
1967207
1967208
1967209
1967210
1967211
1967212
1967213
1967214
1967215
1967216
1967217
1967218
1967219
1967220
1967221
1967222
1967223
1967224
1967225
1967226
1967227
1967228
1967229
1967230
1967231
1967232
1967233
1967234
1967235
1967236
1967237
1967238
1967239
1967240
1967241
1967242
1967243
1967244
1967245
1967246
1967247
1967248
1967249
1967250
1967251
1967252
1967253
1967254
1967255
1967256
1967257
1967258
1967259
1967260
1967261
1967262
1967263
1967264
1967265
1967266
1967267
1967268
1967269
1967270
1967271
1967272
1967273
1967274
1967275
1967276
1967277
1967278
1967279
1968272
1968273
1968510
1968732
1968733
1968734
1968735
1968736
1968737
1968738
1968739
1968740
1968741
1968742
1968743
1968803
1968804
1968886
1969575
1969589
1969590
1969591
1969592
1969593
1969594
1969796
1969822
1969823
1969824
1972562
1972734
1977027
1977086
1977276
1977329
1977330
1977331
1977332
1977333
1977334
1977335
1977336
1977337
1977338
1977339
1977340
1977341
1977342
1977343
1977344
1977345
1977346
1977347
1977348
1977349
1977350
1977351
1977352
1977353
1977354
1977355
1977356
1977357
1977358
1977359
1977360
1977361
1977362
1977363
1977364
1977365
1977366
1977367
1977368
1977369
1977370
1977371
1977372
1977373
1977374
1977375
1977376
1977377
1977378
1977379
1977380
1978232
1978233
1978234
1978235
1978236
1978304
1978305
1978306
1978307
1978527
1979213
1979214
1979215
1979216
1979217
1979253
1979254
1979255
1979256
1979257
1979258
1979259
1979260
1979261
1979262
1981148
1981154
1982048
1982049
1982050
1982051
1982461
1982462
1982515
1983414
1986172
1986173
1986174
1986175
1986176
1987384
2003189
2003190
2003572
2004484
2005392
2005397
2005398
2005482
2005483
2005670
2005674
2005675
2005676
2005677
2005678
2005679
2005680
2005681
2005743
2008618
2008619
2009236
2011122
2011123
2011124
2014526
2014527
2014870
2014915
2015025
2016223
2016224
2016225
2016226
2016241
2016259
2016260
2016261
2016262
2016263
2016264
2016265
2016266
2016267
2016268
2016269
2016270
2016271
2016272
2016273
2016274
2016275
2016276
2016277
2016278
2016279
2016280
2016281
2016464
2018085
2018086
2018087
2018088
2018089
2018090
2018091
2018092
2018093
2018094
2018095
2018096
2018468
2018469
2018470
2018487
2018488
2018489
2018490
2018491
2018492
2018493
2018494
2018495
2018496
2018497
2018498
2018567
2018568
2018569
2018570
2020282
2020283
2020288
2020289
2020290
2020920
2020921
2020922
2021187
2021188
2021189
2021190
2021191
2021192
2021193
2021194
2021195
2021196
2021202
2021228
2021229
2021230
2021231
2021232
2021820
2022388
2022389
2022390
2022393
2022394
2022454
2022539
2022540
2022541
2022542
2022543
2022544
2023361
2024658
2024665
2024710
2024711
2024712
2025120
2025334
2025335
2025336
2025337
2025731
2025732
2025733
2026119
2026120
2026121
2026679
2026680
2026812
2026813
2029569
2029987
2033003
2033004
2033005
2033006
2033007
2033008
2033009
2033010
2033011
2033012
2033013
2033037
2033038
2033039
2033040
2033402
2033403
2033404
2033668
2033674
2033675
2033676
2033866
2033867
2034834
2035513
2036041
2036042
2036043
2036044
2036769
2036770
2036771
2036772
2036773
2036774
2038652
2039299
2039301
2039454
2040220
2040221
2040222
2040223
2041166
2041179
2041335
2041336
2041343
2042160
2042187
2042188
2042189
2044302
2044303
2044304
2044869
2044870
2044871
2045019
2045051
2045052
2045053
2045054
2045055
2045056
2045057
2045298
2045299
2045309
2045310
2045311
2045312
2045313
2045314
2045315
2045316
2045317
2045318
2045319
2045320
2045321
2045322
2045329
2049006
2049007
2049297
2049404
2049405
2049406
2049407
2049408
2049409
2049410
2049411
2049412
2049413
2049414
2049415
2049416
2049417
2049418
2049419
2049420
2049421
2049422
2049423
2049424
2049425
2049426
2049427
2049508
2049509
2049510
2049511
2049880
2051840
2051841
2051842
2051859
2051860
2051861
2051862
2051863
2051864
2051865
2051866
2051867
2051868
2051869
2051870
2051871
2051872
2051873
2051874
2051875
2051876
2051877
2051878
2051879
2051880
2051881
2051882
2051883
2051884
2052059
2052060
2052061
2052062
2052063
2052064
2052065
2052078
2052079
2052528
2052829
2052984
2053060
2053063
2053064
2054240
2055138
2055139
2056119
2056249
2056250
2056251
2056838
2057152
2058393
2059354
2059355
2059356
2059357
2059358
2059359
2059360
2059361
2059362
2059363
2059364
2059367
2060070
2060959
2065205
2065206
2065207
2066026
2066027
2066508
2066509
2066510
2066511
2067737
2067738
2069616
2069617
2069618
2069619
2069620
2069621
2069622
2069623
2069624
2069625
2069626
2069627
2069628
2069629
2069630
2069631
2070483
2070484
2070485
2070486
2070487
2070488
2070703
2070778
2070779
2070780
2070781
2070797
2070798
2070799
2071317
2071361
2071362
2071363
2071364
2071365
2071366
2071367
2071368
2071369
2071370
2071371
2071372
2071373
2071374
2071375
2071376
2071377
2071378
2071379
2071380
2071381
2072507
2072848
2072968
2072969
2072970
2072971
2073060
2073109
2073110
2073111
2073114
2073150
2073151
2073152
2073153
2073154
2073155
2077117
2077197
2078555
2079049
2079050
2079051
2079052
2079053
2079054
2079055
2079056
2079057
2079058
2079059
2079060
2079061
2079062
2079063
2079064
2079065
2079066
2079067
2079068
2079069
2079070
2079071
2079072
2079073
2079074
2079075
2079076
2079077
2079078
2079079
2079080
2079081
2079082
2079083
2079084
2079085
2079086
2079087
2079088
2079089
2079090
2079091
2079092
2079093
2079185
2079186
2079187
2079188
2079255
2079256
2079766
2080418
2081711
2081712
2081713
2081714
2081715
2081716
2081717
2081718
2081719
2081720
2081721
2081722
2081723
2081724
2081725
2081726
2081727
2081728
2081729
2081730
2081731
2081732
2081733
2081734
2081735
2081736
2081737
2081738
2081739
2081740
2081741
2081742
2081743
2081744
2081745
2081746
2081747
2081748
2081749
2081750
2081751
2081752
2081753
2081754
2081755
2081756
2081757
2081758
2081759
2081760
2081761
2081762
2081763
2081764
2081765
2083487
2086595
2086599
2093648
2093749
2093925
2099696
2100818
2107236
2107237
2107238
2108975
2109668
2109669
2109670
2116677
2126314
2126315
2126316
2126317
2126318
2126324
2126325
2126326
2126327
2126328
2126431
2126432
2126433
2126434
2126435
2127035
2127036
2127037
2127038
2127039
2127040
2136741
2136742
2136743
2136744
2136745
2136746
2136747
2136748
2136749
2136750
2136751
2136752
2136753
2136754
2136755
2136756
2136757
2136758
2136759
2136760
2136761
2136762
2136763
2136764
2136765
2136766
2136767
2136768
2136769
2136770
2136771
2136772
2136773
2136774
2136775
2136776
2136777
2136778
2136779
2136780
2136781
2136782
2136783
2136792
2137814
2137882
2137883
2137884
2137885
2137886
2137887
2137888
2137889
2137890
2137891
2137892
2137893
2137894
2137895
2137896
2137897
2137898
2137899
2137900
2137901
2137902
2137903
2137904
2137905
2137906
2137907
2137908
2137909
2137910
2137911
2137912
2137913
2137914
2137915
2137916
2137917
2137918
2137919
2137920
2137921
2137922
2137923
2137924
2137925
2137926
2137927
2137928
2137929
2137930
2137931
2137932
2137933
2137934
2137935
2137936
2137937
2137938
2137939
2137940
2137941
2137942
2137943
2137944
2137945
2137946
2137947
2137948
2137949
2137950
2137951
2137952
2138102
2138104
2138155
2138156
2138157
2138158
2138159
2138186
2138187
2138188
2138189
2138190
2138191
2138192
2138193
2138194
2138195
2144189
2153313
2153314
2153315
2153316
2153317
2153318
2153319
2153320
2153321
2153322
2153323
2153439
2161633
2161634
2161718
2161719
2161720
2161721
2161722
2161723
2162639
2162640
2162641
2162672
2162673
2162674
2162675
2162676
2162677
2162678
2162679
2162680
2169463
2169464
2169465
2169466
2169467
2169468
2169469
2169470
2169471
2169472
2169473
2171588
2171589
2171590
2171676
2171677
2171685
2171686
2171687
2171688
2171689
2171690
2171691
2171692
2171693
2171694
2171695
2171696
2171697
2171698
2172843
2172844
2172845
2172846
2172847
2172848
2172849
2172850
2172851
2172852
2172853
2172854
2172855
2172856
2172857
2172858
2172859
2172860
2172861
2172862
2172863
2172864
2172865
2172866
2172867
2172868
2172869
2172870
2172871
2172872
2172873
2172874
2172875
2172876
2172877
2172878
2172879
2172880
2172881
2172882
2172883
2172884
2172885
2172935
2172936
2172937
2175325
2175448
2175449
2175450
2175451
2175452
2175453
2175454
2175455
2175456
2175457
2175458
2175459
2175460
2175461
2175462
2175463
2175464
2175465
2175466
2175467
2175468
2175469
2175470
2175471
2175472
2175473
2175474
2175475
2175476
2175477
2175478
2175479
2175480
2175481
2175482
2175483
2175484
2175485
2175486
2175487
2175488
2175489
2175490
2175491
2175492
2175493
2175494
2175495
2175496
2175497
2175498
2175499
2175500
2175501
2175502
2175503
2175504
2175505
2175506
2175507
2175508
2175509
2175510
2175511
2175512
2175513
2175514
2175515
2175516
2175517
2175518
2175519
2175520
2175521
2175522
2175523
2178916
2183638
2184431
2184486
2184487
2185055
2185056
2185057
2185058
2185059
2185060
2185061
2185062
2185063
2200773
2200774
2201068
2201069
2201070
2201071
2201072
2201073
2201074
2201075
2201076
2201077
2201078
2201079
2201080
2201084
2201085
2201086
2201087
2201088
2201089
2201090
2201091
2201092
2201093
2201094
2201264
2201265
2201266
2201267
2201328
2203429
2203430
2203431
2203432
2203433
2203434
2203435
2203436
2203437
2203438
2203786
2204079
2204080
2204081
2204082
2204083
2204084
2204085
2204086
2204087
2204088
2204089
2204090
2204091
2204092
2204093
2211124
2211125
2211126
2211127
2211128
2211129
2211130
2211131
2211132
2212376
2212377
2212378
2212403
2212404
2212405
2212406
2212407
2212408
2212409
2212410
2212411
2212412
2212413
2212414
2212415
2212416
2212417
2212418
2212419
2212420
2212421
2212422
2212423
2212424
2212425
2212426
2212427
2212441
2212442
2212443
2212444
2212445
2212446
2212447
2212448
2212449
2212450
2212643
2212680
2212681
2212682
2212833
2212997
2212998
2212999
2213000
2213001
2213088
2218539
2218540
2218541
2218542
2218543
2218544
2218545
2218546
2218547
2218548
2218549
2218550
2218551
2218552
2218553
2218554
2218555
2218556
2218557
2218558
2218559
2218560
2218561
2218562
2218563
2218564
2218565
2218566
2218567
2218568
2218569
2218570
2218571
2218572
2218573
2218574
2218575
2218576
2218577
2218578
2218579
2218580
2218581
2218582
2218583
2218584
2219064
2219065
2219066
2219067
2219068
2219069
2219070
2219071
2219072
2219073
2219074
2219075
2219076
2219077
2219078
2219079
2219080
2219081
2219082
2219083
2219084
2219085
2219086
2219087
2219088
2231454
2231455
2231585
2231586
2231587
2231588
2231589
2231719
2248355
2248767
2248768
2249735
2249736
2250208
2250235
2250236
2250237
2250245
2250246
2250247
2250248
2250249
2250250
2250251
2259086
2259398
2259617
2267242
2267684
2267685
2267868
2268079
2268091
2268092
2268093
2268094
2268095
2268096
2268097
2268098
2268099
2268100
2268101
2268102
2268103
2268104
2268105
2268106
2268473
2268474
2268475
2268476
2268477
2268478
2268479
2268480
2268481
2268482
2268483
2268484
2268485
2268486
2268487
2268488
2268489
2268490
2268491
2268492
2268493
2268494
2268495
2268496
2268497
2268498
2268499
2268500
2268501
2268502
2268503
2268504
2268505
2268506
2268507
2268508
2268509
2268510
2268511
2268512
2268513
2268514
2268515
2268516
2268517
2268518
2268519
2268520
2268521
2268522
2268523
2268524
2268525
2268526
2268527
2268528
2268529
2268530
2268531
2268532
2268533
2268534
2268535
2268536
2268537
2268538
2268539
2268540
2268541
2268542
2268543
2268544
2268545
2268546
2268547
2268548
2268549
2268550
2268551
2268552
2268553
2268554
2268555
2268895
2282340
2282341
2282450
2282451
2282452
2282453
2282454
2282455
2282456
2282457
2282458
2282459
2282460
2282461
2282650
2282826
2282827
2282828
2282829
2282830
2282831
2282832
2282833
2282834
2282835
2282836
2282837
2282838
2282839
2282840
2282841
2283382
2283619
2290874
2292409
2292410
2292411
2292412
2292413
2292414
2292415
2292416
2292417
2292418
2293429
2293731
2293732
2293865
2293866
2293867
2293868
2293869
2293870
2293871
2293875
2293876
2294110
2294146
2294147
2301139
2301140
2301141
2301142
2301143
2301144
2301145
2301146
2301147
2301148
2301149
2301150
2301151
2301152
2301153
2301154
2301155
2301156
2301157
2301158
2301159
2301160
2301161
2301162
2301163
2301164
2301165
2301166
2301167
2301168
2301169
2301170
2301171
2301172
2301173
2301174
2301175
2301176
2301177
2301178
2301179
2301180
2301181
2301182
2301183
2301184
2301185
2301186
2301187
2301188
2301189
2301190
2301261
2301262
2301586
2302378
2302863
2302864
2302865
2302866
2303764
2303765
2303766
2303767
2303768
2303769
2303770
2303771
2303772
2303773
2305238
2305239
2306014
2306015
2306287
2306288
2306289
2306637
2307135
2307136
2307137
2315428
2315429
2315794
2315795
2315980
2316641
2320917
2320918
2320919
2320920
2320921
2320922
2320923
2320924
2320925
2320926
2320927
2320928
2320929
2320930
2321374
2338060
2338061
2338062
2338063
2338064
2338065
2338066
2338067
2338068
2339193
2339194
2339195
2339196
2339197
2339198
2339199
2339200
2339201
2339202
2339203
2339204
2339205
2340729
2340730
2340731
2340732
2340733
2340734
2340735
2340736
2340737
2340738
2340739
2340740
2340741
2340742
2340743
2340744
2340745
2340746
2340747
2340748
2340749
2340750
2340751
2340752
2340753
2340754
2340755
2340756
2340757
2340758
2340759
2340773
2340774
2340775
2340776
2340777
2340778
2340779
2340780
2340905
2340906
2340907
2340942
2340943
2340944
2340945
2340946
2364170
2364171
2364172
2364173
2364643
2364883
2364884
2364885
2364886
2364887
2364888
2364889
2364890
2364891
2364892
2364893
2364894
2364895
2364896
2382093
2419935
2419936
2419937
2421267
2421268
2421269
2421270
2421271
2421272
2447764
2447765
2448893
2448894
2461524
2461525
2461526
2461527
2461528
2461529
2461530
2461531
2461532
2461533
2461534
2461535
2461536
2461537
2461538
2461539
2461540
2461541
2461542
2461543
2461544
2461545
2461546
2461547
2461548
2461549
2461554
2479320
2479709
2479710
2479711
2479712
2479713
2479714
2479715
2479716
2479717
2479718
2479719
2479720
2479721
2479722
2479723
2479724
2479725
2479726
2479727
2479728
2479729
2479730
2479731
2479732
2479733
2479734
2479735
2479736
2479737
2479738
2479739
2479740
2479741
2479742
2479743
2479744
2479745
2479746
2479747
2479748
2479749
2479750
2479751
2479752
2479753
2479754
2479755
2479756
2479757
2479758
2479759
2479760
2479761
2479762
2479763
2479764
2479766
2479792
2479793
2480666
2480667
2480754
2482682
2482683
2482684
2482685
2482686
2482687
2482688
2482689
2482690
2482691
2482692
2482693
2482694
2482695
2482696
2482697
2482698
2482699
2482700
2482701
2482702
2482703
2482704
2482705
2482706
2482707
2482708
2482709
2482710
2482711
2482712
2482713
2482959
2482960
2482961
2483600
2483601
2484859
2484861
2484869
2484870
2484871
2484872
2484873
2484874
2484875
2484876
2484877
2484878
2484879
2484880
2484881
2484882
2484883
2484884
2484885
2484886
2484887
2484888
2484889
2484890
2484891
2484892
2484893
2484894
2484895
2484896
2484897
2484898
2484899
2485076
2485077
2485078
2485480
2485481
2485482
2485483
2485781
2485782
2485970
2485971
2486971
2486972
2486980
2487898
2487899
2487900
2487901
2487902
2487903
2488303
2488304
2488305
2489338
2491117
2491118
2491119
2491120
2491121
2491122
2491123
2491124
2491125
2491126
2491127
2491128
2491129
2491130
2491131
2491132
2491133
2491134
2491648
2491649
2491650
2491651
2491652
2492469
2492949
2492950
2492951
2492952
2492953
2492954
2492955
2492957
2492959
2493113
2493852
2493853
2493854
2493855
2493856
2494239
2494240
2494241
2494242
2494243
2494244
2494245
2494246
2494247
2496097
2496098
2496109
2496523
2497680
2502820
2502844
2502845
2502846
2502847
2502848
2502849
2502850
2502851
2502852
2502853
2502854
2502855
2502856
2502857
2502858
2502859
2502860
2502861
2502862
2502863
2502864
2502865
2502866
2502867
2502868
2502869
2502870
2502871
2502872
2502873
2502874
2502875
2502876
2502877
2502878
2502879
2502880
2502881
2502882
2502883
2502884
2506196
2506197
2506927
2506951
2506952
2507546
2507547
2507548
2507549
2508282
2508736
2508737
2508738
2508739
2508740
2508741
2508742
2508743
2508744
2508745
2508746
2508747
2508748
2508749
2508750
2508751
2508752
2508753
2508754
2508755
2508756
2508757
2508758
2508759
2508760
2508761
2508762
2508763
2508764
2508765
2508766
2508767
2508768
2508769
2508770
2508771
2508772
2508773
2508774
2508784
2509421
2509422
2509423
2509424
2509809
2510005
2510006
2510007
2510008
2510009
2510445
2510446
2510447
2510591
2511168
2511169
2511818
2511839
2512013
2517786
2517898
2517906
2517907
2517908
2518574
2518575
2518576
2518577
2518578
2518579
2518580
2518581
2518582
2518583
2518584
2518585
2518586
2518953
2518957
2518958
2518959
2519485
2527897
2527898
2527899
2527900
2527901
2527902
2527903
2527904
2527905
2527906
2528471
2528472
2529090
2529091
2529092
2529093
2545694
2545695
2545696
2545697
2545698
2545699
2546430
2557861
2557862
2557863
2557864
2557865
2557866
2557867
2557868
2557869
2557870
2557871
2557872
2557873
2557874
2558270
2558271
2558272
2558273
2558274
2558275
2561888
2561889
2561890
2561891
2561892
2561893
2561894
2561895
2562132
2562133
2562397
2562398
2562399
2562400
2562401
2562402
2562403
2562404
2562405
2562406
2562407
2562408
2562409
2562410
2562411
2562412
2562413
2562414
2562415
2562416
2562417
2562418
2562419
2562420
2562421
2562422
2562514
2562526
2563605
2565251
2565252
2565253
2565254
2565255
2565256
2565257
2565361
2565362
2565363
2565364
2565893
2565894
2566017
2566018
2566019
2566020
2566021
2566022
2567841
2569553
2570293
2570681
2570682
2570683
2570684
2570914
2571219
2571223
2571224
2571225
2571226
2571227
2571228
2572652
2572653
2572654
2573023
2573024
2573025
2573026
2573027
2573028
2573029
2573030
2573031
2573032
2573033
2573034
2573035
2573036
2573037
2573038
2573039
2576310
2576311
2576312
2576313
2576385
2576386
2576387
2576388
2576389
2576390
2576391
2576392
2576393
2576394
2576395
2576396
2576397
2576398
2576399
2576400
2576401
2576402
2576403
2576404
2576468
2576896
2576897
2576898
2576899
2576900
2576901
2577057
2577058
2577059
2577060
2577081
2579180
2579181
2579182
2579932
2579933
2579934
2579936
2580236
2580355
2580356
2582415
2586431
2586432
2586633
2586634
2586922
2586923
2587352
2587353
2587354
2587479
2588149
2588150
2588151
2588152
2588305
2588480
2588481
2588483
2588676
2588677
2588678
2588679
2588680
2588681
2588682
2588683
2588684
2588685
2588686
2588687
2588688
2588689
2588690
2589008
2589009
2589010
2590140
2590141
2590202
2590203
2590204
2590205
2590206
2590207
2590208
2590209
2590553
2590554
2590555
2590556
2590557
2590558
2590559
2590560
2590561
2590562
2590563
2590564
2590566
2590567
2591620
2591621
2592094
2592384
2592385
2592386
2592387
2592388
2592389
2592390
2592495
2592496
2592497
2592498
2592499
2592500
2592501
2593093
2593094
2593164
2593165
2593166
2594044
2594045
2594046
2594047
2594048
2594049
2594050
2594051
2594052
2594053
2594054
2594055
2594056
2594057
2594058
2594059
2594060
2594061
2594062
2594063
2594064
2594065
2594066
2594067
2594068
2594069
2594070
2594071
2594072
2594073
2594074
2594075
2594076
2594077
2594078
2594079
2594080
2594081
2594082
2594083
2594178
2594799
2594928
2594929
2594930
2596752
2596753
2596754
2597271
2597272
2597273
2597274
2597275
2597276
2597277
2597278
2597279
2597280
2597281
2597282
2597283
2597284
2597285
2597286
2597287
2597288
2597289
2597290
2597291
2597292
2597293
2597294
2597295
2597296
2597297
2597298
2597299
2597300
2597301
2597302
2597303
2597304
2597305
2597306
2597307
2597308
2597309
2597310
2597311
2597312
2597313
2597314
2597315
2597316
2597317
2597318
2597319
2597320
2597321
2597371
2599139
2599413
2600150
2600151
2600152
2600153
2600154
2600155
2600156
2600157
2600158
2600301
2601262
2601263
2601576
2601577
2601578
2601579
2601580
2601581
2601582
2601583
2601584
2601585
2601586
2601587
2601588
2601589
2601590
2601591
2601592
2601593
2601594
2601595
2601596
2601597
2601598
2601599
2601600
2603624
2603625
2603828
2603833
2603834
2603835
2604603
2604604
2604605
2604606
2604607
2604801
2604802
2604803
2604804
2604805
2604806
2604807
2604808
2604809
2604810
2604811
2604812
2604813
2604814
2604815
2604816
2604817
2604818
2604819
2604820
2604821
2604822
2604823
2604824
2604825
2604826
2604827
2604828
2604829
2604830
2605947
2605948
2605949
2606440
2606441
2606444
2606445
2606915
2606916
2606917
2606918
2606919
2606920
2606921
2606922
2606923
2606924
2606925
2606926
2606927
2606928
2606929
2606930
2606931
2606932
2606933
2607503
2607667
2607741
2607742
2607743
2607744
2607745
2607746
2608004
2608005
2608634
2609793
2609794
2609815
2609816
2609817
2609818
2609819
2609820
2609821
2609822
2609823
2609825
2609826
2609827
2609828
2609829
2609830
2614054
2614055
2614132
2614133
2614134
2614135
2614136
2614137
2614138
2614139
2614140
2614141
2614142
2614143
2614144
2614145
2614146
2614147
2614148
2614149
2614150
2614151
2614152
2614153
2614154
2614155
2614156
2614157
2614572
2650810
2651316
2651317
2651318
2651319
2651320
2651321
2651326
2651327
2651729
2651975
2652256
2652257
2652330
2654422
2654491
2654492
2654493
2654494
2654495
2654840
2654841
2654842
2656743
2656752
2661551
2661552
2662115
2662116
2662117
2662118
2662119
2662120
2662121
2662122
2662123
2662124
2662213
2662214
2662215
2662216
2662217
2662271
2662912
2662913
2662914
2662915
2662916
2662917
2662918
2662919
2662920
2662921
2662922
2662923
2662924
2662925
2662926
2662927
2662928
2662929
2662930
2662931
2662932
2662933
2662934
2662935
2662936
2662937
2662938
2662939
2662940
2662941
2662942
2662943
2662944
2662945
2662946
2662947
2662948
2662949
2662950
2662951
2662952
2662953
2662954
2662955
2662956
2662957
2662958
2662959
2662960
2662961
2662962
2662963
2662964
2662965
2662966
2662967
2662968
2662969
2662970
2662971
2662972
2662973
2662974
2662975
2662976
2662977
2663176
2663177
2663178
2663179
2664557
2664847
2664938
2664943
2664944
2670300
2675108
2675111
2675112
2675113
2675114
2675115
2675116
2675117
2675118
2675119
2675120
2675121
2675122
2675123
2675124
2675125
2675126
2675127
2675128
2675129
2675130
2675131
2675132
2675133
2675134
2675135
2675136
2675137
2675138
2675139
2675140
2675141
2675142
2675143
2675144
2675799
2675800
2675801
2675802
2675803
2675804
2676027
2676028
2676029
2676030
2676031
2676032
2676033
2676034
2676035
2676036
2676037
2676128
2676129
2678240
2681721
2681722
2681723
2681724
2681725
2681726
2681730
2681731
2681732
2681733
2681734
2681735
2681736
2681737
2681738
2681739
2681740
2681741
2681742
2681743
2681744
2681745
2681746
2681748
2681749
2681750
2681751
2681752
2681753
2681754
2681755
2681756
2681757
2681758
2681759
2681760
2681761
2681762
2681763
2682102
2682819
2682820
2682821
2682822
2682823
2682824
2682825
2682826
2682827
2682828
2683228
2683232
2683233
2683691
2683692
2683693
2683694
2683695
2683696
2683697
2683698
2683699
2683700
2683701
2684386
2684387
2684388
2684389
2684390
2684391
2684392
2684393
2684708
2684709
2684710
2684711
2689111
2689443
2695009
2695010
2695011
2695264
2695892
2695893
2697006
2698388
2698389
2698390
2698391
2698392
2698393
2698394
2698395
2698396
2698397
2698398
2698399
2698400
2698401
2698402
2698403
2698404
2698405
2698406
2698668
2699149
2699150
2699435
2699736
2699895
2700028
2703489
2703500
2703501
2703846
2703847
2703848
2703849
2703850
2703851
2703852
2703853
2703854
2703855
2703856
2703857
2703859
2703860
2703861
2703862
2703863
2703864
2704242
2705030
2705222
2705223
2705300
2705301
2707149
2707150
2707151
2707152
2707153
2707154
2707155
2707156
2707157
2707158
2707159
2707160
2707161
2707162
2707163
2707164
2707165
2707166
2707167
2707168
2707528
2707529
2709704
2710540
2710541
2710542
2710543
2710544
2710545
2710546
2710547
2710548
2710549
2710550
2710551
2710552
2710553
2710554
2710555
2710556
2710557
2710558
2710559
2710560
2710561
2710562
2710563
2710564
2710565
2710566
2710567
2710568
2710569
2710570
2710571
2710572
2710573
2710574
2710575
2710576
2710577
2710578
2710579
2710580
2711330
2711331
2711332
2711333
2712181
2712182
2712183
2712896
2712897
2713099
2713175
2713472
2713473
2713474
2713475
2713476
2713477
2713478
2713479
2713480
2713481
2713482
2713483
2713484
2713485
2713486
2713487
2713599
2713600
2713623
2713624
2713625
2713626
2713627
2713628
2717401
2717402
2717859
2718651
2718652
2718653
2718654
2718655
2718656
2718657
2718902
2718903
2718904
2718905
2718906
2719120
2719121
2719122
2719123
2720393
2721174
2721226
2721227
2721228
2721229
2721230
2721231
2723572
2724077
2724324
2724902
2724903
2724904
2724905
2725005
2725089
2725090
2725091
2725092
2725093
2725094
2725095
2725096
2725097
2725098
2725099
2725100
2725101
2725102
2725103
2725104
2725105
2725106
2725316
2725317
2725318
2725319
2725320
2725321
2725322
2725323
2725324
2725547
2725548
2725549
2725919
2725991
2725992
2725993
2726131
2726432
2726732
2726733
2728099
2728100
2729114
2729115
2729176
2729177
2729178
2729179
2729337
2729363
2730469
2730470
2730471
2730472
2730473
2730474
2730475
2730476
2730477
2730478
2731344
2731345
2731346
2731347
2731348
2733385
2733386
2733387
2733388
2733389
2733390
2733391
2733392
2733393
2735146
2735147
2735148
2735149
2735150
2735151
2735152
2735153
2735154
2735155
2735156
2735157
2735158
2735159
2735371
2736247
2736248
2736249
2737033
2737540
2737905
2738137
2738354
2738355
2738471
2738472
2738473
2738474
2738475
2738476
2738477
2738478
2738479
2738480
2738481
2738482
2738483
2738484
2738485
2738486
2738487
2738488
2738489
2738490
2738491
2738492
2738493
2738494
2738495
2738496
2738497
2738498
2738499
2738500
2738501
2738502
2738503
2738504
2738505
2738506
2738507
2738508
2738509
2738510
2738516
2738517
2739520
2739521
2739522
2739523
2739524
2739525
2739526
2739527
2739528
2739529
2739530
2739531
2739532
2739533
2739534
2739535
2739536
2739537
2739538
2739539
2739540
2739541
2739542
2739543
2739544
2739545
2739546
2739547
2739548
2739549
2739550
2739551
2739552
2739553
2739554
2739555
2740392
2740393
2741114
2741115
2741116
2741117
2741118
2741707
2741708
2741709
2741710
2743146
2743321
2743322
2743323
2743324
2743325
2743326
2743749
2743750
2743751
2743752
2743753
2743754
2743755
2743756
2743757
2743758
2743759
2743760
2743761
2743762
2743763
2743764
2743765
2743766
2743767
2743768
2743769
2743770
2744019
2744358
2744475
2744476
2744477
2744478
2745591
2746748
2746749
2746750
2746751
2746752
2746753
2746754
2746755
2746969
2746970
2746971
2746972
2746973
2747873
2747874
2747876
2747877
2747878
2747879
2748649
2750731
2751468
2751469
2751470
2751471
2754839
2754840
2754841
2755042
2755043
2755044
2755045
2755046
2755047
2755048
2755049
2755050
2755114
2755115
2755116
2755117
2758029
2758479
2758746
2758747
2758748
2758749
2758750
2758751
2758752
2758753
2758754
2758755
2758756
2758757
2758758
2758759
2758760
2758761
2758762
2758763
2758764
2758765
2758766
2758767
2758768
2758769
2758770
2758771
2758772
2758773
2758774
2758775
2758776
2758777
2758778
2758779
2758780
2758781
2758782
2758783
2758784
2758785
2758786
2758787
2758788
2758789
2758790
2758791
2758792
2758793
2758794
2758795
2758796
2758797
2758798
2758799
2758800
2758801
2758802
2758803
2758804
2758805
2758806
2758807
2758808
2758809
2758810
2758811
2758812
2758813
2758814
2758815
2758816
2758817
2758818
2758819
2758820
2758821
2758822
2758823
2758824
2758825
2758826
2758827
2758828
2758829
2758830
2758831
2758832
2758833
2758834
2758835
2758836
2758837
2758838
2758839
2758840
2758841
2758842
2758843
2759247
2759248
2759557
2759558
2759564
2759565
2759566
2759567
2759568
2759594
2760381
2760382
2760383
2760742
2761087
2761088
2761089
2761090
2761091
2761092
2761093
2761094
2761095
2761096
2761097
2761098
2761099
2764114
2764128
2764129
2764130
2764131
2764132
2765322
2765323
2765324
2765325
2765326
2765327
2765328
2765329
2766706
2766707
2766708
2766709
2766710
2766948
2767224
2767225
2767226
2767227
2767228
2767255
2767256
2767257
2767379
2767380
2767381
2767382
2767383
2767955
2768169
2768777
2768778
2769497
2769498
2769499
2771095
2771096
2771097
2771098
2771565
2772255
2772256
2774332
2774583
2774584
2774585
2774586
2774587
2774588
2774589
2774590
2774591
2774592
2774593
2774594
2775163
2775164
2775165
2775166
2775452
2775475
2775476
2775477
2775478
2775479
2775480
2775481
2775482
2775483
2775484
2775485
2775486
2775487
2775488
2775489
2775490
2775491
2775492
2775493
2775494
2775905
2775906
2776707
2776711
2776712
2776713
2776714
2777028
2777029
2777030
2777782
2777783
2778083
2778446
2778447
2778448
2778456
2778732
2778733
2778734
2778877
2778912
2779156
2779157
2779207
2779208
2779209
2779210
2779211
2779212
2779213
2779214
2779215
2779216
2779217
2779218
2779219
2779220
2779221
2779222
2779223
2779224
2779225
2779226
2779227
2779228
2779229
2779230
2779231
2779232
2779233
2779234
2779235
2779236
2779237
2779238
2779239
2779240
2779241
2779320
2779321
2779322
2781233
2781234
2781235
2781236
2782031
2782032
2782033
2782034
2782035
2782036
2782037
2782038
2782039
2782040
2782041
2782043
2782044
2782046
2782147
2782148
2782226
2783537
2783612
2784128
2784129
2784137
2784138
2784139
2784140
2784141
2784142
2784143
2784144
2784145
2784146
2784147
2784148
2784149
2784150
2784151
2784152
2784153
2784154
2784157
2784158
2784159
2784162
2784163
2784164
2784165
2784166
2784167
2784168
2784169
2784170
2784171
2784172
2784173
2784174
2784175
2784176
2784177
2784178
2784179
2784180
2784181
2784182
2784183
2784184
2784185
2784186
2784567
2784568
2784569
2784570
2785121
2785122
2787065
2787066
2787067
2787684
2787685
2790332
2790333
2790334
2791158
2792463
2792464
2792502
2792508
2793235
2794195
2794876
2794892
2794893
2794894
2794895
2794896
2794897
2794898
2794899
2794900
2795134
2795135
2795136
2795137
2795138
2795139
2795140
2795141
2795142
2795143
2796148
2796536
2796537
2797839
2797840
2797841
2797842
2797843
2797844
2797845
2797846
2797847
2797848
2797849
2798513
2798587
2798588
2798852
2799590
2800399
2800400
2801999
2803919
2803950
2806337
2806526
2806527
2806528
2806991
2808948
2810072
2810365
2810366
2811403
2811404
2811706
2811707
2811708
2811709
2811710
2813686
2813687
2813688
2813689
2813690
2813691
2813692
2813693
2813694
2813695
2813696
2813697
2813698
2813699
2813700
2813701
2813702
2813703
2813704
2813705
2813706
2813707
2813728
2813729
2813730
2813731
2813732
2813733
2813734
2813735
2813736
2813737
2813738
2813739
2813740
2813741
2813742
2813752
2813753
2813845
2813846
2813847
2813848
2813849
2815357
2816875
2816876
2816877
2816878
2816998
2817087
2817088
2817089
2817565
2817566
2817567
2817568
2817569
2817678
2818162
2818163
2818164
2818165
2818166
2818167
2818168
2818169
2818170
2818171
2818172
2818173
2818174
2818175
2818176
2818177
2818178
2818179
2818180
2818181
2818182
2818183
2818184
2818239
2818240
2818241
2818242
2818243
2818244
2818449
2819194
2819195
2819196
2819197
2819198
2819199
2819200
2819201
2819202
2819203
2820413
2820414
2820415
2820416
2820417
2821270
2823242
2823243
2823244
2823245
2823284
2823285
2823286
2824744
2824745
2826059
2826910
2826911
2826912
2826913
2826914
2826915
2826916
2826917
2826928
2826929
2827094
2827095
2827096
2827097
2827267
2827268
2827269
2827270
2829207
2829208
2829209
2829210
2829211
2829212
2829213
2829214
2829215
2829216
2829217
2829218
2829219
2829220
2829222
2829358
2829523
2829524
2829684
2829685
2829686
2829687
2830883
2830884
2830885
2831638
2831639
2831933
2831934
2833588
2833589
2834092
2834093
2834094
2834095
2834096
2834097
2834098
2834099
2834100
2834101
2834102
2834103
2834104
2834105
2834106
2834107
2834108
2834109
2834110
2835039
2835788
2835789
2837029
2837030
2837031
2837032
2837033
2837034
2837298
2837299
2837300
2837301
2837302
2837303
2837304
2837305
2837306
2837307
2837308
2837309
2837310
2837311
2837312
2837313
2837314
2837315
2837316
2837317
2837318
2837319
2837320
2837321
2837322
2837968
2838020
2838221
2838222
2838223
2838224
2838225
2838226
2838227
2838228
2838229
2838230
2838231
2838232
2838233
2838234
2838235
2838236
2838320
2838321
2838322
2838323
2838324
2838325
2838326
2839007
2839018
2839062
2839063
2839064
2839624
2839625
2839626
2839627
2839628
2839629
2839630
2839631
2839632
2839633
2842053
2842461
2842462
2842463
2842464
2842465
2842466
2842467
2842468
2842469
2842470
2842471
2842472
2842473
2842474
2842475
2842476
2842477
2842478
2842479
2842480
2843268
2845383
2846804
2846968
2846969
2846970
2846971
2846972
2846973
2846974
2846975
2846976
2846977
2846978
2846979
2846980
2846981
2847856
2847857
2848383
2849082
2849083
2849084
2849085
2849086
2849087
2849088
2849089
2849090
2849091
2849688
2849689
2849690
2849691
2849692
2849693
2849694
2849695
2849696
2850319
2850495
2850496
2850497
2850498
2850499
2850500
2850501
2850502
2850503
2850504
2850505
2850506
2852954
2852955
2852956
2852957
2852958
2852959
2852960
2853670
2853671
2853788
2854388
2854804
2855317
2855318
2855488
2856524
2856591
2857062
2857517
2857518
2857679
2857680
2857681
2857682
2857683
2857684
2857685
2857686
2860274
2860304
2860305
2860306
2860307
2860308
2860309
2860934
2860935
2861356
2861357
2861752
2861753
2861754
2861755
2862511
2862512
2862513
2862514
2862865
2863137
2863138
2863139
2866074
2866075
2866076
2866077
2866078
2866079
2866082
2866083
2866084
2866085
2866086
2866087
2866088
2866089
2866090
2866091
2866092
2866093
2866094
2866095
2866096
2866097
2866098
2866099
2866100
2866101
2866102
2866103
2866104
2866105
2866106
2866107
2866108
2866109
2866110
2866111
2866112
2866113
2866114
2866115
2866116
2866117
2866118
2866119
2866120
2866121
2866122
2866123
2866124
2866125
2866126
2866127
2866604
2866605
2866606
2866861
2866862
2866863
2871167
2871168
2871457
2871458
2871459
2871470
2871695
2871806
2872026
2872027
2872028
2872029
2872030
2872031
2872032
2872033
2872308
2873271
2873272
2873273
2873274
2873275
2873276
2873277
2873278
2873279
2873280
2873281
2873282
2873594
2873986
2874165
2874166
2877151
2877152
2877153
2877154
2877155
2877156
2877157
2877158
2877159
2877160
2877161
2877162
2877163
2877164
2877938
2878339
2878340
2878341
2878342
2878343
2878344
2879594
2880259
2881039
2881040
2881041
2881042
2881043
2881044
2881045
2881490
2881491
2883166
2883167
2885347
2886366
2886367
2886368
2886369
2886370
2886371
2886372
2886373
2891162
2891163
2891164
2891573
2891574
2891575
2891576
2891577
2891578
2891579
2891580
2891581
2891582
2891583
2891584
2891585
2893378
2893379
2893380
2893381
2893382
2893383
2893384
2893562
2893563
2893564
2893565
2893566
2893567
2893568
2893569
2893570
2893571
2895558
2896465
2896788
2896789
2896796
2896797
2896798
2896799
2896800
2896801
2896802
2896803
2896804
2896805
2896806
2897157
2897158
2898840
2898841
2898842
2898843
2898844
2898845
2898846
2898847
2898848
2898849
2898850
2898851
2898852
2899222
2899236
2899237
2899238
2899239
2899520
2899521
2899522
2899523
2899524
2900046
2900047
2900154
2900155
2900156
2900157
2900158
2901264
2901274
2902901
2902902
2903130
2904045
2904046
2904047
2904048
2904049
2904050
2904051
2904052
2904053
2904054
2904055
2904056
2904057
2904058
2904059
2904060
2904061
2904062
2904063
2904064
2904065
2904066
2904067
2904068
2904069
2904070
2904071
2904072
2904073
2904434
2904435
2904516
2904788
2905231
2905232
2906781
2906782
2906783
2906784
2906785
2906786
2906787
2906788
2906789
2906792
2907846
2907995
2907996
2908159
2908160
2908161
2908162
2908163
2908164
2908165
2908175
2908176
2908177
2908178
2908179
2908180
2908181
2908182
2908268
2908284
2908520
2908521
2909594
2909595
2909596
2909597
2909598
2909599
2910771
2912737
2912738
2912739
2913626
2913627
2913983
2913984
2913985
2913986
2913987
2913988
2913989
2913990
2913991
2913992
2913993
2914156
2914157
2914158
2916539
2916540
2916907
2918217
2919893
2920395
2920396
2920397
2920398
2920399
2920496
2920497
2920498
2920499
2920948
2920949
2920952
2920953
2920955
2920957
2921092
2921093
2921094
2921095
2921096
2921097
2921098
2921099
2921100
2921101
2921102
2921307
2921806
2921807
2921808
2922310
2922707
2922708
2922709
2922710
2922711
2923256
2923257
2923258
2923259
2923260
2923261
2923262
2923453
2924020
2924021
2924022
2924023
2924024
2924025
2924026
2924027
2924028
2924029
2924030
2924048
2924049
2924864
2925348
2925351
2926374
2926675
2926689
2927024
2927025
2927026
2928025
2928026
2928027
2928028
2928029
2929971
2930964
2930965
2930966
2930967
2931884
2931885
2934188
2934312
2934313
2934343
2934344
2934345
2934346
2934347
2934348
2934349
2934350
2935079
2935080
2935081
2935455
2935456
2935457
2935458
2936630
2936631
2936632
2939097
2939652
2939674
2939675
2939676
2939677
2939678
2939679
2939680
2939681
2939682
2939683
2939684
2939685
2939686
2939687
2939688
2939689
2942335
2942489
2943345
2943346
2943347
2943348
2944738
2944739
2944740
2944741
2944742
2944743
2944744
2944745
2944746
2944747
2944768
2944769
2944910
2944972
2944973
2946075
2952181
2952182
2952183
2952622
2952623
2952772
2952778
2952780
2953916
2953917
2953918
2953919
2953920
2953921
2953922
2953923
2953924
2953925
2953926
2953927
2953928
2953929
2953930
2953931
2953932
2953933
2953934
2954756
2956717
2959626
2961897
2962025
2962565
2962932
2962933
2962934
2963488
2963489
2963490
2963491
2963492
2963493
2963494
2963495
2963496
2963497
2963498
2963499
2963500
2963501
2963502
2963503
2963504
2963505
2963708
2963761
2963961
2963962
2963963
2963964
2963965
2963966
2963967
2963968
2963969
2963970
2965280
2965281
2965282
2966640
2966641
2966642
2966643
2966644
2968832
2968833
2969104
2970143
2970426
2970427
2970428
2970429
2971082
2971083
2971084
2971085
2971086
2971514
2971515
2971516
2971517
2971518
2971519
2971520
2971521
2971522
2971818
2972450
2972451
2972452
2972453
2972454
2973485
2973599
2973600
2973601
2973602
2973603
2973604
2973605
2973606
2973607
2973608
2973609
2973610
2973611
2973612
2973613
2973614
2973615
2973616
2973617
2973618
2973619
2973620
2973621
2973622
2973623
2973624
2973625
2973626
2973627
2973628
2973629
2973630
2973631
2973632
2973633
2973634
2973635
2973636
2973637
2973638
2973639
2973640
2973641
2974041
2974042
2974043
2974044
2974064
2974274
2974275
2974276
2974277
2974278
2974279
2974280
2974281
2974282
2974283
2974284
2974285
2974898
2974899
2975068
2975069
2975070
2975071
2975448
2975449
2976132
2976133
2976477
2976674
2976675
2976698
2976699
2976825
2977077
2977078
2977079
2978066
2978067
2978068
2978069
2978119
2978120
2978288
2978454
2978455
2978456
2979018
2979064
2979065
2979066
2979067
2979131
2979132
2979133
2980185
2981010
2981833
2981907
2982581
2982582
2982583
2982584
2982741
2982906
2982907
2982908
2982909
2982910
2982911
2982912
2983413
2983419
2983524
2983582
2983583
2983584
2983585
2983586
2983587
2983635
2983636
2983637
2983638
2984306
2984307
2984308
2984309
2984310
2984311
2984312
2984313
2984314
2984315
2984316
2984317
2985547
2986067
2986788
2986914
2986915
2986916
2986917
2987534
2987535
2987536
2987537
2987538
2987539
2987540
2987541
2987542
2987543
2987544
2987545
2987546
2987547
2987548
2987549
2987550
2987551
2987552
2987553
2987554
2987555
2987556
2987557
2987558
2987559
2987560
2987561
2987562
2987563
2987564
2987565
2987566
2987567
2987568
2987569
2987570
2987571
2987572
2987573
2987574
2987575
2987576
2987577
2987578
2987579
2987580
2987581
2987582
2987583
2987584
2987585
2987586
2987587
2987588
2987589
2987590
2987591
2987592
2987593
2987691
2987692
2987693
2987694
2987695
2987696
2989082
2989083
2989084
2989085
2989086
2989087
2989088
2989089
2989090
2989091
2989092
2989093
2989094
2989428
2989429
2989430
2989431
2989432
2989433
2989434
2989435
2989436
2990545
2991047
2991978
2991979
2991980
2991981
2991982
2991983
2991984
2991985
2991986
2991987
2991988
2992185
2992794
2992795
2993534
2993546
2993614
2993615
2993616
2995561
2995562
2995563
2995564
2995565
2995566
2995581
2995688
2996037
2996038
2996556
2996557
2996558
2996559
2996560
2996561
2996562
2996563
2996564
2996565
2996566
2996567
2996568
2996569
2996570
2996571
2996572
2996573
2996574
2996575
2996576
2996577
2996578
2996579
2996580
2996581
2996582
2996583
2996584
2996585
2996586
2996587
2996588
2996589
2996590
2996591
2996592
2996593
2996594
2996595
2996596
2996597
2996598
2996599
2996600
2996601
2996602
2996603
2996604
2996605
2996606
2996607
2996608
2996609
2996610
2996611
2996612
2996613
2996614
2996615
2996616
2996617
2996618
2996619
2996620
2996621
2996622
2996623
2996624
2996625
2996626
2996627
2996628
2996629
2996630
2996631
2996632
2996633
2996634
2996635
2996636
2996637
2996638
2996639
2996640
2996641
2996642
2996643
2996644
2996645
2996646
2996647
2996648
2996649
2996650
2996651
2996652
2996653
2996654
2996655
2996656
2996657
2996658
2996659
2996660
2996661
2996662
2996663
2996664
2996665
2996666
2996667
2996668
2996669
2996670
2996671
2996672
2996673
2996674
2996675
2996676
2996677
2996791
2996792
2996906
2998291
2998292
2999024
2999025
2999026
2999027
2999028
2999029
2999030
2999031
2999032
2999033
2999034
2999035
2999036
2999037
2999038
2999039
2999040
2999041
2999042
2999043
2999066
3002665
3002666
3003319
3003320
3003321
3003322
3003323
3003324
3003325
3003326
3003327
3003328
3003329
3003330
3003331
3003332
3003333
3003334
3003335
3003336
3003337
3003338
3003374
3003375
3003445
3003446
3003447
3003448
3003510
3003511
3014051
3014757
3015776
3016014
3016446
3016447
3016787
3016788
3017272
3018745
3018746
3018747
3019076
3019077
3019078
3019079
3019080
3019081
3019082
3019083
3019084
3019835
3020020
3020021
3020486
3020487
3020488
3021690
3021691
3021692
3021693
3021694
3022023
3022024
3022690
3022691
3022699
3022841
3022842
3023055
3023056
3023057
3023058
3023059
3023371
3023405
3023406
3024160
3024161
3024290
3024291
3024292
3024293
3024294
3025030
3025031
3025032
3025196
3025197
3025198
3025199
3025200
3025201
3025202
3025203
3025204
3025729
3025737
3025913
3026435
3026933
3027168
3027169
3027170
3028075
3028076
3028077
3028078
3028079
3028080
3028081
3028458
3029041
3029709
3029725
3029726
3029727
3030563
3030805
3031060
3031061
3031062
3031340
3031341
3032527
3032528
3032529
3032530
3032897
3032898
3032899
3032900
3033947
3033948
3033949
3033950
3033951
3033952
3033953
3033954
3033955
3033956
3033957
3033958
3033959
3033960
3033961
3033962
3033963
3033964
3033965
3033966
3033967
3033968
3034104
3034777
3034778
3034779
3034780
3034781
3034782
3034783
3034784
3034785
3034786
3035219
3035220
3035221
3035222
3035223
3035224
3035608
3036246
3036291
3036292
3036293
3036294
3036295
3036296
3036297
3036298
3036299
3036448
3036449
3036450
3036451
3036478
3036479
3036718
3036719
3036720
3036721
3036722
3036723
3036724
3036725
3036726
3036727
3036728
3037483
3037604
3037605
3037606
3037607
3037608
3037609
3037610
3037611
3037612
3037613
3037614
3037615
3037616
3037617
3037618
3037619
3037620
3037621
3037622
3037623
3037624
3037679
3037727
3037728
3037976
3037977
3038168
3038169
3038200
3038201
3038973
3038974
3039912
3040006
3040024
3040173
3040175
3040177
3040179
3040181
3040183
3040185
3040187
3040189
3040191
3040193
3040195
3040197
3040199
3040261
3040262
3040263
3040510
3040515
3040516
3040527
3040528
3040529
3040530
3040531
3040538
3040539
3040540
3040541
3040542
3040543
3040678
3040686
3040687
3040688
3040689
3040690
3040691
3040911
3040912
3040913
3041088
3041553
3041741
3041742
3041743
3041744
3041745
3041746
3042245
3042515
3043351
3043352
3043353
3043354
3043355
3043356
3043357
3043358
3043359
3043360
3043361
3043362
3043363
3043364
3043365
3043366
3043367
3043368
3043369
3043370
3043771
3044368
3044369
3044370
3044371
3044372
3044373
3044374
3044375
3044376
3044377
3045685
3045686
3045687
3045688
3045896
3045911
3045912
3045913
3045914
3045950
3046276
3046278
3046283
3046297
3046298
3046299
3046300
3047174
3048069
3048070
3048071
3048072
3048073
3048074
3048075
3048076
3048077
3048078
3048079
3048080
3048081
3048082
3048083
3048084
3048085
3048086
3049538
3049539
3049745
3050643
3050644
3050645
3050646
3050647
3050648
3050649
3050650
3050651
3050652
3050969
3050970
3050971
3050972
3050973
3050974
3050975
3050976
3050977
3050978
3050979
3050980
3050981
3050982
3050983
3050984
3050985
3050986
3050987
3050988
3050989
3050990
3050991
3050992
3050993
3050994
3050995
3050996
3050997
3050998
3050999
3051000
3051001
3051002
3051003
3051004
3051005
3051006
3051007
3051008
3053239
3053270
3053274
3053275
3053766
3053906
3053907
3053908
3053909
3054413
3054414
3054941
3055153
3056241
3056242
3056243
3056244
3056245
3056246
3056364
3056412
3056413
3056414
3056415
3056416
3056417
3056418
3056419
3056420
3056421
3056422
3056423
3056424
3056425
3056426
3056427
3056428
3056429
3056430
3056431
3056432
3056433
3056434
3056435
3056436
3056437
3056438
3056439
3056523
3056524
3056525
3056526
3056527
3056528
3056529
3056530
3056531
3056532
3056533
3056534
3056535
3056536
3056537
3056538
3056539
3056540
3056541
3056542
3056543
3056544
3056545
3056546
3056547
3056548
3056549
3056550
3056583
3056584
3056585
3056586
3056587
3056588
3056589
3056590
3056591
3056846
3056847
3056848
3056849
3056850
3056851
3056852
3056853
3056854
3056855
3056856
3056857
3056858
3056859
3056860
3056861
3056862
3056863
3056864
3056865
3056866
3056867
3056868
3056869
3056870
3056871
3056872
3056873
3056874
3056875
3056876
3056877
3056878
3056879
3056880
3056881
3056882
3056883
3056884
3056885
3056886
3056887
3056888
3056889
3056890
3056891
3056892
3056893
3056894
3056895
3056896
3056897
3056898
3056899
3056900
3056901
3056902
3056903
3056904
3056905
3056906
3056907
3056908
3056909
3056910
3056911
3056930
3056931
3056932
3056933
3056934
3056935
3056936
3057701
3057702
3057703
3057704
3057705
3057706
3057707
3057708
3057709
3057710
3057711
3057712
3057713
3057714
3057963
3058171
3058361
3058437
3058478
3058843
3058844
3059682
3059683
3059684
3059685
3059686
3060489
3060761
3060762
3060763
3060764
3060765
3060766
3060767
3061103
3061230
3062610
3062611
3062612
3062613
3062614
3062615
3062750
3062751
3062752
3062753
3062754
3062755
3062756
3062757
3062758
3062759
3062760
3063765
3063816
3063817
3063818
3063819
3063820
3063821
3063822
3064007
3064193
3064289
3064290
3064351
3064352
3064353
3064354
3064355
3064356
3064357
3064358
3064359
3064360
3064361
3064362
3064363
3064364
3064365
3064366
3064367
3064368
3064369
3064370
3064371
3064372
3064539
3064540
3064541
3064800
3064801
3064802
3064803
3064810
3066365
3067293
3067312
3067313
3067314
3068793
3069079
3069080
3069104
3069707
3069973
3069974
3070754
3070755
3070756
3070757
3070758
3070759
3070760
3070846
3070847
3070848
3070849
3070850
3070851
3070852
3070853
3070854
3070855
3070856
3071330
3071544
3071813
3072453
3073330
3073331
3073332
3073333
3073334
3073335
3073336
3074205
3074206
3074210
3074211
3074431
3074918
3075111
3075112
3075113
3075114
3075115
3075116
3075117
3075118
3075119
3075131
3075132
3075133
3075214
3075215
3075216
3075217
3075218
3075421
3075843
3075844
3075846
3076352
3076353
3076354
3076355
3076356
3076383
3076384
3076385
3076386
3076627
3076713
3078161
3078176
3078177
3078178
3078179
3078180
3078181
3078182
3078183
3078184
3078185
3078186
3078187
3078188
3078189
3078451
3078452
3078453
3078454
3078455
3078456
3078457
3079818
3080949
3080950
3080951
3080952
3080953
3080954
3080955
3080956
3081062
3081178
3081179
3081644
3081645
3081646
3081647
3081648
3081649
3081650
3082020
3082021
3082022
3082144
3082217
3082218
3082890
3085179
3085246
3085247
3085248
3085249
3085342
3086066
3086067
3086068
3086069
3086070
3086071
3087180
3090812
3090813
3090814
3092243
3092244
3092245
3092246
3092247
3092248
3092249
3092250
3092251
3092252
3092253
3092254
3092255
3092256
3092257
3092258
3092259
3092260
3092606
3094007
3094008
3094009
3094010
3094011
3094012
3094013
3094014
3094015
3094016
3094017
3094018
3094019
3094020
3094021
3094022
3094023
3094024
3094025
3094026
3094027
3094028
3094029
3094031
3094032
3094033
3094034
3094035
3094036
3094037
3094038
3094039
3094040
3095604
3095605
3095908
3096120
3096121
3096632
3096633
3096634
3096779
3096780
3096781
3098649
3101736
3102992
3102993
3102994
3102995
3102996
3102997
3102998
3102999
3103000
3103001
3103002
3103003
3103010
3103011
3103012
3103013
3103014
3103015
3103016
3103017
3103018
3103019
3103120
3104527
3104528
3104714
3104715
3105844
3105845
3105846
3105847
3105848
3105849
3105850
3105851
3105852
3105853
3105854
3105855
3105856
3105857
3105858
3105859
3105860
3105861
3105862
3105863
3105864
3106219
3106220
3106221
3108001
3108880
3109234
3109282
3109283
3109284
3109285
3109286
3109287
3109582
3109994
3110408
3110409
3111746
3112387
3112388
3112389
3112390
3112391
3113206
3113880
3113902
3114141
3114143
3114145
3114147
3114149
3114151
3114153
3114155
3114157
3114159
3114161
3114163
3114165
3114167
3114169
3114171
3114173
3114175
3114177
3114179
3114181
3114183
3114185
3114187
3114189
3114191
3114193
3114195
3114197
3114199
3114201
3114203
3114205
3114207
3114209
3114211
3114213
3114215
3114217
3114219
3114221
3114223
3114225
3114227
3114229
3114231
3114232
3114908
3114909
3114910
3114911
3114912
3114913
3114914
3114915
3114916
3115053
3115054
3115055
3115056
3115057
3115058
3115059
3115060
3115061
3115062
3115063
3115064
3115065
3115066
3115067
3115068
3115069
3115070
3115071
3115072
3115073
3115074
3115075
3115076
3115077
3115078
3115079
3115080
3115081
3115082
3115083
3115084
3115085
3115086
3115087
3115088
3115089
3115090
3115091
3115092
3115093
3115094
3115095
3115096
3115097
3115098
3115099
3115100
3115101
3115102
3115103
3115104
3115105
3115106
3115107
3115108
3115109
3115110
3115111
3115112
3115113
3115114
3115115
3115116
3115117
3115118
3115119
3115120
3115121
3115122
3115123
3115124
3115351
3115569
3117342
3117393
3117394
3117395
3117662
3117663
3117664
3117665
3117666
3117667
3118754
3118759
3118760
3119040
3119041
3119629
3119630
3119631
3119632
3119633
3119634
3119635
3119636
3119637
3119638
3119639
3119640
3119641
3119642
3119643
3119902
3119981
3120100
3120318
3120319
3120320
3120321
3120842
3120870
3120938
3120939
3121426
3121427
3121428
3121429
3121430
3121431
3121432
3121433
3121434
3121435
3121436
3121437
3121438
3121439
3121440
3121441
3121442
3121443
3121444
3121445
3121446
3121530
3121531
3121532
3122043
3122044
3122045
3122046
3125763
3125764
3125765
3125766
3125767
3125862
3125863
3125864
3125865
3125866
3125867
3125868
3125869
3125870
3125871
3125872
3125873
3125874
3125875
3126661
3127041
3127042
3127043
3127044
3127045
3127046
3127047
3127048
3127049
3127050
3127889
3128048
3128187
3128188
3128189
3128190
3128481
3128482
3128483
3129100
3129117
3129118
3129119
3129120
3129121
3129122
3129123
3129124
3129125
3129126
3129127
3129128
3129129
3129130
3129131
3129132
3129133
3129134
3129135
3129136
3129137
3132752
3132753
3133029
3133113
3133114
3133151
3133181
3133182
3133183
3133184
3133185
3133186
3133187
3133188
3133189
3133190
3133191
3133192
3133193
3133194
3133365
3133375
3133376
3133377
3133378
3133379
3133380
3133381
3133382
3133383
3133384
3133385
3133386
3133387
3133388
3133666
3133692
3133693
3133979
3133980
3133981
3133982
3133983
3133984
3133985
3133986
3133987
3133988
3133989
3133990
3133991
3133992
3133993
3133994
3133995
3133996
3133997
3133998
3133999
3134000
3134001
3134002
3134026
3134027
3134028
3134396
3134739
3134797
3134798
3134799
3134800
3134801
3134802
3134803
3134923
3134924
3134966
3134967
3134968
3135203
3135204
3135317
3135318
3135319
3135320
3135321
3135322
3135323
3135324
3135591
3135594
3136090
3136590
3136591
3136592
3136597
3136598
3137183
3137184
3137185
3137186
3137187
3137188
3137189
3137190
3137191
3137192
3137193
3137200
3137201
3137202
3137203
3137480
3137481
3137482
3137483
3137484
3137485
3137486
3137487
3137488
3137489
3137490
3137491
3137493
3137494
3137495
3138037
3138038
3138039
3138040
3138041
3138042
3138043
3138044
3138045
3138046
3138047
3139005
3139006
3139007
3139008
3139009
3139122
3139123
3139124
3139178
3139369
3139370
3139371
3139372
3139772
3140672
3140794
3140795
3140796
3140797
3140798
3140799
3140800
3140801
3140802
3140803
3140804
3140805
3140806
3140807
3140808
3140809
3140810
3140811
3140812
3140813
3140814
3140815
3140816
3140817
3140818
3140819
3140820
3140821
3140822
3140823
3140824
3140825
3140826
3140827
3140828
3140829
3140830
3140831
3140832
3140833
3140834
3140835
3140836
3140837
3140838
3140839
3140840
3140841
3140842
3140843
3141476
3141502
3141503
3141546
3142263
3142264
3142265
3142266
3142267
3142268
3142269
3142274
3142275
3142276
3142277
3142278
3142279
3142635
3142636
3142662
3143119
3143923
3144084
3144085
3144086
3144087
3144088
3144089
3144090
3144091
3144092
3144093
3144094
3144095
3144096
3144097
3144098
3144099
3144100
3144101
3144455
3144456
3144457
3144459
3144460
3144461
3144462
3144965
3151817
3153333
3153510
3153511
3153521
3153522
3153523
3153524
3153525
3153802
3153803
3153804
3161034
3161127
3161128
3161129
3161130
3161131
3161132
3161133
3161134
3161194
3162674
3162675
3162676
3162677
3162678
3162679
3162680
3162681
3162682
3162683
3163326
3228715
3228716
3228717
3228718
3228719
3228720
3228721
3228722
3228723
3228724
3228725
3228726
3228727
3228728
3228729
3228730
3228731
3228732
3228733
3228734
3228735
3228736
3228737
3228738
3228739
3228740
3228741
3228742
3228743
3228744
3228745
3229078
3229079
3229871
3229872
3229873
3229874
3229875
3229876
3229877
3229878
3229908
3230520
3230521
3231175
3231694
3231695
3231708
3231709
3231786
3231787
3231788
3231789
3231790
3231791
3231792
3231793
3231794
3231795
3231915
3231916
3231917
3231918
3231919
3231920
3231921
3231922
3234135
3234136
3234754
3234810
3234811
3234812
3234813
3234814
3234815
3234816
3234817
3234818
3234877
3234878
3234879
3234880
3235100
3238335
3238635
3241315
3289866
3298603
3298604
3304947
3304948
3318235
3318236
3318237
3342540
3342543
3344820
3345005
3345313
3349478
3349479
3349480
3349481
3349482
3349483
3349484
3349485
3349486
3349487
3349488
3349991
3349992
3349993
3350766
3367310
3367755
3367756
3368512
3368513
3368514
3368515
3368516
3368517
3368518
3368519
3368520
3368521
3368522
3368523
3368524
3368525
3368526
3368527
3368528
3368529
3368530
3368531
3368532
3368533
3368534
3368535
3368536
3368537
3368538
3368539
3368540
3368541
3368542
3368543
3368544
3368545
3368546
3368547
3368548
3368549
3369134
3369595
3370964
3370965
3370966
3370967
3370968
3370969
3370970
3370971
3370972
3370973
3370974
3370975
3370978
3372876
3372877
3372878
3372879
3372880
3372881
3372882
3372883
3372884
3372885
3372886
3373544
3373545
3373546
3373547
3373548
3373549
3375421
3377099
3378238
3378499
3380825
3380826
3380827
3382487
3382488
3382489
3382490
3382491
3382492
3382493
3382494
3382495
3382496
3382497
3382498
3382499
3382500
3382501
3382502
3382503
3382504
3382505
3382506
3382507
3382508
3382509
3382510
3382511
3382512
3382513
3382575
3383471
3384600
3384740
3384741
3384742
3384743
3384991
3384992
3385508
3385509
3385510
3385511
3385512
3385513
3385514
3385515
3388485
3388486
3388487
3388488
3388515
3388516
3388517
3388518
3388519
3388520
3388521
3388522
3388561
3390083
3390491
3390492
3390493
3390494
3390829
3390830
3390831
3390832
3390833
3390834
3390835
3390836
3390837
3391417
3391419
3391420
3393721
3394147
3395392
3395393
3395479
3395501
3396378
3396379
3396380
3396381
3396382
3397489
3397490
3397548
3397549
3397550
3397551
3397552
3397553
3397554
3397555
3397556
3397709
3397769
3398387
3398527
3398577
3398578
3399130
3399131
3399132
3399133
3399583
3400414
3400415
3401922
3402021
3402022
3402023
3402024
3402025
3402026
3402027
3402028
3402029
3402030
3402031
3402032
3402033
3402034
3402035
3402036
3402037
3402038
3402039
3402040
3402041
3402042
3402043
3402044
3402045
3402046
3402047
3402048
3402049
3402050
3402051
3402052
3402053
3402054
3402055
3402056
3402057
3402058
3402059
3402060
3402061
3402062
3402063
3402064
3402065
3402066
3402067
3402068
3402069
3402203
3402218
3402219
3402220
3402221
3402461
3403423
3403554
3403555
3403556
3403557
3403558
3403559
3403560
3404209
3404210
3404211
3404212
3404213
3404920
3405134
3405234
3405439
3405440
3405441
3409702
3409703
3409704
3409705
3409740
3409838
3410056
3410124
3410125
3410126
3410127
3410128
3410129
3411729
3411745
3411748
3411749
3411750
3411756
3411757
3411758
3411759
3411780
3411781
3411848
3412041
3412711
3412712
3413476
3413477
3413478
3413479
3413480
3413672
3413673
3413674
3413675
3413676
3413677
3413678
3413679
3413680
3413915
3413916
3413917
3414991
3415598
3417458
3417459
3421751
3421752
3421753
3421937
3421938
3421939
3422659
3422660
3425667
3435226
3436107
3439764
3439765
3439766
3439767
3439768
3439769
3439770
3439771
3439772
3439773
3445679
3445680
3445681
3445682
3445683
3445684
3445685
3445686
3445687
3445688
3445738
3445739
3445740
3445741
3445742
3445743
3445744
3445745
3445746
3445747
3445748
3445749
3445750
3445751
3445752
3445753
3445754
3446489
3446490
3447894
3448441
3448442
3448611
3449755
3449756
3449757
3449758
3449759
3449760
3451866
3451867
3451868
3451869
3451870
3451871
3452875
3452876
3452877
3452878
3452879
3452880
3454267
3454268
3454269
3454270
3454271
3454272
3454273
3454274
3454275
3454276
3455126
3456021
3458435
3458436
3458437
3459490
3459568
3459569
3462897
3462898
3462899
3462900
3462901
3462902
3462903
3462904
3462905
3463597
3463598
3463599
3463600
3464111
3464302
3464779
3464780
3466466
3466467
3466468
3466469
3467424
3467425
3467426
3467427
3467428
3467429
3467430
3467431
3467432
3467433
3467434
3467435
3467436
3467437
3467438
3467439
3467440
3467441
3467442
3467443
3467444
3467445
3470001
3470002
3470003

# Environmental division
# ======================

1211
1733
2722
2725
13136
13776
28248
29281
29293
29565
31933
33858
33862
33863
33864
33975
34033
34034
34109
35766
37373
37374
37375
37376
37377
37378
37379
37380
37381
37383
38145
38176
40846
40847
40848
40849
40850
40851
40852
40853
40854
40855
40856
40859
40861
40862
40864
40866
40868
40870
40871
40872
40873
40874
40875
40876
40877
40878
40881
40882
40883
40884
40885
40887
40889
40892
40893
40894
40895
40896
40897
40899
40900
40901
40903
40904
40905
40907
40908
40911
40912
40913
40914
40915
40977
41330
41331
41332
41333
41334
41335
41336
41337
41338
41339
41340
41341
41342
41343
41344
41345
41346
41347
41348
41349
41350
41352
41353
42070
42453
42454
42455
42456
42457
42899
42900
42910
42930
42931
42932
42933
42934
42935
42936
42938
42939
42940
42941
42942
42943
42944
42945
42946
42947
42948
42950
42951
42952
42953
42954
42955
42956
42957
42958
42959
42960
42962
42963
42964
42965
42966
43020
43021
43023
43024
43025
43026
43027
43028
43029
43032
43033
43034
43035
43036
43037
43038
43039
43050
43144
43241
43242
43243
43244
43245
43688
44293
44557
44687
44766
44769
44770
44771
44772
44773
44774
44775
44776
44777
44778
44779
44780
44781
44782
44783
44784
44785
44786
44787
44788
44789
44790
44791
44792
44793
44794
44795
44796
44797
44798
44799
44800
44801
44802
44803
44804
44805
44806
44807
44808
44809
44810
44811
44812
44813
44814
44815
44816
44817
44818
44819
44820
44821
44827
44828
44829
44830
44831
44832
44833
44834
44835
44836
44837
44838
44839
44840
44841
44842
44843
44844
44845
44846
44847
44848
44849
44850
44851
44852
44875
44876
44877
44878
44879
44880
44881
44882
44883
44884
44885
44886
44888
44889
44890
44891
44892
44893
44894
44895
44896
44897
44898
44899
44900
44901
44902
44903
44904
44905
44906
44907
44908
44909
44910
44911
44912
44913
44914
44915
44916
44917
44918
44919
44920
44921
44922
44923
45009
45010
45011
45012
45013
45014
45015
45016
45017
45018
45019
45020
45021
45022
45023
45024
45025
45026
45028
45238
45239
45298
45302
45305
45309
45710
45711
45712
45713
45714
45715
45716
45717
45718
45719
45720
45721
45722
45723
45724
45725
45726
45727
45728
45729
45730
45731
45732
45733
45734
45735
45736
45737
45738
45739
45740
45741
45742
45743
45744
45745
45746
45863
45864
45865
45866
45867
45868
45869
45870
45871
45872
45873
45874
45875
45876
45877
45878
45879
45921
45922
45923
45924
45925
45928
45930
45932
45940
45941
45942
45943
45944
45945
45946
45957
45966
45967
45968
45969
46027
46197
46198
46465
46845
46846
46847
46848
46849
46850
46851
46852
46853
46854
46855
46856
46857
46858
46859
46860
46861
46862
46863
46864
46865
46866
46898
47299
47925
47926
47928
47936
47937
47938
47939
47949
47953
47954
48077
48078
48468
48470
48479
48504
48505
48506
48509
48510
49276
49924
50423
50546
50551
50552
50559
50561
50609
50610
50734
50738
50742
50743
50793
50815
50816
50818
50819
50820
50821
50822
50823
50824
50825
50826
50828
50829
50830
50831
50832
50833
50834
50835
50836
50837
50838
50839
50840
50841
50842
50843
50844
50845
50846
50847
50848
50849
50850
50851
50852
50853
50854
50855
50856
50857
50858
50887
50888
50889
50890
50891
51233
51666
51776
51777
51778
51779
51780
51781
51969
51970
51997
52243
52244
52245
52260
52261
52262
52263
52264
52265
52266
52267
52268
52269
54518
54519
54520
54521
54522
54523
54524
54525
54528
54531
54532
55558
55559
55560
55561
55562
55568
55569
55741
55742
55743
55753
55754
55755
55756
55953
55954
56609
56610
56611
56763
56764
56765
56766
56767
56769
56775
56776
57016
57017
57018
57019
57020
57021
57022
57023
57024
57112
57124
57125
57126
57127
57128
57129
57668
57669
57670
57671
57672
57673
57674
57695
57696
57697
57698
57699
57700
57701
57702
57703
57727
57731
58229
58230
58357
58667
58668
58711
58772
58841
59619
59620
60597
60598
60599
60600
60601
60602
60603
60604
60605
60606
60607
60608
60609
60610
60611
60612
60614
60615
60616
60617
60618
60619
60620
60621
60622
60623
60624
60625
60626
60627
60628
60630
60631
60632
60633
60634
60635
60636
60637
60638
60639
60640
60641
60642
60643
60644
60645
60646
60647
60648
60649
60650
60651
60652
60653
60654
60655
60656
60657
60658
60659
60663
60664
60665
60666
60667
60668
60669
60670
60671
60672
60673
60674
60675
60676
60677
60678
60679
60680
60681
60682
60683
60684
60685
60686
60687
60688
60689
61665
61666
61667
61668
61669
61670
61671
61672
61952
61953
61954
61955
61956
61957
61958
61959
61960
61961
61962
61964
62103
62104
62105
62106
62107
62108
62109
62206
62208
62210
62213
62218
62221
62225
62229
62233
62236
62240
62243
62246
62249
62252
62254
62262
62263
62264
62265
62266
62267
62268
62269
62440
62656
62657
62658
62659
62660
62661
62662
62663
62664
62665
62666
62667
62668
62669
62670
62671
62673
62674
62675
62677
62678
62679
62682
63184
63185
63449
63450
63452
63453
63562
63563
63564
63565
63566
63567
63568
63569
63651
63830
64048
64049
64050
64051
64052
64053
64054
64055
64056
64057
64058
64059
64060
64061
64062
64063
64064
64065
64066
64067
64068
64069
64070
64071
64072
64073
64074
64075
64076
64077
64078
64079
64080
64081
64082
64083
64084
64085
64086
64087
64088
64089
64090
64199
64200
64201
64202
64203
64204
64205
64206
64207
64208
64209
64210
64211
64212
64213
64214
64215
64216
64217
64218
64219
64220
64221
64222
64223
64224
64225
64324
64325
64326
64327
64328
64329
64330
64331
64332
64333
64334
64335
64336
64337
64338
64339
64340
64341
64342
64343
64344
64345
64346
64347
64348
64349
64350
64351
64373
64748
64749
64750
64751
64752
64753
64754
64755
64756
64757
64758
64759
64760
64761
64762
64763
64764
64765
64766
64767
64768
64769
64770
64771
64772
64773
64774
64775
64776
64777
64943
65099
65100
65101
65102
65103
65104
65105
65106
65107
65108
65110
65111
65112
65113
65114
65115
65116
65117
65118
65119
65120
65121
65122
65674
65675
65676
65677
65678
65679
65680
65681
65682
65683
65684
65685
65686
65687
65688
65689
65744
65745
65746
65747
65748
65749
65750
65751
65752
65753
65754
65755
65756
65757
65758
65759
65760
65761
65762
65763
65764
65765
65766
65767
65787
65788
65789
65790
65791
65792
65793
65794
65795
65796
65797
65798
65799
65800
65831
65832
65833
65834
65836
65837
65838
65839
65840
65841
65843
65845
65846
65847
65848
65849
65850
65851
65852
65853
65854
65855
65856
65857
65858
65859
65860
65861
65862
65863
65864
65865
65866
65867
65868
65869
65870
65871
65872
65873
65874
65875
65876
65877
65878
65879
65880
65881
65882
65883
65884
65885
65886
65887
65888
65889
65890
65891
65892
65893
65894
65895
65896
65897
65898
65899
65900
65901
65902
65903
65904
65905
65906
65907
65908
65909
65910
65911
65912
65913
65914
65915
65916
65917
65918
65919
65920
65921
65922
65923
65924
65925
65926
65927
65928
65929
65930
65931
65932
65933
65934
65935
65936
65937
65938
65939
65940
65941
65942
65943
65944
65945
66103
66105
66106
66107
66108
66109
66110
66111
66112
66113
66114
66115
66116
66117
66118
66119
66120
66121
66122
66123
66124
66125
66126
66127
66128
66129
66130
66131
66132
66133
66134
66135
66136
66137
66138
66139
66140
66141
66142
66143
66144
66145
66146
66147
66148
66149
66150
66151
66152
66153
66154
66155
66156
66157
66158
66159
66160
66161
66162
66163
66164
66165
66166
66167
66394
67525
67642
67643
67644
67645
67646
67647
67648
67649
67650
67651
67652
67653
67654
67655
67656
67657
67658
67659
67660
67661
67662
67663
67664
67665
67666
67667
67668
67669
67670
67671
67672
67673
67674
67675
67768
67769
67770
67798
67800
67963
67964
67965
67966
67967
67968
67969
67970
67971
67972
67973
67974
67975
67976
67977
67978
67979
67980
67981
67982
67983
67984
67985
67986
67987
67988
67989
67990
67991
67992
67993
67994
67995
67996
67997
67998
67999
68000
68001
68002
68003
68004
68005
68006
68007
68008
68009
68010
68011
68012
68013
68014
68015
68016
68017
68018
68301
68302
68303
68346
68357
68358
68359
68360
68361
68362
68363
68364
68365
68366
68367
68368
68369
68370
68371
68372
68373
68374
68375
68376
68377
68378
68379
68380
68381
68382
68383
68384
68385
68386
68387
68388
68389
68390
68391
68392
68393
68394
68395
68396
68397
68398
68399
68400
68905
68906
68907
68908
68913
68914
68915
68916
68917
68918
68919
68920
68921
68922
68923
68924
68925
68926
68927
68928
68930
68931
68932
68934
68935
68936
68937
68938
68939
68940
68941
68942
68943
68944
68945
68947
68948
68949
68950
68951
68952
68953
68954
68955
68956
68957
68958
68959
68960
68962
68963
68964
68965
68966
68967
68968
68969
68970
68971
68972
68973
68974
68975
68976
68977
68978
68979
68980
68982
68983
68984
69197
69198
69199
69200
69201
69202
69203
69204
69205
69206
69409
69542
69543
69545
69837
69838
69839
69840
69841
69945
69946
69947
69948
69949
69950
69951
69952
69953
69954
69972
70021
70022
70023
70024
70025
70026
70027
70028
70029
70030
70031
70032
70033
70034
70035
70036
70037
70038
70039
70040
70041
70042
70043
70044
70045
70046
70047
70048
70049
70050
70051
70052
70053
70054
70055
70056
70057
70058
70059
70060
70061
70373
70374
70375
70453
70454
70455
70456
70457
70458
70459
70460
70461
70462
70463
70464
70465
70466
70467
70468
70469
70470
70471
70472
70473
70474
70475
70476
70477
70478
70479
70480
70481
70482
70483
70484
70485
70486
70487
70488
70489
70490
70491
70492
70493
70494
70495
70496
70497
70498
70499
70500
70501
70502
70503
70504
70505
70506
70507
70508
70509
70510
70511
70512
70513
70514
70515
70516
70517
70518
70519
70520
70521
70522
70523
70524
70525
70526
70527
70718
70719
70720
70721
70722
70723
70724
70725
70726
70727
70728
70729
70745
70746
70747
70748
70749
70750
70839
70840
70841
70842
70843
70844
70845
71181
72387
72388
72389
72390
72391
72392
72393
72394
72395
72396
72397
72398
72399
72400
72809
72810
72811
72812
72813
72814
72815
72816
72817
72818
72819
72820
72821
72822
72823
72824
72825
72826
72827
72828
72829
72830
72831
72832
72833
72834
72835
72836
72837
72838
72839
72840
72841
72842
72843
72844
72845
72846
72847
72848
72849
72850
73126
73127
73128
73129
73130
73131
73132
73133
73134
73135
73136
73137
73138
73139
73150
73151
73427
73432
73433
73434
73435
73436
73437
73438
73439
73440
73441
73442
73443
73444
73445
73446
73447
73448
73449
73450
73451
73452
73453
73454
73455
73456
73457
73458
73459
73460
73461
73462
73463
73464
73465
73556
73557
73558
73635
73636
73637
73638
73639
73640
73641
73642
73643
73644
73645
73646
73647
73872
73934
73935
73936
73937
73938
73939
73940
73941
73942
73943
73944
73945
73946
73947
73948
73994
73995
73996
73997
73998
73999
74000
74001
74002
74003
74004
74005
74006
74007
74008
74009
74010
74011
74012
74013
74016
74017
74018
74019
74020
74021
74022
74023
74024
74202
74203
74204
74205
74206
74207
74208
74209
74210
74211
74212
74213
74214
74215
74216
74217
74218
74219
74220
74221
74222
74225
74226
74227
74228
74229
74230
74231
74232
74233
74234
74235
74236
74237
74238
74239
74240
74241
74242
74244
74245
74246
74248
74249
74250
74251
74252
74253
74254
74255
74256
74257
74258
74259
74260
74261
74262
74263
74272
74273
74274
74275
74276
74277
74278
74279
74280
74281
74283
74284
74285
74286
74288
74297
74298
74299
74300
75107
75108
75109
75110
75111
75449
75450
75451
75452
75453
75454
75455
75456
75457
75458
75459
75460
75462
75463
75464
75465
75466
75467
75468
75469
75470
75471
75472
75473
75474
75475
75476
75477
75478
75479
75480
75481
75482
75483
75484
75538
75591
75592
75593
75594
75595
75596
75597
75598
75599
75600
75601
75602
75603
75604
75605
75606
75607
75608
75609
75610
75611
75613
75614
75615
75616
75617
75618
75619
75620
75621
75622
75623
75624
75655
75656
75657
75660
75661
75662
75663
75664
75665
75666
75667
75668
75669
75670
75671
75672
75673
75674
75675
75676
75677
75678
75679
75680
75681
75751
75797
75903
75923
75924
75925
75926
75927
75928
75929
75930
75931
76144
76145
76289
76290
76291
76292
76293
76294
76295
76296
76297
76298
76299
76300
76301
76302
76303
76304
76307
76308
76309
76310
76311
76554
76555
76556
76557
76558
76559
76560
76561
76562
76563
76564
76565
76566
76640
77116
77117
77118
77119
77120
77124
77133
77353
77354
77355
77356
77357
77358
77359
77360
77361
77362
77363
77364
77365
77366
77367
77368
77369
77370
77371
77372
77373
77374
77375
77376
77377
77378
77379
77380
77381
77382
77383
77384
77385
77386
77387
77388
77389
77390
77391
77392
77393
77394
77395
77396
77397
77398
77399
77400
77401
77402
77403
77404
77405
77406
77407
77408
77409
77410
77411
77412
77413
77414
77415
77416
77417
77418
77419
77420
77421
77422
77423
77424
77425
77426
77427
77428
77429
77430
77431
77432
77433
77434
77435
77436
77437
77438
77439
77440
77441
77442
77443
77444
77445
77446
77447
77448
77449
77450
77451
77452
77453
77454
77455
77456
77457
77458
77459
77460
77461
77462
77463
77464
77465
77466
77467
77468
77469
77470
77471
77472
77473
77474
77475
77476
77477
77478
77479
77480
77481
77482
77483
77596
77599
77600
77601
77630
77632
77633
77695
77697
77776
77780
77781
77782
77783
77784
77937
77938
77939
77940
77941
77942
77943
77944
77945
77946
77947
77948
77949
77950
77951
77952
77953
77954
77955
77956
77957
77958
77959
77960
77961
77962
77963
77964
77965
77966
77967
77968
77969
77970
77971
77972
77973
77974
77975
77976
77977
77978
77979
77980
77981
77982
77983
77985
77986
77987
77988
77989
77990
77991
77992
77993
77994
77995
77996
77997
77998
77999
78000
78001
78002
78003
78004
78005
78006
78007
78008
78009
78010
78011
78012
78013
78014
78015
78016
78017
78018
78019
78020
78021
78022
78023
78024
78025
78026
78027
78028
78029
78030
78031
78032
78033
78034
78035
78036
78037
78038
78039
78040
78041
78042
78043
78044
78045
78046
78047
78048
78049
78050
78051
78052
78053
78054
78055
78056
78114
78160
78161
78162
78277
78278
78279
78280
78281
78282
78283
78284
78285
78286
78287
78288
78289
78290
78291
78292
78293
78294
78295
78296
78297
78298
78299
78300
78301
78302
78303
78304
78305
78306
78307
78308
78309
78310
78311
78312
78313
78314
78315
78316
78317
78318
78347
78506
78555
78557
78558
78559
78560
78561
78562
78563
78564
78565
78568
78569
78570
78571
78572
78573
78574
78575
78576
78577
78578
78648
78649
78650
78651
78652
78653
78654
78655
78656
78928
78929
78930
78931
78932
78933
78934
78935
78936
78937
78938
78939
78940
78941
78942
78943
78944
78945
78946
78947
78948
78949
78950
78951
78952
78953
78954
78955
78956
78957
78958
78959
78960
78961
78962
78963
78964
78965
78966
78967
78968
78969
78970
78971
78972
78973
78974
78975
78976
78977
78978
78979
78980
78981
78982
78983
78984
78985
78986
78987
78988
78989
78990
78991
78992
78993
78994
78995
79326
79769
79770
79777
79778
79779
79780
79781
79975
79976
79977
79978
79979
79980
79981
79982
79983
79984
79985
79986
79987
79988
79989
79990
79991
79992
79993
79994
79995
79996
79997
79998
79999
80000
80001
80002
80003
80004
80005
80006
80007
80008
80009
80010
80011
80012
80013
80014
80015
80016
80017
80018
80019
80020
80021
80022
80023
80024
80025
80026
80027
80028
80029
80030
80031
80032
80033
80034
80035
80036
80037
80038
80039
80040
80041
80042
80043
80044
80045
80046
80047
80048
80049
80050
80051
80052
80053
80054
80055
80056
80057
80058
80059
80060
80061
80062
80063
80064
80065
80066
80067
80068
80069
80070
80071
80072
80073
80074
80075
80076
80077
80078
80079
80080
80081
80082
80083
80084
80085
80086
80087
80088
80089
80090
80091
80092
80093
80094
80095
80096
80097
80098
80099
80100
80101
80102
80103
80104
80105
80106
80107
80108
80109
80110
80111
80112
80113
80114
80115
80116
80117
80118
80119
80120
80121
80122
80123
80124
80125
80126
80127
80128
80129
80130
80131
80132
80133
80134
80135
80136
80137
80138
80139
80140
80141
80142
80143
80144
80145
80146
80147
80148
80149
80150
80151
80152
80153
80154
80155
80156
80157
80158
80159
80160
80161
80162
80163
80164
80165
80166
80167
80168
80169
80170
80171
80172
80173
80174
80175
80176
80177
80178
80179
80180
80181
80182
80183
80184
80185
80186
80187
80188
80189
80190
80191
80192
80193
80194
80195
80196
80197
80198
80199
80200
80201
80202
80203
80204
80205
80206
80207
80208
80209
80210
80211
80212
80213
80214
80215
80216
80217
80218
80219
80220
80221
80222
80223
80224
80225
80226
80227
80228
80229
80230
80231
80232
80233
80234
80235
80236
80237
80238
80239
80240
80241
80242
80243
80244
80245
80246
80247
80268
80396
80397
80398
80399
80400
80401
80402
80403
80404
80405
80406
80407
80408
80409
80410
80411
80412
80413
80414
80415
80416
80417
80470
80681
80682
80683
80684
80685
80686
80687
80688
80689
80690
80691
80692
80693
80694
80695
80696
80697
80698
80699
80700
80701
80702
80703
80704
80705
80706
80707
80843
80857
80924
80925
80926
80927
80928
80929
80930
80931
80932
80933
80934
80936
81017
81018
81019
81020
81021
81022
81023
81024
81025
81026
81027
81438
81448
81449
81450
81451
81452
81453
81454
81455
81456
81490
81644
81645
81646
81647
81648
81649
81650
81651
81652
81653
81654
81655
81656
81657
81658
81659
81660
81661
81662
81663
81664
81665
81666
81667
81668
81669
81670
81671
81672
81673
81674
81675
81676
81677
81678
81679
81680
81681
81726
82544
82545
82546
82547
82548
82549
82550
82551
82552
82553
82554
82555
82556
82640
82641
82642
82643
82644
82645
82646
82647
82648
82649
82650
82651
82652
82653
82767
82768
82769
82770
82771
82772
82773
82774
82775
82776
82777
82778
82779
82780
82781
82782
82783
82784
82785
82786
82787
82957
82958
82959
82960
82961
82962
82963
82964
82965
82966
82967
82968
82969
82970
82971
82972
82973
82974
82975
83003
83004
83005
83006
83007
83008
83009
83010
83011
83012
83013
83014
83015
83016
83017
83018
83019
83020
83021
83022
83023
83024
83025
83026
83027
83028
83029
83030
83031
83032
83033
83034
83035
83036
83037
83038
83039
83040
83041
83042
83043
83044
83045
83046
83047
83048
83049
83050
83051
83052
83053
83054
83055
83056
83057
83058
83059
83060
83061
83062
83063
83064
83065
83066
83067
83068
83069
83070
83071
83072
83073
83074
83075
83076
83077
83078
83079
83080
83081
83082
83083
83084
83085
83086
83087
83088
83089
83090
83091
83092
83093
83094
83095
83096
83097
83098
83099
83100
83101
83102
83103
83104
83105
83106
83107
83108
83109
83110
83111
83112
83113
83114
83115
83116
83117
83118
83119
83120
83121
83122
83123
83124
83125
83225
83426
83427
83428
83482
83483
83777
84144
84145
84146
84147
84148
84369
84370
84371
84372
84373
84374
84375
84418
84419
84420
84421
84422
84423
84424
84425
84426
84427
84428
84429
84430
84431
84432
84433
84434
84435
84436
84437
84438
84439
84440
84441
84442
84443
84444
84445
84446
84447
84448
84449
84450
84451
84452
84453
84454
84455
84456
84457
84458
84459
84460
84461
84462
84463
84464
84465
84466
84467
84468
84469
84470
84471
84472
84473
84474
84475
84705
84706
84707
84708
84709
84710
84711
84712
84713
84714
84715
84716
84717
84718
84719
84720
84721
85383
85384
85385
85386
85387
85388
85389
85390
85391
85392
85393
85394
85395
85396
85397
85398
85494
85495
85496
85497
85498
85499
85500
85501
85502
85503
85504
85505
86027
86390
86391
86392
86393
86394
86395
86396
86397
86398
86399
86400
86401
86402
86403
86404
86405
86406
86407
86408
86409
86410
86411
86412
86413
86414
86415
86473
86474
86475
86476
86477
86478
86479
86480
86481
86482
86483
86484
86485
86486
86487
86488
86489
86490
86491
86492
86493
86494
86495
86496
86497
86498
87021
87022
87023
87024
87025
87026
87027
87028
87029
87030
87031
87032
87033
87034
87035
87036
87037
87038
87039
87040
87041
87042
87043
87044
87045
87046
87047
87048
87050
87051
87052
87053
87054
87055
87368
87369
87370
87371
87372
87373
87374
87375
87376
87377
87378
87379
87380
87381
87382
87383
87384
87385
87386
87387
87388
87389
87390
87391
87392
87393
87394
87395
87396
87397
87398
87399
87400
87401
87402
87403
87404
87405
87406
87407
87408
87409
87410
87411
87412
87413
87414
87415
87416
87417
87418
87419
87420
87421
87422
87423
87424
87425
87426
87427
87428
87429
87430
87431
87432
87433
87434
87435
87436
87437
87438
87439
87440
87441
87442
87443
87444
87445
87446
87447
87448
87449
87450
87451
87452
87453
87454
87455
87456
87457
87550
87551
87552
87553
87554
87555
87556
87557
87558
87559
87560
87561
87562
87563
87564
87565
87566
87567
87568
87569
87570
87571
87572
87573
87574
87575
87576
87577
87578
87579
87580
87581
87582
87583
87584
87585
87586
87587
87588
87589
87590
87591
87592
87593
87594
87595
87596
87597
87598
87599
87600
87601
87602
87603
87604
87605
87606
87607
87608
87609
87610
87611
87612
87613
87614
87615
87616
87617
87619
87620
87621
87761
87762
87763
87764
87765
87766
87767
87768
87769
87770
87771
87772
87773
87774
87775
87776
87777
87778
87779
87780
87781
87782
87783
87792
87793
87794
87795
87796
87797
87798
87799
87800
87801
87802
87803
87804
87805
87806
87807
87808
87809
87810
87811
87812
87813
87814
87815
87816
87817
87818
87819
87820
87821
87822
87823
87824
87825
87826
87827
87828
87829
87907
87908
87909
87910
87911
87912
87913
87914
87915
87916
87917
87918
87919
87920
87921
87922
87923
87924
87925
87926
87927
87928
87929
87930
87931
87932
87933
87934
87935
87936
87937
87938
87939
87940
87941
87942
87943
87944
87945
87946
87947
87948
87949
87950
87951
87966
88073
88215
88216
88229
88234
88235
88236
88237
88238
88239
88240
88241
88242
88243
88244
88245
88246
88247
88248
88249
88250
88251
88252
88253
88254
88255
88256
88257
88258
88259
88260
88261
88262
88263
88264
88265
88266
88601
88602
88603
88604
88605
88606
88607
88608
88609
88610
88611
88612
88613
88614
88615
88616
88617
88618
88619
88620
88621
88622
88623
88624
88625
88626
88627
88628
88629
88777
88778
88779
88780
88781
88782
88783
88784
88785
88786
88787
88788
88789
88790
88791
88792
88793
88794
88795
88796
88797
88798
88799
88800
88802
88803
88804
88805
88806
88807
88808
88809
88810
88811
88812
88813
88814
88815
88816
88817
88818
88819
88820
88821
88822
88880
88881
88890
88935
88936
88937
88938
88939
88940
88941
88942
88947
88948
88949
88950
88951
88952
88954
88955
88956
88957
88958
88959
88960
88961
88962
88963
88964
88965
88966
88967
88968
88973
88974
88975
88976
88977
88978
88979
88980
88981
88982
88983
88984
88985
88986
88987
88988
88989
88990
88991
88992
88993
88994
88995
88996
88997
88998
88999
89000
89001
89002
89003
89004
89005
89006
89007
89008
89009
89010
89011
89012
89226
89227
89228
89229
89230
89240
89241
89242
89257
89258
89259
89260
89261
89262
89263
89264
89265
89266
89267
89268
89269
89270
89271
89272
89273
89274
89275
89276
89277
89278
89279
89280
89282
89283
89284
89285
89286
89287
89288
89289
89290
89291
89292
89293
89294
89295
89297
89298
89299
89300
89301
89302
89303
89304
89305
89306
89307
89308
89309
89310
89311
89312
89313
89314
89315
89349
89350
89351
89352
89353
89354
89355
89356
89357
89358
89359
89360
89361
89362
89363
89364
89371
89372
89474
89545
89692
89693
89694
89695
89696
89697
89698
89699
89700
89701
89702
89703
89704
89705
89706
89707
89708
89709
89983
89984
89985
89986
90326
90327
90328
90329
90330
90331
90332
90333
90334
90335
90336
90417
90418
90419
90421
90422
90423
90424
90425
90428
90429
90430
90431
90432
90484
90485
90486
90487
90488
90489
90490
90491
90492
90493
90494
90495
90496
90497
90498
90499
90500
90501
90502
90503
90504
90505
90506
90507
90508
90509
90510
90511
90512
90513
90514
90515
90516
90517
90518
90628
90629
90630
90631
90632
90633
90634
90635
90636
90637
90638
90640
90811
90812
90825
90826
90827
90828
90829
90830
90831
90832
90833
90834
90835
90836
90837
90838
90839
90840
90841
90842
90843
90844
90845
90846
90847
90848
90849
90850
90851
90852
90853
90854
90855
90856
90857
90858
90859
90860
90862
90863
90864
90865
90866
90867
90868
90869
90870
90871
90872
90873
90874
90875
90876
90877
90878
90879
90880
90881
90882
90981
90982
90989
90990
90991
90992
90993
90994
90995
90996
90997
90998
90999
91000
91001
91002
91003
91004
91005
91006
91007
91008
91009
91010
91011
91012
91013
91014
91015
91016
91017
91018
91306
91307
91308
91309
91310
91311
91312
91313
91314
91315
91316
91317
91318
91319
91593
91594
91595
91596
91597
91598
91599
91600
91601
91602
91652
91750
91859
91860
91861
91862
91863
91864
91865
91866
91867
91868
91869
91870
91871
91872
91873
91875
92039
92040
92041
92042
92043
92044
92045
92046
92047
92130
92131
92132
92133
92134
92135
92136
92137
92138
92139
92140
92141
92142
92143
92144
92145
92146
92147
92148
92149
92150
92151
92152
92153
92154
92155
92156
92157
92158
92159
92160
92161
92162
92163
92164
92165
92166
92253
92254
92255
92256
92257
92258
92259
92260
92261
92262
92263
92264
92265
92266
92267
92268
92270
92271
92272
92273
92274
92275
92276
92277
92278
92279
92280
92281
92282
92283
92284
92285
92286
92287
92288
92289
92290
92291
92292
92293
92294
92295
92296
92297
92298
92299
92300
92301
92302
92303
92304
92305
92306
92307
92308
92309
92310
92311
92312
92313
92314
92315
92316
92317
92318
92319
92320
92321
92322
92323
92324
92325
92326
92327
92328
92329
92330
92331
92332
92333
92334
92335
92336
92337
92338
92339
92340
92341
92342
92343
92344
92345
92346
92347
92348
92349
92350
92351
92352
92353
92354
92355
92356
92357
92358
92359
92360
92361
92362
92363
92364
92365
92408
92409
92410
92411
92447
92448
92449
92450
92451
92452
92453
92491
92492
92493
92494
92495
92496
92497
92498
92499
92500
92501
92502
92503
92504
92505
92506
92507
92508
92509
92510
92745
92746
92747
92748
92749
92750
92751
92752
92753
92754
92755
92760
92761
92762
92763
92764
92765
92766
92767
92768
92769
92770
92771
92772
92773
92774
92775
92776
92777
92778
92779
92780
92781
92782
92783
92784
92785
92786
92787
92788
92789
92790
92880
92881
92882
92883
92884
92885
92886
92887
92888
92889
92890
92891
92892
92893
92894
93037
93174
93175
93176
93177
93178
93179
93180
93181
93182
93183
93184
93185
93186
93187
93188
93189
93190
93191
93192
93193
93194
93195
93196
93197
93198
93497
93537
93538
93539
93540
93541
93542
93543
93544
93545
93546
93547
93548
93549
93550
93551
93552
93553
93554
93555
93556
93557
93558
93559
93560
93561
93562
93563
93564
93565
93566
93567
93568
93569
93570
93571
93572
93573
93574
93575
93576
93577
93578
93579
93580
93581
93582
93583
93584
93585
93586
93587
93588
93622
93623
93626
93627
93628
93629
93630
93631
93632
93633
93634
93635
93636
93637
93638
93639
93640
93641
93642
93643
93644
93645
93646
93647
93648
93649
93650
93651
93652
93653
93656
93665
93724
93725
93726
93727
93728
93729
93730
93731
93732
93733
93734
93735
93736
93737
93738
93739
93740
93856
93859
93861
93862
93864
93866
93868
94710
94711
94712
94713
94714
94738
94739
94740
94741
94742
94743
94744
94745
94746
94747
94748
94759
94760
94761
94762
94763
94764
94765
94766
94767
94768
95028
95029
95030
95031
95032
95033
95034
95035
95036
95037
95038
95173
95750
95754
95755
95756
95757
95758
95759
95760
95761
95775
95776
95777
95778
95779
95780
95781
95782
95783
95784
95785
95786
95787
95788
95789
95790
95793
95794
95795
95796
95797
95798
95799
95800
95801
95802
95803
95804
95805
95806
95807
95808
95812
95813
95814
95815
95816
95817
95819
95820
95821
95822
95823
95824
95825
95826
95827
95832
95833
95834
95835
95836
95838
95839
95840
95841
95842
95843
95844
95845
95846
95847
95848
95849
95850
95851
95852
95853
95856
95857
95858
95859
95860
95861
95862
95863
95865
95866
95867
95868
95869
95870
95871
95872
95873
95874
95875
95876
95877
95878
95879
95880
95882
95883
95884
95885
95886
95887
95889
95893
95894
95895
95896
95897
95898
95899
95900
95902
95903
95904
95905
95906
95908
95909
95913
95914
95915
95916
95917
95918
95919
95920
95921
95922
95923
95924
95925
95926
95927
95928
95929
95930
95931
95932
95933
95934
95935
95936
95937
95938
95939
95940
95944
95977
95978
95979
95980
95981
95982
95983
95984
95985
95986
95987
95988
95989
95990
95991
95992
95993
95994
95995
95996
95997
95998
95999
96000
96001
96002
96003
96004
96005
96006
96043
96044
96073
96074
96075
96076
96077
96078
96079
96080
96081
96082
96083
96084
96085
96086
96087
96088
96089
96090
96091
96092
96093
96094
96095
96096
96097
96098
96099
96100
96102
96103
96104
96105
96106
96107
96108
96109
96110
96111
96112
96113
96114
96115
96116
96117
96118
96119
96120
96121
96122
96123
96124
96125
96126
96127
96128
96129
96130
96131
96132
96133
96134
96135
96136
96137
96138
96139
96140
96141
96142
96143
96144
96145
96146
96147
96148
96149
96150
96151
96152
96153
96154
96155
96156
96157
96158
96159
96160
96161
96162
96163
96164
96165
96166
96167
96168
96169
96170
96171
96172
96173
96174
96175
96176
96177
96178
96179
96180
96181
96182
96183
96184
96185
96186
96187
96188
96189
96190
96191
96192
96193
96194
96195
96196
96197
96198
96199
96200
96201
96202
96203
96204
96205
96206
96207
96208
96209
96210
96211
96212
96213
96214
96215
96216
96217
96218
96219
96220
96221
96222
96223
96224
96225
96226
96227
96233
96234
96346
96347
96348
96349
96350
96351
96352
96353
96354
96355
96356
96357
96358
96359
96360
96361
96362
96363
96364
96365
96366
96367
96368
96369
96370
96371
96372
96409
96410
96411
96412
96413
96414
96415
96416
96417
96418
96419
96420
96421
96422
96423
96424
96501
96502
96797
96798
96955
96956
96957
96958
96959
96960
96961
96962
96963
96964
96965
96966
96967
96968
96969
96970
96971
96972
96973
96974
96975
96976
96977
96978
96979
96980
96981
97119
97120
97121
97122
97123
97124
97125
97132
97133
97476
97499
97500
97501
97502
97503
97504
97505
97506
97507
97508
97509
97510
97511
97512
97513
97514
97515
97709
97710
97711
97712
97713
97714
97715
97716
97717
97718
97719
97720
97721
97722
97731
97744
97752
97767
97771
97772
97773
97774
97775
97776
97777
97778
97779
97780
97781
97784
97785
97786
97787
97788
97789
97790
97791
97792
97793
97794
97795
97796
97797
97798
97799
97800
97801
97802
97803
97804
97805
97806
97807
97808
97809
97810
97811
97812
97813
97814
97815
97816
97817
97818
97819
97820
97821
97822
97823
97824
97825
97826
97827
97828
97829
97830
97831
97832
97833
97834
97835
97836
97837
97839
97840
97841
97842
97843
97844
97845
97846
97847
97848
97849
97850
97851
97852
97853
97869
97876
97877
97878
97879
97880
97881
97882
97883
97884
97885
97886
97887
97888
97889
97890
97891
97892
97895
97896
97897
97898
97899
97900
97901
97902
97903
97907
97908
97909
97910
97911
97912
97913
97914
97915
97916
97917
97918
97919
97921
97922
97923
97924
97925
97926
97927
97928
97929
97930
97931
97932
97933
97934
97935
97936
97937
97938
97939
97940
97941
97942
97943
97944
97945
97946
97947
97948
97949
97950
97951
97954
98160
98161
98163
98164
98165
98166
98167
98168
98170
98171
98172
98173
98174
98175
98176
98177
98178
98179
98180
98181
98182
98183
98184
98185
98186
98187
98188
98189
98190
98191
98192
98193
98194
98195
98196
98197
98198
98199
98200
98201
98202
98203
98204
98205
98206
98207
98208
98209
98210
98211
98212
98213
98214
98215
98216
98404
98405
98406
98407
98408
98409
98410
98411
98412
98413
98414
98415
98416
98417
98418
98419
98420
98421
98422
98423
98424
98590
98591
98592
98593
98594
98595
98596
98597
98598
98599
98600
98601
98602
98603
98604
98605
98606
98607
98608
98609
98610
98611
98612
98613
98614
98615
98616
98617
98618
98619
98620
98621
98622
98623
98624
98625
98626
98627
98628
98629
98630
98631
98632
98633
98634
98635
98636
98637
98638
98639
98640
98641
98642
98643
98644
98847
99142
99201
99202
99203
99204
99205
99206
99207
99208
99209
99255
99256
99257
99258
99259
99260
99276
99277
99278
99279
99280
99281
99283
99284
99365
99366
99367
99368
99369
99370
99371
99392
99393
99394
99395
99396
99409
99410
99411
99412
99413
99414
99415
99416
99417
99418
99419
99420
99421
99422
99423
99424
99425
99426
99427
99428
99429
99430
99431
99483
99484
99485
99874
100055
100056
100057
100058
100059
100060
100061
100062
100063
100064
100065
100066
100067
100068
100069
100070
100071
100072
100073
100074
100075
100076
100077
100078
100079
100080
100081
100082
100083
100084
100085
100086
100087
100088
100089
100090
100091
100092
100093
100094
100095
100096
100097
100098
100099
100100
100101
100102
100103
100104
100105
100106
100107
100108
100109
100233
100234
100235
100272
100328
100329
100330
100331
100332
100333
100334
100335
100336
100337
100338
100339
100340
100341
100342
100343
100344
100345
100346
100347
100348
100349
100350
100351
100352
100353
100354
100355
100356
100357
100358
100359
100360
100361
100362
100371
100656
100657
100658
100659
100660
100661
100662
100663
100664
100665
100717
100718
100719
100720
100721
100722
100723
100724
100725
100726
100727
100728
100729
100730
100731
100732
100733
100734
100735
100736
100737
100741
100742
100743
101025
101026
101027
101194
101195
101196
101197
101198
101199
101200
101233
101234
101235
101236
101237
101238
101239
101240
101241
101242
101243
101244
101245
101246
101247
101248
101249
101250
101251
101252
101253
101254
101255
101256
101257
101258
101259
101260
101261
101262
101263
101264
101265
101266
101267
101268
101419
101420
101421
101428
101429
101430
101431
101432
101433
101434
101435
101436
101443
101444
101447
101448
101449
101450
101451
101452
101453
101454
101455
101456
101457
101458
101459
101460
101461
101462
101463
101464
101465
101466
101467
101468
101520
101521
101522
101523
101524
101525
101526
101535
101536
101537
101538
101539
101540
101541
101542
101543
101544
101545
101546
101547
101548
101549
101550
101551
101552
101553
101554
101555
101556
101557
101558
101559
101560
101561
101562
101572
101573
101574
101575
101576
101577
101578
102005
102006
102007
102008
102009
102010
102011
102012
102013
102014
102015
102016
102017
102018
102019
102020
102021
102022
102023
102024
102025
102026
102027
102028
102029
102030
102031
102032
102033
102034
102035
102036
102037
102038
102039
102040
102041
102042
102043
102044
102045
102046
102047
102048
102049
102050
102051
102052
102053
102054
102055
102056
102057
102058
102059
102060
102061
102062
102063
102064
102065
102066
102067
102068
102069
102070
102071
102072
102073
102074
102075
102076
102077
102078
102079
102080
102081
102082
102083
102084
102085
102086
102087
102088
102089
102090
102091
102092
102093
102094
102095
102096
102097
102098
102099
102100
102214
102215
102216
102217
102218
102219
102220
102221
102222
102223
102236
102237
102238
102239
102240
102241
102242
102243
102244
102335
102336
102337
102338
102339
102340
102341
102342
102343
102344
102345
102346
102347
102348
102349
102350
102351
102352
102353
102354
102355
102356
102357
102358
102359
102360
102361
102362
102363
102364
102365
102366
102367
102368
102369
102370
102371
102372
102373
102374
102375
102376
102377
102378
102379
102380
102381
102382
102383
102385
102386
102387
102388
102389
102390
102391
102392
102405
102406
102407
102408
102409
102410
102411
102412
102413
102414
102415
102416
102417
102418
102419
102420
102421
102422
102423
102424
102425
102426
102427
102428
102429
102430
102431
102432
102433
102434
102435
102436
102437
102438
102439
102440
102441
102442
102443
102444
102445
102446
102447
102448
102449
102450
102451
102452
102453
102454
102455
102456
102457
102458
102459
102460
102461
102462
102463
102464
102465
102466
102467
102468
102469
102470
102471
102472
102473
102474
102475
102476
102477
102478
102479
102480
102481
102482
102483
102484
102485
102486
102487
102488
102489
102490
102491
102492
102493
102494
102495
102496
102497
102498
102499
102500
102501
102502
102503
102504
102505
102506
102507
102508
102509
102512
102513
102515
102516
102517
102518
102519
102520
102521
102523
102524
102527
102528
102529
102534
102535
102536
102537
102538
102575
102576
102577
102578
102579
102580
102581
102582
102583
102701
102702
102703
102704
102705
102706
102707
102708
102709
102710
102711
102911
102912
102913
102914
102915
102916
102917
102918
102919
102920
102921
102922
102923
102924
102925
102927
102928
102929
102930
102931
102932
102933
102934
102935
102936
102937
102938
102939
102940
102941
102942
102943
102944
102945
102946
102947
102948
102949
102950
102951
102952
102953
102954
102955
102956
102957
102958
102959
102960
102961
102962
102963
102964
102965
102966
102967
102968
102969
103042
103197
103198
103199
103200
103201
103262
103263
103264
103265
103266
103267
103268
103269
103270
103271
103272
103273
103274
103275
103276
103277
103278
103279
103280
103281
103282
103283
103284
103285
103286
103287
103288
103289
103290
103291
103292
103293
103294
103295
103296
103297
103298
103299
103300
103301
103302
103303
103304
103305
103306
103307
103308
103309
103310
103311
103312
103313
103314
103315
103316
103317
103318
103319
103320
103321
103322
103323
103324
103325
103326
103327
103328
103329
103330
103331
103332
103333
103334
103556
103557
103558
103610
103611
103612
103613
103614
103615
103616
103617
103658
103659
103660
103661
103662
103663
103664
103665
103666
103667
103668
103669
103670
103671
103672
103673
103674
103675
103676
103677
103678
103679
103680
103681
103682
103777
103778
103779
103780
103781
104107
104108
104110
104111
104112
104612
104613
104614
104615
104616
104617
104618
104619
104620
104621
104622
104647
104648
104649
104650
104651
104652
104653
104928
104929
104931
104959
104960
104972
104973
104974
104975
104976
104977
104978
104979
104980
104981
104982
104983
104984
104985
104986
104987
104988
104989
104992
104993
104994
104995
104996
104997
104998
104999
105000
105001
105002
105003
105004
105005
105006
105007
105008
105009
105010
105011
105055
105056
105057
105058
105059
105060
105061
105062
105063
105065
105066
105067
105068
105069
105070
105071
105072
105073
105074
105075
105076
105077
105078
105079
105080
105081
105082
105083
105084
105085
105086
105087
105088
105089
105090
105091
105092
105093
105094
105095
105096
105097
105098
105099
105100
105101
105102
105103
105104
105561
105562
105563
105564
105565
105566
105567
105568
105569
105570
105571
105572
105573
105574
105575
105576
105577
105693
105812
105814
105815
105816
105817
105818
105819
105820
105821
105950
105951
105952
105953
105954
105955
105956
105957
105958
105959
105960
105961
105962
105963
105964
105965
105966
105967
105968
105969
105970
105971
106264
106265
106266
106267
106268
106269
106270
106271
106272
106509
106510
106511
106512
106513
106852
106853
106854
106855
106856
106857
106858
106859
106860
106861
106862
106863
106864
106865
106866
106867
106868
106869
106870
106871
106872
106873
106874
106875
106876
106877
106878
106879
106880
106895
106896
106897
106898
106899
106900
106901
106902
106903
106904
106905
106906
106907
106908
106909
106910
106931
106932
106933
106934
106935
106936
106937
106938
106939
106940
107037
107038
107039
107040
107041
107042
107043
107044
107045
107046
107047
107048
107049
107050
107051
107052
107053
107054
107055
107056
107057
107058
107059
107060
107061
107062
107063
107064
107065
107066
107067
107068
107069
107070
107071
107072
107073
107074
107075
107076
107077
107078
107079
107080
107081
107082
107083
107084
107085
107086
107087
107088
107089
107090
107091
107092
107093
107094
107095
107096
107097
107098
107099
107100
107101
107102
107103
107104
107105
107106
107107
107108
107109
107110
107111
107112
107113
107114
107115
107116
107117
107118
107119
107120
107121
107122
107123
107124
107125
107126
107127
107128
107129
107130
107131
107132
107133
107134
107135
107136
107137
107138
107139
107140
107141
107142
107143
107144
107145
107146
107147
107148
107149
107150
107151
107152
107153
107154
107155
107156
107157
107158
107159
107160
107161
107162
107163
107164
107165
107166
107167
107168
107169
107170
107171
107172
107173
107174
107175
107176
107177
107178
107179
107180
107181
107182
107183
107184
107185
107186
107187
107188
107189
107190
107191
107192
107621
107622
107623
107624
107625
107626
107627
107628
107642
107643
107644
107645
107646
107647
107648
107649
107650
107651
107652
107653
107654
107655
107656
107657
107658
107659
107660
107661
107662
107663
107664
107665
107666
107667
107668
107669
107670
107671
107672
107721
107722
108062
108063
108064
108065
108066
108067
108068
108069
108070
108071
108072
108073
108074
108075
108076
108077
108078
108909
108910
108911
108912
108998
109647
109648
109649
109650
109651
109652
109653
109654
109655
109667
109766
109767
109768
109769
109770
109771
109772
109773
109774
109775
109776
110165
110166
110167
110168
110169
110170
110171
110172
110173
110174
110175
110176
110177
110178
110179
110180
110181
110182
110183
110184
110185
110266
110267
110268
110269
110373
110374
110375
110376
110377
110378
110379
110380
110381
110382
110383
110384
110385
110386
110387
110388
110389
110390
110391
110392
110393
110394
110395
110396
110397
110398
110399
110400
110401
110402
110403
110404
110405
110406
110407
110408
110442
110443
110480
110481
110482
110483
110484
110485
110486
110487
110488
110489
110490
110491
110492
110493
110494
110495
110496
110497
110498
110499
110945
110946
110947
110948
110949
110950
110951
110952
110953
110954
110955
110956
110957
110958
110959
110960
110961
110962
110963
110964
110965
110966
110967
110968
110969
110970
110971
110972
110973
110974
110975
110976
110977
110978
110979
110980
110981
110982
110983
110984
110985
110986
110987
110988
110989
110990
110991
110992
110996
110997
110998
110999
111000
111001
111002
111003
111004
111005
111006
111007
111008
111009
111010
111018
111019
111020
111021
111022
111023
111024
111025
111026
111027
111028
111029
111030
111031
111032
111033
111034
111035
111036
111037
111038
111039
111040
111041
111042
111043
111044
111045
111046
111047
111048
111049
111050
111051
111052
111053
111054
111055
111056
111057
111058
111059
111060
111061
111062
111079
111196
111197
111442
111443
111444
111445
111446
111447
111448
111449
111450
111453
111454
111455
111456
111457
111458
111479
111565
111624
111625
111626
111628
111629
111631
111632
111633
111635
111637
111640
111642
111645
111646
111675
111676
111677
111678
111679
111680
111681
111682
111683
111684
111685
111686
111688
111689
111690
111691
111692
111693
111694
111695
111696
111697
111698
111699
111700
111701
111702
111703
111706
111707
111708
111709
111710
111711
111712
111713
111714
111715
111716
111719
111722
111723
111724
111725
111726
111727
111728
111729
111730
111731
111732
111733
111734
111735
111736
111737
111738
111740
111741
111742
111743
111744
111745
111746
111747
111748
111749
111750
111751
111752
111753
111754
111755
111756
111757
111758
111759
111760
111761
111762
111763
111764
111765
111766
111776
111777
111778
112075
112459
112460
112461
112462
112463
112464
112465
112466
112467
112468
112469
112470
112471
112472
112473
112474
112500
112501
112502
112730
112731
112732
112733
112734
112735
112736
112737
112738
112739
112740
112741
112742
112743
112744
112745
112746
112747
112748
112749
112750
112751
112752
112753
112754
112755
112756
112757
112758
112759
112760
112761
112762
112763
112764
112765
112766
112767
112768
112769
112770
112771
112772
112773
112774
112775
112886
112887
112888
112889
112890
112891
112892
112893
112894
112895
112896
112897
112898
113258
113259
113260
113261
113262
113263
113264
113265
113266
113576
113579
113580
113581
113582
113583
113584
113585
113586
113587
113588
113589
113590
113591
113592
113593
113594
113595
113596
113597
113598
113599
114050
114051
114052
114053
114054
114057
114058
114059
114060
114061
114062
114208
114209
114210
114211
114212
114213
114214
114215
114216
114217
114218
114219
114220
114221
114222
114223
114224
114225
114243
114533
114534
114535
114536
114537
114538
114539
114540
114541
114542
114543
114544
114545
114546
114547
114548
114549
114550
114551
114552
114553
114554
114555
114556
114557
114558
114559
114560
114561
114562
114563
114564
114565
114566
114567
114568
114569
114570
114571
114572
114573
114574
114575
114581
114703
114704
114705
114706
114707
114708
114709
114710
114711
114712
114713
114714
114715
114842
114847
114878
114879
115020
115021
115022
115023
115024
115025
115026
115027
115028
115029
115035
115036
115037
115038
115039
115040
115041
115042
115043
115044
115045
115046
115047
115048
115049
115050
115051
115052
115053
115054
115055
115056
115057
115058
115059
115060
115061
115062
115063
115064
115065
115066
115067
115068
115069
115070
115071
115072
115073
115074
115162
115163
115164
115165
115166
115167
115168
115169
115170
115171
115172
115173
115174
115175
115176
115177
115178
115179
115180
115181
115182
115183
115184
115185
115186
115187
115188
115189
115190
115191
115192
115193
115194
115195
115196
115197
115198
115199
115200
115201
115202
115203
115204
115205
115206
115207
115208
115209
115210
115211
115212
115213
115214
115215
115216
115217
115218
115219
115220
115221
115222
115223
115224
115225
115226
115227
115380
115381
115382
115384
115385
115386
115396
115397
115398
115413
115414
115547
115548
116865
117025
117026
117027
117028
117029
117030
117031
117032
117033
117034
117035
117036
117037
117038
117039
117040
117041
117042
117043
117044
117045
117046
117047
117048
117049
117050
117051
117052
117273
117274
117275
117276
117277
117278
117279
117280
117281
117282
117283
117284
117285
117286
117287
117288
117289
117290
117291
117292
117293
117294
117295
117296
117297
117298
117299
117300
117301
117302
117303
117304
117305
117306
117307
117308
117309
117310
117311
117312
117313
117314
117315
117316
117317
117318
117319
117320
117321
117322
117323
117324
117325
117326
117327
117328
117329
117330
117331
117332
117333
117334
117335
117336
117337
117338
117339
117340
117341
117342
117343
117344
117345
117346
117347
117348
117349
117350
117351
117352
117353
117354
117355
117356
117357
117358
117359
117360
117361
117362
117363
117364
117365
117366
117367
117368
117369
117370
117371
117372
117373
117374
117375
117376
117377
117378
117379
117380
117381
117382
117383
117384
117385
117386
117387
117388
117389
117390
117391
117392
117393
117394
117395
117396
117397
117398
117399
117400
117401
117402
117403
117404
117405
117409
117410
117411
117412
117413
117414
117415
117416
117417
117418
117419
117420
117421
117422
117423
117424
117425
117426
117427
117428
117429
117430
117431
117432
117433
117434
117435
117436
117437
117438
117439
117440
117441
117442
117443
117444
117445
117446
117447
117448
117449
117450
117451
117452
117453
117454
117455
117456
117457
117458
117459
117460
117461
117462
117463
117464
117465
117466
117467
117468
117469
117470
117471
117472
117473
117474
117475
117476
117477
117478
117479
117480
117481
117482
117483
117484
117485
117486
117487
117488
117489
117490
117608
117609
117610
117611
117612
117613
117614
117615
117616
117617
117618
117619
117620
117621
117622
117623
117624
117625
117626
117627
117628
117629
117630
117631
117632
117633
117634
117635
117636
117637
117638
117639
117640
117641
117642
117643
117644
117645
117646
117647
117648
117649
117650
117651
117652
117653
117654
117655
117682
117683
117684
117685
117686
117687
117688
117689
117690
117691
117692
117693
117695
117696
117697
117698
117699
117700
117701
117702
117703
117704
117713
117714
117715
117716
117717
117718
117719
117720
117721
117722
117723
117724
117725
117726
117727
117728
117729
117730
117731
117732
117733
117734
117735
117736
117737
117738
117739
117740
117741
117742
117745
117748
117749
117750
117751
117752
117753
117754
117755
117756
117757
117758
117759
117760
117761
117762
117763
117764
117765
117766
117767
117769
117770
117771
117772
117773
117774
117775
117936
117937
117938
117939
117940
117941
117943
117944
118082
118083
118325
118326
118327
118328
118329
118330
118331
118332
118333
118334
118335
118409
118410
118411
118412
118413
118414
118415
118416
118417
118418
118419
118420
118421
118422
118423
118424
118425
118426
118427
118428
118429
118566
118744
118867
118868
118869
118870
118871
118872
118873
118874
118875
118876
118877
118878
118879
118880
119348
119440
119504
119505
119506
119507
119508
119509
119510
119511
119512
119513
119514
119515
119516
119517
119518
119519
119520
119521
120021
120022
120101
120102
120103
120104
120105
120106
120108
120109
120110
120111
120112
120113
120114
120117
120169
120170
120172
120173
120174
120175
120176
120177
120178
120179
120180
120181
120182
120183
120184
120185
120186
120187
120188
120189
120190
120191
120222
120364
120365
120366
120424
120425
120426
120433
120456
120457
120670
120671
120672
120673
120674
120858
120916
120917
120918
120919
120920
120921
120922
120923
120924
120925
120926
120927
120928
120929
120965
121240
121241
121242
121243
121244
121245
121246
121247
121248
121249
121250
121251
121252
121253
121254
121255
121256
121257
121258
121259
121260
121261
121262
121263
121264
121265
121266
121267
121268
121269
121270
121271
121272
121273
121274
121590
121591
121592
121593
121594
121595
121596
121597
121598
121599
121639
121640
121641
121642
121643
121644
121645
121646
121647
121648
121649
121650
121651
121652
121653
121654
121655
121656
121657
121658
121659
121660
121662
121663
121664
121665
121666
121667
121668
121669
121670
121671
121672
121673
121674
121675
121676
121677
121678
121679
121680
121681
121682
121683
121684
121685
121686
121687
121688
121689
121690
121691
121692
121693
121694
121695
121696
121697
121698
121699
121700
121701
121702
121703
121704
121705
121706
121707
121708
121709
121710
121711
121712
121713
121760
121761
121762
121763
121764
121765
121911
121912
121913
121914
121915
121916
121917
121918
121919
121920
121921
121922
121923
121924
121925
121926
121927
121928
121929
121930
121931
121932
121933
121934
121935
121936
121937
121938
121939
121940
121941
121942
121943
121944
121945
121946
121947
121948
121949
121950
121951
121952
121953
121954
121955
121956
121957
121958
121959
121960
121961
121962
121963
121964
121965
121966
121967
121968
121969
121970
121971
121972
121973
121974
121975
121976
121977
121978
121979
121980
121987
121988
121989
121990
121991
121992
121993
121994
121995
121996
121997
121998
121999
122000
122001
122002
122003
122004
122005
122006
122007
122008
122031
122032
122033
122034
122035
122036
122037
122038
122039
122040
122041
122042
122043
122044
122045
122046
122047
122048
122049
122050
122051
122052
122053
122054
122055
122056
122057
122058
122059
122060
122061
122062
122063
122064
122065
122066
122067
122068
122069
122070
122071
122072
122073
122074
122075
122076
122077
122078
122079
122080
122082
122083
122084
122085
122086
122088
122090
122373
122374
122375
122495
122496
122497
122498
122499
122500
122501
122502
122503
122504
122505
122506
122507
122508
122509
122510
122511
122512
122513
122514
122515
122516
122517
122518
122519
122520
122521
122522
122523
122524
122525
122526
122527
122558
122559
122560
122561
122562
122563
122564
122565
122566
122567
122568
122569
122570
122571
122572
122573
122574
122575
122576
122577
122578
122579
122580
122581
122676
122677
122678
122679
122680
122681
122682
122683
122684
122685
122686
122687
122688
122689
122690
122691
122692
122693
122694
122695
122696
122697
122698
122699
122700
122701
122702
122703
122704
122705
122707
122708
122709
122710
122711
122712
122713
122714
122715
122716
122717
122718
122719
122720
122721
122722
122723
122724
122725
122726
122727
122729
122730
122731
123028
123029
123030
123031
123032
123033
123034
123035
123036
123037
123038
123039
123040
123041
123042
123043
123044
123045
123046
123047
123048
123049
123050
123051
123052
123053
123054
123055
123056
123057
123058
123059
123060
123061
123062
123063
123064
123065
123066
123067
123068
123069
123070
123071
123072
123073
123074
123075
123076
123077
123078
123079
123213
123216
123258
123259
123260
123261
123262
123263
123264
123265
123266
123267
123268
123269
123270
123271
123272
123273
123274
123275
123276
123277
123278
123279
123280
123281
123282
123283
123284
123285
123286
123287
123288
123289
123290
123291
123292
123293
123543
123544
123545
123546
123547
123548
123549
123550
123551
123552
123553
123554
123555
123556
123557
123568
123569
123570
123571
123572
123573
123574
123575
123576
123577
123578
123579
123580
123581
123582
123583
123584
123585
123586
123587
123588
123589
123590
123945
123946
123947
123948
123949
123950
123951
123952
123953
123954
123955
123956
123957
123958
123959
123960
123961
123962
123963
123965
123966
123967
123968
123969
123970
123971
124038
124039
124040
124041
124042
124043
124044
124045
124046
124047
124048
124049
124050
124051
124052
124053
124054
124055
124056
124057
124058
124059
124060
124063
124064
124065
124066
124067
124068
124069
124070
124071
124072
124073
124074
124077
124078
124079
124080
124081
124085
124086
124088
124089
124090
124091
124092
124150
124151
124152
124153
124154
124155
124156
124157
124158
124159
124160
124161
124162
124163
124164
124165
124166
124167
124168
124169
124170
124171
124172
124173
124174
124175
124176
124177
124178
124179
124180
124181
124182
124183
124184
124185
124186
124187
124188
124189
124190
124191
124192
124193
124194
124195
124196
124197
124198
124199
124200
124201
124202
124203
124204
124205
124206
124207
124208
124209
124210
124211
124212
124213
124214
124215
124216
124217
124218
124219
124220
124221
124222
124424
124594
124595
124596
124597
124598
124599
124600
124601
124602
124603
124604
124605
124606
124607
124608
124609
124610
124613
124614
124615
124616
124617
124618
124619
124620
124621
124622
124623
124624
124625
124626
124627
124628
124629
124630
124631
124632
124633
124634
124635
124636
124637
124638
124639
124640
124641
124642
124643
124644
124645
124646
124647
124648
124649
124650
124651
124652
124653
124654
124655
124656
124657
124658
124659
124660
124661
124662
124663
124664
124665
124666
124667
124668
124669
124670
124671
124672
124673
124674
124675
124676
124677
124678
124679
124680
124681
124682
124683
124684
124685
124686
124687
124688
124694
124695
124696
124697
124698
124699
124700
124701
124702
124703
124704
124705
124706
124707
124708
124709
124710
124711
124712
124713
124714
124715
124716
124717
124718
124719
124720
124721
124722
124723
124724
124725
124726
124727
124728
124729
124730
124731
124732
124733
124734
124735
124736
125603
125604
125605
125606
125607
125608
125609
125610
125611
125612
125792
125793
125794
125795
125797
125798
125799
125800
125801
125802
125803
125804
125805
125807
125813
125814
125817
125818
125819
125820
125821
125822
125823
125824
125825
125826
125827
125828
125829
125848
125859
125860
125890
125910
125911
125912
125913
125914
125915
125916
125917
125918
125919
125920
125921
125922
125923
125924
125925
125926
125927
125928
125929
125930
125931
125932
125933
125934
125935
125936
125937
125938
125939
125940
125941
125942
125943
125944
125954
125955
125956
125958
125959
125960
125961
125962
125964
125965
125966
125967
125968
126072
126073
126074
126075
126076
126077
126078
126079
126080
126081
126082
126083
126084
126085
126086
126087
126088
126089
126090
126091
126092
126093
126094
126097
126098
126099
126100
126101
126102
126103
126104
126105
126106
126107
126108
126109
126110
126111
126112
126113
126114
126115
126116
126117
126118
126119
126120
126121
126442
126443
126444
126445
126446
126447
126448
126449
126450
126451
126452
126453
126454
126455
126456
126457
126458
126459
126460
126461
126462
126463
126464
126465
126466
126467
126468
126469
126470
126471
126472
126473
126474
126486
126487
126488
126489
126490
126491
126492
126493
126494
126498
126499
126500
126501
126502
126503
126504
126505
126506
126507
126508
126509
126510
126511
126513
126514
126515
126516
126517
126518
126519
126520
126521
126522
126523
126524
126525
126526
126527
126724
127029
127030
127031
127032
127033
127034
127035
127036
127037
127038
127039
127040
127041
127042
127043
127044
127045
127046
127047
127048
127049
127050
127051
127052
127053
127054
127055
127056
127057
127058
127059
127060
127061
127062
127063
127064
127065
127066
127067
127068
127069
127070
127071
127072
127073
127074
127075
127076
127077
127078
127080
127081
127082
127083
127084
127085
127086
127087
127088
127089
127090
127091
127092
127093
127094
127095
127096
127097
127098
127099
127100
127102
127103
127104
127105
127106
127107
127108
127109
127592
127593
127594
127661
127662
127663
127664
127665
127666
127667
127668
127669
127670
127671
127672
127673
127674
127675
127676
127677
127678
127729
127736
127740
127750
127753
127754
127759
127760
127761
127762
127763
127764
127765
127766
127767
127768
127769
127770
127771
127772
127773
127774
127775
127776
127777
127778
127780
127781
127782
127783
127784
127785
127786
127787
127788
127789
127790
127791
127792
127793
127798
127799
127801
127802
127803
127805
127806
127808
127809
127810
127811
127812
127813
127814
127815
127840
127841
127842
127843
127844
127845
127846
127847
127848
127849
127850
127851
127852
127853
127854
127855
127856
127857
127858
127859
127860
127861
127862
127863
127864
127865
127866
127867
127868
127962
128082
128083
128084
128085
128086
128087
128088
128089
128090
128091
128092
128093
128094
128095
128096
128097
128098
128099
128100
128101
128102
128107
128108
128109
128110
128111
128112
128113
128114
128115
128116
128117
128118
128119
128120
128121
128127
128422
128425
128515
128516
128517
128518
128519
128520
128521
128522
128523
128524
128525
128526
128527
128528
128529
128544
128547
128548
128549
128550
128551
128552
128553
128554
128555
128559
128560
128564
128566
128576
128928
128929
128930
128931
128932
128933
128934
128935
129147
129148
129149
129150
129151
129152
129153
129154
129155
129156
129157
129158
129159
129160
129161
129162
129163
129164
129165
129166
129167
129168
129169
129170
129171
129172
129173
129174
129175
129176
129177
129178
129191
129192
129471
129472
129473
129474
129475
129476
129477
129478
129479
129480
129481
129482
129483
129484
129485
129486
129487
129549
129550
129551
129570
129589
129590
129591
129592
129593
129594
129595
129596
129597
129598
129599
129600
129601
129602
129603
129604
129605
129606
129607
129608
129609
129610
129611
129612
129613
129614
129615
129616
129617
129618
129619
129620
129621
129622
129623
129624
129625
129626
129627
129628
129629
129630
129631
129632
129633
129634
129635
129636
129637
129638
129639
129640
129641
129642
129643
129644
129645
129646
129647
129648
129649
129650
129651
129652
129653
129655
129656
129657
129658
129659
129660
129661
129662
129663
129664
129665
129666
129667
129668
129669
129670
129671
129672
129673
129674
129675
129676
129677
129678
129679
129680
129681
129682
129683
129684
129685
129686
129687
129688
129689
129690
129691
129692
129693
129694
129695
129696
129697
129698
129699
129700
129701
129702
129703
129704
129705
129706
129707
129708
129709
129711
129712
129713
129714
129715
129716
129717
129802
129803
129806
129807
129808
129809
129810
129811
129812
129813
129814
129815
129816
129819
129820
129821
129822
129823
129824
129825
129826
129827
129828
129829
129830
130317
130318
130319
130320
130321
130322
130323
130324
130325
130326
130330
130331
130332
130333
130334
130335
130336
130337
130338
130339
130340
130341
130342
130343
130344
130345
130346
130347
130348
130349
130350
130351
130352
130353
130354
130355
130356
130357
130358
130359
130360
130361
130362
130363
130364
130365
130366
130367
130368
130846
130847
130848
130849
130850
130851
130852
130853
130854
130855
130856
130857
130858
130859
130860
130861
130862
130863
130864
130865
130866
130867
130868
130869
130870
130871
130872
130873
130874
130875
130876
130879
130892
130893
130894
131162
131163
131164
131165
131166
131167
131168
131169
131170
131171
131172
131173
131174
131175
131176
131177
131178
131179
131180
131181
131182
131183
131184
131185
131186
131187
131188
131189
131191
131193
131194
131195
131196
131197
131198
131199
131200
131201
131202
131203
131204
131205
131206
131207
131391
131394
131395
131396
131444
131445
131446
131447
131448
131449
131450
131451
131452
131453
131454
131455
131456
131457
131458
131459
131460
131461
131462
131463
131464
131466
131467
131468
131469
131470
131471
131472
131473
131474
131475
131476
131477
131478
131479
131480
131481
131482
131483
131484
131485
131486
131487
131488
131489
131490
131491
131492
131493
131494
131495
131496
131497
131498
131499
131500
131501
131502
131503
131504
131505
131506
131507
131508
131509
131510
131511
131512
131513
131514
131515
131516
131517
131518
131519
131520
131521
131522
131523
131524
131525
131526
131527
131528
131529
131530
131531
131532
131533
131534
131535
131546
131547
131548
131549
131551
131552
131553
131554
131555
131556
131658
131659
131660
131661
131662
132084
132085
132086
132087
132088
132089
132090
132091
132128
132129
132130
132131
132339
132340
132341
132342
132343
132344
132345
132346
132347
132348
132349
132350
132351
132352
132353
132354
132355
132356
132358
132359
132360
132361
132362
132363
132367
132368
132369
132370
132371
132372
132373
132374
132375
132376
132377
132378
132379
132380
132381
132382
132383
132384
132385
132386
132387
132505
132506
132507
132508
132509
132510
132511
132512
132513
132514
132515
132516
132517
132518
132519
132520
132521
132522
132523
132524
132525
132529
132530
132531
132532
132533
132534
132535
132536
132537
132538
132539
132540
132541
132542
132543
132544
132545
132546
132549
132550
132593
132594
132595
132639
132640
132641
132642
132643
132644
132645
132646
132647
132648
132649
132650
132651
132652
132653
132654
132655
132656
132657
132658
132659
132660
132661
132662
132663
132664
132665
132666
132667
132668
132669
132670
132671
132672
132673
132936
132937
132938
132939
132940
132941
132942
132943
132944
132945
132946
132947
132948
132949
132950
132951
132952
132953
132954
132955
132956
132957
132958
132970
132971
132972
132973
132974
132975
132976
132977
132978
132979
132980
132981
132982
132983
132984
132985
132986
132987
132988
132989
132990
132991
132992
132993
132994
132995
132996
132997
132998
132999
133000
133001
133002
133003
133004
133005
133006
133007
133008
133009
133010
133011
133012
133013
133014
133015
133016
133017
133018
133019
133020
133021
133022
133023
133024
133025
133026
133027
133028
133029
133030
133031
133032
133033
133034
133035
133036
133037
133038
133039
133040
133041
133042
133043
133044
133045
133046
133047
133048
133049
133050
133051
133052
133053
133054
133055
133056
133057
133058
133059
133060
133061
133062
133134
133135
133136
133137
133138
133139
133140
133141
133142
133143
133144
133145
133146
133147
133148
133149
133150
133151
133152
133153
133154
133155
133156
133157
133158
133159
133160
133161
133162
133213
133214
133215
133216
133217
133218
133219
133220
133476
133477
133478
133479
133480
133481
133482
133483
133484
133485
133553
133554
133585
133586
133587
133588
133589
133590
133591
133592
133593
133594
133595
133596
133597
133598
133599
133600
133601
133602
133603
133604
133605
133606
133607
133608
133609
133610
133611
133612
133613
133614
133615
133616
133617
133618
133619
133620
133621
133622
133623
133624
133625
133626
133627
133628
133629
133630
133631
133632
133633
133634
133635
133636
133637
133638
133639
133640
133641
133642
133643
133644
133645
133646
133647
133648
133649
133650
133651
133652
133653
133654
133655
133656
133657
133658
133659
133660
133661
133662
133663
133664
133665
133666
133667
133668
133669
133670
133671
133672
133673
133674
133675
133676
133677
133678
133679
133680
133681
133682
133683
133684
133685
133686
133687
133688
133689
133690
133691
133692
133693
133694
133695
133696
133697
133698
133699
133700
133701
133702
133703
133785
133786
133787
133788
133792
133793
133794
133795
133796
133797
133798
133799
133800
133801
133802
133803
133804
133805
133806
133807
133808
133809
133810
133811
133812
133813
133815
133822
133823
133824
133825
133826
133827
133828
133829
133830
133831
133832
133833
133834
133835
133836
133837
133838
133839
133840
133841
133842
133866
133867
133868
133869
133870
133871
133872
133873
133874
133875
133876
133877
133878
133879
133880
133881
133882
133883
133884
133885
133886
133887
133888
134036
134037
134039
134040
134042
134044
134046
134048
134049
134050
134051
134052
134053
134054
134055
134056
134057
134058
134059
134060
134061
134062
134063
134064
134065
134066
134067
134068
134069
134070
134071
134072
134073
134074
134075
134076
134077
134078
134079
134080
134081
134082
134083
134084
134085
134086
134087
134088
134089
134090
134091
134092
134093
134094
134095
134096
134097
134098
134099
134100
134101
134102
134103
134104
134105
134106
134107
134108
134109
134110
134111
134112
134113
134114
134115
134116
134117
134118
134119
134120
134121
134122
134123
134124
134125
134126
134127
134128
134129
134130
134131
134132
134133
134134
134135
134136
134137
134138
134139
134140
134141
134142
134143
134144
134145
134146
134147
134148
134149
134150
134151
134152
134153
134154
134155
134156
134157
134158
134159
134160
134161
134162
134163
134164
134165
134166
134167
134168
134169
134170
134171
134172
134173
134174
134175
134176
134177
134178
134179
134180
134181
134182
134183
134184
134185
134186
134187
134188
134189
134190
134191
134192
134193
134194
134195
134196
134197
134198
134199
134200
134201
134202
134204
134205
134207
134209
134210
134213
134214
134215
134216
134217
134218
134219
134220
134221
134222
134223
134224
134225
134226
134229
134230
134231
134232
134233
134234
134235
134237
134238
134239
134240
134241
134242
134243
134244
134245
134246
134247
134248
134249
134250
134251
134252
134253
134254
134255
134256
134257
134258
134259
134260
134263
134264
134265
134266
134270
134271
134291
134292
134293
134294
134295
134296
134297
134298
134299
134300
134301
134302
134303
134304
134305
134306
134307
134308
134309
134310
134311
134312
134313
134314
134321
134322
134323
134324
134325
134326
134327
134328
134329
134330
134331
134332
134333
134334
134335
134343
134344
134345
134346
134347
134348
134349
134350
134376
134377
134378
134379
134380
134381
134382
134383
134384
134459
134460
134480
134481
134486
134487
134488
134489
134490
134491
134492
134493
134494
134495
134496
134497
134498
134499
134500
134501
134620
134622
134624
134626
134628
134637
134638
134641
134642
134643
134644
134645
134646
134647
134648
134649
134650
134651
134652
134653
134654
134655
134656
134657
134658
134659
134660
134661
134662
134663
134664
134665
134666
134667
134668
134669
134670
134671
134672
134673
134691
134692
134693
134694
134695
134696
134697
134702
134703
134704
134705
134706
134707
134708
134709
134710
134711
134712
134713
134714
134715
134716
134717
134718
134719
134720
134721
134722
134723
134724
134725
134726
134727
134728
134729
134730
134731
134809
134810
134811
134812
134840
134841
134842
134843
134844
134845
134862
134863
134864
134865
134866
134867
134868
134869
134870
134871
134872
134873
134934
134935
134936
134937
134938
134939
134940
134941
134942
134943
134944
134945
134946
134947
134948
134949
134950
134951
134952
134953
134954
134955
134956
134957
134958
134989
135001
135002
135003
135004
135005
135006
135016
135017
135021
135022
135024
135025
135026
135027
135028
135029
135030
135034
135035
135036
135037
135041
135042
135043
135045
135046
135047
135048
135049
135050
135051
135053
135054
135055
135056
135057
135058
135059
135060
135062
135063
135064
135065
135066
135067
135068
135071
135072
135073
135074
135075
135077
135078
135081
135084
135087
135088
135089
135090
135091
135092
135093
135094
135095
135100
135101
135107
135108
135109
135110
135111
135112
135113
135114
135115
135116
135117
135118
135119
135120
135121
135122
135123
135124
135125
135126
135127
135128
135129
135130
135131
135132
135133
135134
135135
135136
135137
135138
135139
135140
135141
135142
135143
135152
135153
135154
135155
135156
135157
135158
135159
135186
135187
135188
135189
135202
135203
135204
135300
135301
135302
135303
135304
135305
135306
135307
135308
135309
135334
135335
135336
135337
135338
135339
135340
135341
135342
135343
135344
135345
135346
135347
135348
135349
135350
135351
135352
135353
135354
135355
135356
135357
135358
135359
135360
135361
135362
135363
135364
135365
135366
135367
135368
135369
135370
135371
135372
135373
135374
135375
135376
135377
135378
135379
135380
135381
135382
135383
135384
135385
135386
135405
135406
135407
135497
135498
135499
135500
135501
135502
135503
135504
135505
135506
135639
135640
135643
135644
135645
135815
135816
135817
135818
135819
135820
136026
136027
136028
136029
136030
136031
136032
136033
136034
136035
136036
136041
136042
136043
136044
136045
136046
136047
136048
136049
136050
136051
136052
136053
136054
136055
136056
136057
136058
136059
136060
136061
136062
136063
136064
136065
136066
136067
136068
136069
136102
136143
136247
136248
136249
136250
136251
136252
136253
136254
136255
136256
136257
136258
136259
136260
136261
136262
136263
136264
136265
136284
136285
136286
136287
136288
136289
136290
136291
136292
136293
136294
136295
136373
136374
136375
136376
136377
136378
136379
136380
136381
136382
136383
136384
136385
136386
136387
136388
136389
136390
136391
136392
136393
136394
136395
136396
136397
136398
136435
136436
136437
136438
136439
136440
136441
136442
136510
136511
136512
136513
136514
136515
136516
136517
136518
136519
136520
136553
136554
136555
136556
136557
136558
136559
136560
136561
136562
136563
136564
136565
136566
136567
136568
136569
136570
136571
136572
136573
136574
136575
136576
136577
136578
136579
136580
136581
136582
136583
136584
136585
136586
136587
136588
136589
136590
136591
136592
136593
136594
136595
136596
136597
136631
136632
136633
136634
136635
136636
136637
136638
136639
136640
136641
136642
136703
137044
137045
137046
137047
137048
137049
137050
137051
137052
137053
137054
137055
137056
137308
137309
137310
137311
137312
137313
137314
137315
137316
137317
137318
137319
137320
137321
137322
137326
137327
137328
137329
137330
137331
137332
137333
137334
137335
137336
137337
137338
137339
137340
137341
137342
137343
137344
137363
137365
137366
137367
137368
137369
137371
137372
137373
137374
137375
137376
137377
137378
137379
137380
137381
137382
137383
137384
137385
137386
137387
137388
137389
137390
137391
137392
137393
137394
137395
137396
137397
137398
137399
137400
137401
137402
137403
137404
137405
137406
137407
137408
137409
137410
137411
137412
137413
137414
137476
137628
137629
137630
137631
137632
137633
137634
137635
137636
137637
137638
137639
137640
137641
137642
137643
137644
137645
137646
137647
137648
137649
137650
137651
137771
137817
137818
137819
137820
137821
137822
137823
137824
137825
137826
137827
137828
137829
137830
137831
137832
137833
137834
137835
137836
137837
137839
137840
137841
137842
137843
137844
137946
137947
137948
137949
137950
137951
137952
137953
137954
137955
137956
137957
137958
137959
137960
137961
137962
137963
137964
137965
137966
137967
137968
137969
137970
137971
137972
137973
137974
137975
137976
137977
137978
137979
137980
137981
137982
137983
137984
137985
137986
137987
137988
137989
137995
137996
137997
137998
137999
138000
138001
138002
138003
138004
138005
138006
138007
138008
138009
138353
138354
138355
138356
138357
138358
138359
138360
138361
138362
138363
138364
138365
138366
138367
138368
138369
138370
138371
138372
138373
138374
138375
138376
138377
138378
138379
138380
138381
138382
138383
138384
138385
138386
138387
138388
138389
138390
138391
138392
138393
138394
138395
138396
138397
138398
138399
138400
138401
138402
138403
138404
138405
138406
138407
138461
138462
138463
138464
138465
138466
138467
138468
138469
138470
138471
138472
138473
138474
138475
138476
138477
138478
138479
138480
138481
138482
138483
138484
138485
138486
138487
138488
138489
138490
138491
138492
138493
138494
138495
138496
138497
138498
138499
138500
138501
138502
138503
138504
138505
138506
138507
138508
138509
138510
138711
138712
138713
138714
138715
138716
138717
138718
138719
138720
138721
138722
138723
138724
138725
138726
138727
138728
138729
138730
138731
138732
138733
138734
138735
138736
138737
138738
138739
138740
138741
138742
138743
138744
138745
138746
138747
138748
138749
138750
138751
138752
138753
138754
138755
138756
138757
138758
138759
138760
138761
138762
138763
138764
138765
138766
138767
138768
138769
138770
138771
138772
138773
138774
138775
138776
138777
138778
138779
138780
138781
138782
138783
138784
138785
138786
138787
138788
138789
138790
138791
138799
138988
138989
138990
138991
138992
138993
138994
138995
138996
138997
138998
138999
139000
139001
139002
139003
139027
139028
139029
139030
139038
139039
139040
139041
139042
139043
139215
139216
139242
139243
139244
139245
139246
139247
139248
139358
139359
139362
139364
139365
139366
139367
139368
139369
139370
139371
139777
139778
139779
139780
139781
139782
139783
139784
139817
139818
139819
139820
139877
139911
139912
139913
139914
139915
139916
139917
139918
139919
139920
139921
139985
139986
140112
140113
140114
140115
140116
140117
140118
140119
140120
140121
140122
140123
140124
140125
140126
140127
140128
140129
140130
140131
140132
140133
140134
140135
140136
140137
140138
140139
140140
140141
140142
140143
140144
140145
140146
140147
140148
140149
140150
140151
140152
140153
140154
140155
140156
140157
140158
140159
140160
140161
140195
140196
140197
140198
140199
140200
140201
140202
140203
140204
140205
140206
140207
140208
140209
140210
140211
140212
140213
140214
140215
140216
140217
140218
140219
140220
140221
140222
140223
140224
140225
140226
140227
140228
140229
140230
140231
140232
140233
140234
140235
140236
140245
140246
140247
140248
140249
140250
140251
140252
140253
140254
140255
140256
140257
140258
140259
140260
140261
140262
140263
140264
140265
140266
140267
140268
140269
140270
140271
140272
140273
140274
140275
140276
140277
140278
140279
140280
140281
140282
140283
140284
140285
140286
140287
140358
140359
140360
140361
140362
140363
140364
140365
140366
140367
140368
140369
140370
140371
140372
140373
140375
140376
140377
140449
140505
140506
140507
140508
140509
140510
140511
140512
140513
140514
140515
140516
140517
140518
140519
140520
140521
140522
140523
140524
140525
140526
140527
140528
140529
140530
140531
140532
140533
140534
140535
140536
140537
140538
140539
140540
140541
140542
140543
140544
140545
140546
140547
140548
140549
140550
140551
140552
140553
140554
140555
140556
140557
140562
140596
140597
140598
140599
140600
140601
140602
140603
140604
140605
140606
140607
140608
140609
140610
140611
140612
140613
140614
140615
140616
140617
140618
140619
140666
140667
140668
140983
140984
140985
140986
140987
140988
140990
141012
141013
141014
141015
141016
141017
141018
141019
141020
141021
141022
141023
141024
141025
141026
141027
141028
141029
141030
141031
141032
141033
141034
141035
141036
141037
141038
141039
141040
141041
141042
141043
141044
141045
141046
141047
141048
141049
141050
141051
141052
141053
141054
141055
141056
141057
141058
141059
141060
141061
141062
141091
141092
141096
141097
141098
141099
141100
141101
141102
141103
141104
141105
141106
141107
141108
141109
141110
141111
141112
141113
141114
141115
141116
141117
141118
141119
141120
141121
141122
141123
141124
141125
141126
141127
141129
141130
141131
141132
141133
141134
141135
141136
141137
141138
141139
141140
141141
141142
141143
141144
141145
141146
141147
141209
141210
141277
141278
141279
141280
141281
141339
141340
141341
141342
141343
141344
141345
141346
141347
141348
141350
141351
141352
141353
141354
141355
141356
141357
141358
141359
141360
141361
141362
141363
141364
141365
141366
141367
141368
141369
141370
141371
141372
141373
141382
141383
141384
141385
141386
141387
141388
141644
141645
141659
141660
141694
141695
141696
141697
141699
141700
141701
141702
141703
141704
141705
141706
141707
141708
141709
141841
141842
141843
141844
141845
141846
141867
141868
141869
141870
141871
141872
141873
141874
141875
141876
141877
141878
141879
141880
141881
141882
141883
141974
142005
142006
142007
142008
142009
142010
142011
142012
142013
142014
142015
142016
142017
142018
142019
142020
142021
142022
142023
142024
142025
142026
142027
142028
142029
142030
142031
142032
142033
142034
142035
142036
142037
142038
142039
142040
142041
142042
142043
142044
142045
142046
142047
142048
142049
142050
142054
142055
142056
142057
142145
142146
142147
142148
142149
142150
142151
142152
142153
142154
142155
142156
142157
142158
142159
142160
142161
142162
142163
142164
142165
142166
142167
142168
142169
142170
142171
142172
142173
142174
142175
142176
142177
142178
142179
142185
142186
142188
142189
142190
142192
142194
142447
142448
142449
142450
142451
142452
142453
142454
142455
142456
142457
142458
142460
142663
142664
142665
142750
142751
142752
142753
142754
142794
142795
142865
142866
142867
142868
142869
142870
142871
142872
142873
142874
142876
143002
143053
143054
143055
143056
143057
143058
143059
143060
143061
143062
143063
143064
143065
143066
143068
143069
143070
143071
143072
143073
143074
143075
143076
143077
143078
143079
143080
143081
143082
143083
143084
143085
143086
143087
143088
143089
143090
143091
143092
143093
143094
143095
143096
143097
143098
143099
143100
143101
143102
143103
143104
143105
143106
143107
143108
143109
143110
143111
143112
143113
143114
143115
143116
143117
143118
143119
143120
143121
143122
143123
143124
143125
143126
143127
143128
143129
143130
143131
143132
143133
143134
143135
143136
143137
143138
143139
143140
143141
143142
143143
143144
143145
143146
143147
143148
143149
143150
143151
143152
143793
143795
143796
143797
143850
143851
143852
143853
143854
143855
143856
143857
143858
143859
143860
143861
143862
143863
143864
143865
143866
143867
143868
143869
143870
143871
143872
143873
143874
143875
143876
144314
144315
144373
144374
144375
144376
144377
144378
144379
144380
144381
144515
144523
144524
144525
144526
144527
144528
144529
144598
144599
144600
144601
144602
144603
144604
144605
144606
144607
144608
144609
144610
144611
144612
144613
144614
144615
144616
144617
144618
144619
144620
144621
144622
144623
144624
144625
144626
144627
144628
144629
144630
144631
144632
144633
144634
144635
144636
144637
144638
144639
144640
144641
144642
144643
144644
144645
144646
144647
144648
144649
144650
144651
144652
144653
144654
144655
144656
144657
144658
144659
144660
144661
144662
144663
144664
144665
144666
144667
144668
144669
144670
144671
144672
144673
144674
144675
144676
144677
144678
144683
144764
144811
144812
144813
144814
144815
144816
144817
144818
144819
144820
144821
144822
144823
144824
144825
144826
144827
144828
144829
144830
144831
144832
144833
144834
144835
144836
144837
144838
144839
144840
144841
144842
144843
144844
144845
144846
144847
144848
144849
144850
144851
144852
144853
144854
144855
144856
144857
144858
144859
144860
144861
144862
144870
144871
144872
144873
144874
144875
144876
144877
144878
144879
144880
144881
144882
144883
144884
144885
144886
144887
144888
144889
144890
144891
144892
144893
144894
144895
144896
144897
144898
144899
144900
144901
144902
144903
144904
144905
145039
145040
145041
145042
145043
145044
145045
145046
145047
145048
145049
145050
145051
145052
145053
145054
145055
145056
145057
145058
145059
145060
145061
145062
145063
145064
145065
145066
145067
145068
145069
145070
145071
145072
145073
145074
145075
145076
145077
145078
145079
145080
145081
145082
145083
145084
145085
145086
145087
145088
145089
145090
145091
145092
145093
145094
145095
145096
145097
145098
145099
145100
145101
145102
145103
145104
145105
145106
145107
145108
145109
145110
145111
145112
145113
145114
145115
145116
145117
145118
145119
145135
145136
145137
145138
145139
145140
145141
145142
145143
145144
145145
145146
145147
145148
145299
145300
145301
145302
145303
145304
145305
145308
145309
145310
145311
145312
145313
145314
145315
145316
145317
145318
145319
145320
145321
145322
145323
145324
145325
145326
145327
145328
145329
145330
145331
145332
145333
145378
145379
145380
145381
145382
145383
145384
145385
145386
146123
146152
146153
146154
146155
146156
146157
146158
146159
146160
146161
146162
146163
146164
146165
146166
146167
146168
146169
146170
146171
146172
146173
146174
146175
146176
146177
146178
146179
146180
146181
146182
146183
146184
146185
146186
146187
146188
146189
146190
146191
146192
146193
146194
146195
146196
146197
146198
146199
146200
146201
146202
146203
146204
146205
146206
146207
146208
146209
146210
146211
146212
146213
146214
146215
146216
146217
146218
146219
146220
146221
146222
146223
146224
146225
146226
146227
146228
146229
146230
146231
146232
146233
146234
146235
146236
146237
146238
146239
146240
146241
146242
146243
146244
146245
146246
146247
146248
146249
146250
146251
146252
146253
146254
146255
146256
146257
146258
146259
146260
146261
146262
146267
146268
146331
146332
146333
146334
146335
146336
146337
146338
146339
146515
146516
146517
146523
146524
146525
146526
146527
146665
146666
146683
146684
146685
146686
146687
146688
146689
146690
146691
146692
146693
146694
146742
146743
146744
146745
146746
146747
146748
146749
146772
146850
146851
146852
146853
146854
146855
146856
146857
146858
146859
146875
146877
146878
146879
146880
146881
146882
146883
146884
146886
146887
146888
146889
146930
146931
146932
146933
146934
146970
146971
146972
146973
146974
146975
146976
146977
146978
146979
146980
146981
146982
146983
146984
146985
146986
146987
146988
146989
146990
146991
147042
147080
147081
147082
147083
147084
147085
147086
147087
147088
147089
147090
147159
147160
147161
147162
147164
147166
147167
147168
147169
147170
147171
147172
147173
147174
147175
147176
147177
147178
147179
147180
147181
147182
147183
147197
147198
147199
147200
147201
147202
147203
147204
147213
147214
147215
147216
147217
147218
147219
147220
147221
147222
147231
147234
147235
147236
147237
147249
147250
147251
147252
147253
147254
147255
147256
147257
147258
147288
147289
147290
147291
147292
147293
147294
147489
147490
147491
147499
147500
147501
147502
147503
147504
147505
147506
147507
147508
147509
147510
147511
147512
147513
147514
147515
147516
147517
147518
147519
147520
147521
147522
147523
147524
147525
147526
147527
147528
147529
147530
147531
147532
147533
147534
147535
147536
147690
147691
147692
147693
147694
147695
147696
147697
147698
147699
147841
147842
147843
147844
147845
147846
147847
147848
147849
147850
147851
147852
148102
148103
148104
148105
148106
148107
148108
148109
148110
148111
148112
148113
148114
148115
148116
148117
148118
148119
148120
148121
148122
148123
148124
148125
148126
148127
148128
148129
148130
148131
148132
148133
148134
148135
148136
148137
148138
148139
148140
148141
148142
148143
148144
148145
148146
148147
148148
148149
148150
148151
148152
148153
148154
148155
148156
148157
148158
148159
148160
148161
148162
148163
148164
148165
148166
148167
148168
148169
148170
148171
148172
148173
148174
148175
148176
148177
148178
148179
148180
148181
148182
148183
148184
148185
148186
148187
148188
148189
148190
148191
148192
148193
148194
148195
148196
148197
148198
148199
148200
148201
148202
148203
148204
148205
148206
148208
148209
148210
148211
148212
148213
148214
148215
148216
148217
148218
148219
148220
148221
148222
148223
148224
148225
148226
148227
148228
148229
148230
148231
148232
148233
148234
148235
148236
148237
148238
148239
148240
148241
148242
148243
148244
148245
148246
148247
148248
148249
148250
148251
148252
148253
148254
148255
148256
148257
148258
148259
148260
148261
148262
148263
148264
148265
148266
148267
148268
148269
148270
148271
148272
148273
148274
148275
148276
148277
148278
148279
148280
148281
148282
148283
148284
148285
148286
148287
148288
148289
148290
148291
148292
148293
148388
148389
148390
148391
148392
148393
148394
148395
148396
148397
148398
148399
148400
148401
148402
148403
148404
148405
148406
148407
148408
148409
148410
148411
148414
148415
148416
148417
148418
148419
148420
148421
148422
148423
148424
148425
148426
148427
148428
148429
148430
148431
148432
148433
148434
148435
148436
148437
148438
148439
148440
148820
148821
148828
148829
148830
148831
148832
148833
148834
148835
148836
148837
148838
148839
148840
148841
148842
148843
148844
148845
148846
148847
148848
148849
148850
148851
148852
148853
148854
148855
148856
148857
148858
148859
148860
148861
148862
148863
148864
148865
148866
148867
148868
148869
148870
148871
148872
148873
148874
148875
148876
148877
149398
149399
149400
149401
149402
149403
149558
149559
149560
149561
149562
149563
149564
149565
149566
149567
149568
149569
149570
149571
149572
149573
149574
149575
149576
149577
149578
149579
149580
149581
149582
149583
149584
149585
149586
149587
149700
149701
149702
149703
149704
149705
149706
149707
149708
149709
149716
149717
149718
149719
149720
149721
149722
149723
149724
149725
149726
149727
149728
149729
149730
149731
149732
149733
149734
149735
149736
149737
149738
149739
149740
149741
149742
149743
149744
149745
149746
149747
149748
149749
149750
149751
149752
149753
149754
149755
149756
149757
149758
149759
149760
149761
149762
149763
149764
149765
149766
149767
149768
149769
149770
149771
149772
149773
149774
149775
149776
149777
149778
149779
149780
149781
149782
149783
149784
149785
149786
149787
149788
149789
149790
149791
149792
149793
149794
149795
149796
149797
149798
149799
149800
149801
149802
149803
149804
149805
149806
149807
149808
149809
149810
149811
149812
149813
149814
149815
149816
149817
149818
149819
149820
149821
149822
149823
149824
149825
149826
149827
149828
149829
149830
149831
149832
149833
149834
149835
149836
149837
149838
149839
149840
149841
149842
149843
149844
149845
149846
149847
149848
149849
149850
149851
149852
149853
149854
149855
149856
149857
149858
149859
149860
149861
149862
149863
149864
149865
149866
149867
149868
149869
149870
149871
149872
149873
149874
149875
149876
149877
149878
149879
149880
149881
149882
149883
149884
149885
149886
149887
149888
149889
149890
149891
149892
149893
149894
149895
149896
149897
149898
149899
149900
149901
149902
149903
149904
149905
149906
149907
149908
149909
149910
149911
149912
149913
149914
149915
149916
149917
149918
149919
149920
149921
149922
149923
149924
149925
149927
149928
149929
149930
149931
149932
149933
149934
149935
149936
149937
149938
149939
149940
149941
149942
149943
149944
149945
149947
149972
149974
149976
149987
149988
149989
149992
149993
149994
149995
149996
149997
149998
149999
150000
150001
150002
150003
150004
150005
150006
150007
150010
150012
150013
150014
150015
150034
150035
150036
150037
150038
150039
150040
150041
150042
150043
150044
150045
150046
150047
150048
150049
150050
150051
150250
150462
150463
150464
150465
150466
150467
150469
150470
150471
150472
150473
150474
150475
150479
150480
150481
150482
150483
150484
150485
150486
150487
150488
150489
150490
150491
150496
150497
150500
150501
150502
150503
150504
150505
150506
150507
150550
150551
150552
150553
150554
150555
150556
150559
150563
150564
150565
150566
150567
150569
150570
150571
150572
150573
150574
150575
150576
150577
150578
150579
150580
150584
150591
150592
150596
150598
150601
150607
150608
150615
150616
150617
150618
150619
150620
150621
150624
150625
150627
150628
150629
150630
150667
150668
150669
150670
150674
150675
150676
150731
150732
150733
150734
150735
150736
150737
150738
150739
150740
150741
150742
150743
150744
150745
150746
150747
150748
150749
150750
150751
150752
150753
150754
150755
150756
150757
150758
150759
150760
150761
150762
150763
150764
150765
150766
150767
150768
150769
150770
150771
150772
150773
150774
150775
150776
150777
150848
150849
150850
150851
150852
150853
150854
150855
150856
150857
150858
150859
150860
150861
150862
150863
151084
151085
151086
151087
151088
151089
151090
151091
151092
151093
151094
151095
151096
151097
151098
151099
151100
151101
151102
151103
151104
151105
151106
151107
151108
151109
151110
151111
151112
151113
151114
151115
151116
151117
151118
151119
151120
151121
151122
151123
151124
151125
151126
151127
151128
151129
151130
151131
151132
151133
151134
151135
151136
151137
151138
151139
151140
151141
151142
151143
151144
151145
151146
151147
151148
151149
151150
151151
151152
151153
151357
151358
151359
151360
151361
151362
151363
151364
151365
151366
151367
151368
151369
151370
151371
151372
151373
151374
151375
151376
151377
151378
151379
151380
151381
151382
151383
151384
151396
151397
151398
151399
151400
151401
151402
151403
151404
151405
151462
151464
151465
151466
151467
151468
151469
151470
151471
151472
151473
151474
151475
151476
151477
151478
151479
151480
151481
151482
151483
151484
151485
151486
151487
151488
151489
151490
151491
151492
151493
151494
151495
151496
151497
151498
151499
151500
151501
151502
151503
151506
151507
151508
151509
151510
151511
151512
151513
151566
151567
151568
151569
151570
151571
151572
151573
151574
151575
151576
151577
151578
151579
151580
151581
151582
151583
151584
151585
151586
151587
151588
151589
151590
151591
151592
151593
151594
151595
151596
151597
151613
151659
151741
151742
151743
151744
151745
151746
151747
151748
151749
151750
151751
151752
151753
151774
151775
151776
151777
151905
151906
151907
151908
151909
151910
151911
151912
151913
151914
151915
151916
151917
151918
151919
151920
151921
151922
151923
151924
151925
151926
151927
151928
151929
151930
151931
151932
151933
151934
151935
151936
151937
151938
151939
151940
151941
151942
151943
151944
151945
151946
151947
151948
151949
151950
151951
151952
151953
151954
151955
151956
151957
151958
151959
151960
151961
151962
151963
151964
151965
151967
151968
151969
151970
151971
151973
151974
151975
151976
151977
151978
151979
151980
151981
151982
151983
151985
151988
152015
152016
152017
152018
152019
152020
152021
152022
152023
152024
152025
152026
152029
152030
152054
152055
152056
152057
152058
152059
152060
152061
152062
152063
152064
152065
152066
152067
152068
152069
152070
152071
152072
152081
152082
152083
152084
152146
152147
152148
152149
152150
152151
152152
152153
152154
152155
152156
152220
152221
152222
152223
152224
152479
152507
152508
152509
152575
152594
152704
152793
152798
152799
152800
152801
152802
152803
152804
152805
152806
152807
152808
152809
152810
152811
152812
152813
152814
152815
152816
152817
152818
152819
152820
152821
152822
152823
152831
153060
153061
153062
153063
153064
153065
153066
153067
153068
153069
153070
153071
153072
153073
153074
153075
153076
153077
153078
153079
153080
153081
153082
153083
153084
153085
153086
153087
153088
153089
153090
153091
153092
153093
153094
153095
153096
153097
153098
153099
153100
153101
153102
153103
153104
153105
153106
153107
153108
153109
153110
153111
153112
153113
153114
153115
153116
153117
153118
153119
153120
153121
153122
153123
153124
153125
153126
153127
153128
153129
153130
153131
153132
153133
153134
153143
153144
153145
153146
153147
153148
153149
153150
153152
153212
153379
153380
153381
153467
153499
153500
153501
153713
153714
153715
153716
153717
153809
153810
153829
153830
153831
153939
154336
154337
154338
154533
154535
155098
155567
155568
155569
155570
155571
155572
155573
155574
155575
155576
155577
155578
155579
155580
155581
155582
155583
155584
155585
155586
155587
155588
155589
155590
155591
155592
155593
155594
155595
155596
155597
155598
155599
155600
155601
155602
155603
155604
155605
155606
155607
155608
155609
155610
155775
155776
155777
155778
155779
155780
155781
155782
155783
155784
155785
155786
155787
155788
155789
155790
155791
155792
155793
155794
155795
155796
155797
155798
155799
155800
155801
155802
155803
155804
155805
155806
155807
155808
155809
155810
155811
155812
155813
155814
155815
155816
155817
155818
155819
155820
155821
155822
155823
155824
155825
155826
155827
155828
155829
155830
155831
155832
155833
155834
155835
155836
155837
155838
155839
155840
155841
155842
155843
155844
155845
155846
155847
155848
155849
155850
155851
155852
155853
155854
155855
155856
155857
155858
155859
155900
155910
155911
156209
156210
156405
156406
156424
156425
156588
156614
156615
156616
156617
156618
156619
156620
156621
156622
156623
156624
156625
156626
156627
156653
156654
156655
156656
156657
156658
156659
156660
156661
156662
156663
156664
156665
156666
156667
156668
156669
156670
156671
156672
156673
156674
156675
156676
156677
156678
156679
156680
156681
156711
156712
156713
156714
156715
156716
156717
156718
156719
156720
156721
156722
156723
156724
156725
156726
156727
156728
156729
156730
156731
156732
156733
156740
156741
156742
156743
156745
156746
156747
156748
156749
156750
156767
156768
156769
156770
156771
156772
156773
156774
156775
156776
156777
156778
156779
156780
156781
156782
156783
156784
156785
156786
156787
156788
156789
156790
156791
156792
156797
156798
156799
156800
156801
156802
156803
156804
156805
156806
156807
156808
156809
156810
156811
156812
156813
156814
156815
156816
156817
156818
156819
156820
156821
156822
156823
156824
156825
156826
156827
156828
156829
156830
156831
156832
156833
156834
156835
157149
157175
157176
157276
157277
157278
157279
157280
157285
157286
157287
157288
157289
157294
157466
157467
157468
157469
157470
157471
157472
157473
157474
157820
157925
158749
158750
158751
158752
158753
158754
158755
158756
158757
158788
158789
158790
158791
158792
158793
158794
158795
159089
159090
159267
159268
159269
159270
159271
159272
159273
159274
159275
159348
159447
159733
159762
159763
159764
159765
159766
159767
159768
159769
159770
159771
159772
159773
159774
159775
159776
159782
159783
159784
159785
159786
159787
159788
159789
159790
159795
159796
159799
159800
159812
159815
159819
159821
159824
160236
160237
160238
160339
160340
160341
160342
160343
160344
160345
160346
160347
160348
160349
160350
160352
160353
160354
160804
161241
161296
161297
161298
161299
161300
161301
161302
161303
161304
161305
161306
161307
161308
161309
161310
161311
161312
161313
161314
161315
161316
161317
161318
161319
161320
161321
161322
161323
161324
161325
161326
161327
161328
161329
161330
161331
161332
161333
161334
161335
161336
161337
161338
161339
161340
161341
161342
161343
161344
161345
161346
161347
161348
161349
161350
161351
161352
161353
161488
161489
161724
161761
162014
162155
162156
162551
162552
162553
162554
162555
162556
162557
162558
162559
162560
162561
162562
162563
162564
162565
162566
162567
162568
162569
162570
162571
162572
162573
162574
162575
162576
162577
162578
162579
162580
162581
162582
162583
162584
162585
162586
162587
162588
162589
162590
162591
162592
162593
162594
162595
162596
162597
162598
162599
162600
162601
162602
162603
162604
162605
162606
162607
162608
162609
162610
162611
162612
162613
162614
162615
162616
162617
162618
162619
162620
162621
162622
162623
162624
162625
162950
163259
163260
163362
163499
163500
163501
163504
163505
163506
163507
163508
163509
163510
163511
163512
163517
163518
163519
163520
163521
163522
163523
163525
163526
163527
163528
163529
163530
163531
163532
163533
163534
163535
163536
163537
163538
163539
163540
163544
163545
163546
163547
163548
163549
163550
163551
163552
163553
163554
163555
163556
163557
163558
163559
163560
163561
163562
163563
163564
163565
163566
163567
163568
163569
163570
163571
163572
163573
163574
163575
163576
163578
163579
163581
163582
163583
163584
163585
163588
163589
163590
163591
163592
163593
163594
163595
163596
163597
163601
163602
164062
164063
164064
164065
164073
164090
164092
164200
164201
164202
164203
164204
164205
164206
164207
164208
164209
164210
164211
164221
164222
164223
164224
164225
164226
164227
164228
164229
164230
164231
164232
164233
164234
164235
164320
164850
164851
164852
165185
165186
165187
165188
165189
165190
165191
165192
165433
165434
165435
165436
165437
165438
165508
165756
166279
166499
166500
166578
166579
166580
166581
166582
166583
166584
166585
166587
167164
167168
167234
167235
167236
167237
167635
167640
167641
167708
167965
167966
167967
167968
167969
167970
167971
167972
167973
168104
168826
168828
169009
169409
169410
169411
169864
169961
169962
169966
169969
169970
169971
169972
169973
169975
169976
169977
170015
170016
170208
170615
170616
170969
171245
171248
171259
171292
171534
171537
171538
171540
171541
171543
171544
171546
171547
171718
171719
171925
171951
171952
171953
171954
172193
172194
172599
172672
172733
172788
173158
173262
173969
173970
173971
173972
173973
173974
173975
174292
174293
174294
174295
174296
174324
174329
174330
174331
174332
174333
174334
174335
174336
174337
174338
174339
174340
174341
174342
174343
174344
174345
174346
174347
174348
174349
174350
174351
174352
174353
174354
174355
174356
174357
174358
174359
174360
174361
174362
174363
174364
174365
174366
174367
174368
174369
174370
174371
174372
174373
174374
174375
174376
174377
174378
174379
174380
174381
174389
174390
174585
174586
174707
174710
174711
174712
174713
174835
174836
174837
174838
174839
174840
174841
174842
174843
174844
174845
174846
174847
174848
174849
174850
174851
174852
174853
174854
174855
174856
174857
174858
174859
174860
174861
174862
174863
174864
174865
174866
174867
174868
174869
174870
174871
174872
174873
174874
174875
174876
174877
174878
174879
174880
174881
174882
175243
175244
175245
175246
175247
175274
175275
175276
175278
175536
175537
175633
175634
175635
175636
175637
175638
175639
175640
175641
175642
175645
175646
176138
176141
176142
176230
176231
176232
176233
176276
176305
176306
176307
176308
176309
178724
178725
178728
178730
178731
178732
178733
179000
179108
179109
179110
179111
179112
179113
179114
179533
179640
179882
179883
180060
180061
180513
180514
180550
180828
181008
181009
181012
181013
181087
181581
181582
181674
182265
182684
182687
182688
182689
182690
182956
182957
183212
183213
183214
183215
183216
183512
183756
183757
183758
183759
183760
183761
183762
183937
184023
184209
184210
184211
184212
184235
184421
184422
184426
184427
184719
184879
184880
184881
185448
185789
186051
186052
186053
186054
186055
186056
186057
186408
186409
186412
186415
186416
186417
186418
186420
186422
186423
186495
186496
186616
186617
186741
187089
187090
187273
187298
187299
187300
187319
187320
187379
188056
188058
188475
188562
188729
188930
188936
189279
189280
189281
189282
189283
189284
189285
189286
189287
189541
189542
189664
189665
189666
189667
189668
189669
189670
189671
189672
189673
189674
189675
189676
189677
189678
189679
189680
189681
189682
189683
189684
189685
189686
189687
189693
189694
189695
189696
189697
189698
189699
189700
189701
189703
189704
189705
189706
189707
189708
189710
189711
189714
189715
189717
189718
189719
189725
189767
189768
189996
190118
190119
190120
190121
190122
190155
190157
190201
190530
190723
190763
190764
190966
191191
191214
191215
191216
191339
191464
191465
191466
191467
191468
191469
191470
191496
191625
191760
192127
192128
192129
192130
192131
192132
192133
192134
192135
192136
192137
192138
192139
192140
192141
192503
192990
192991
193124
193323
193387
193388
194194
194249
194250
194372
194373
194400
194444
194842
194843
194844
194845
194846
194923
194925
194926
195018
195019
195020
195021
195022
195023
195024
195025
195026
195027
195028
195029
195030
195031
195032
195033
195034
195035
195036
195037
195042
195043
195044
195045
195046
195047
195049
195051
195052
195157
195158
195159
195160
196379
197145
197502
197503
197504
197505
197506
197507
197508
197512
197515
197516
197710
197740
197741
197742
197745
197746
198032
198034
198216
198240
198431
198434
198435
198436
198437
198438
198439
198440
198441
198442
198443
198634
198639
199298
199680
199681
199682
199683
199684
199737
199738
200296
200297
200446
200447
200448
200449
201088
201089
201186
201353
201354
202463
202464
202466
202468
202474
202475
202668
202669
202725
202726
203437
203449
203524
203564
204529
204719
204720
204728
204812
204869
204870
204871
205860
205861
205863
205864
205866
205867
205873
205878
205882
205883
205885
205886
205931
206095
206096
206097
206101
206104
206937
207417
207540
207541
207542
207543
207544
207545
207546
207547
207549
207550
207551
207552
207553
207554
207555
207611
207692
207693
207768
207770
207771
207772
207773
207774
207775
207776
207777
207829
207831
208505
208506
208507
208508
208544
208545
208546
208547
208548
208549
209018
209402
209403
209464
209465
209466
209467
209468
209469
209470
209472
209474
209475
209477
209543
209544
210204
210205
210206
210219
210223
210224
210771
210933
210934
211103
211429
211430
211431
211432
211433
211434
211435
211436
211437
211438
211439
211440
211441
211442
211443
211444
211445
211446
211447
211448
211449
211450
211451
211452
211453
211454
211455
211456
211457
211458
211459
211912
211919
211920
211927
211928
211929
211930
211932
211933
211965
211966
212036
212038
212041
212043
212044
212100
212101
212217
212218
212404
212661
212695
212696
213072
213321
213322
213323
213324
213418
213661
213662
213663
214033
214037
214038
214039
214040
214651
214883
214885
214886
215602
215603
215611
215772
215773
215774
215775
215776
215778
215779
215796
216588
216589
216601
216611
217139
217144
217145
217146
217147
217275
217374
217375
218021
218023
218034
218053
218054
218066
218083
218084
218202
218203
218287
218288
218289
218290
218291
218292
218293
218294
218295
218296
218297
218298
218299
218300
218465
218485
218486
218548
218549
218638
218661
218666
218698
218931
218932
218933
218934
219048
219049
219183
219184
219185
219650
219660
219937
219938
220134
220135
220136
220137
220138
220495
220496
220546
221069
221070
221071
221072
221073
221074
221075
221076
221077
221078
221079
221080
221081
221082
221083
221084
221101
221104
221105
221106
221168
221169
221185
221212
221213
221214
221215
221217
221218
221233
221234
221236
221237
221473
221741
221742
221953
223185
223186
223187
223188
223194
223195
223604
223820
223821
223822
223835
223914
223915
224208
224209
224327
224433
224577
224724
224758
224759
224760
224761
224767
224768
224770
224771
224772
224773
224774
224775
224776
225016
225297
225298
225395
226901
226902
227322
227401
227404
227405
227484
227707
227710
227711
227713
227714
227716
227717
227863
227948
227949
228098
228189
228191
228195
228197
228201
228202
228203
228204
228205
228206
228207
228208
228577
228671
228949
228950
228951
228952
228953
228954
229022
229023
229024
229025
229026
229027
229028
229029
229031
229410
229418
229420
230161
230517
231054
231055
231235
231236
231479
231493
231494
231500
231503
231956
232018
232232
232692
232699
232702
233793
233795
234935
234937
234938
234939
234941
234942
234943
235083
235084
235407
235408
235439
235471
235472
235903
235904
235905
235906
236028
236029
236246
236497
236498
236499
236500
236501
236502
236503
237535
237537
237544
237546
237552
237777
237778
237779
238196
238197
238198
238199
238201
238202
239173
239175
239212
239213
239364
239729
239730
239732
239735
239736
239737
239738
239739
239744
239745
239991
239992
239993
239994
240131
240133
240134
240137
240138
240139
240142
240143
240145
240146
240147
240148
241592
241622
242620
242635
242636
242637
242638
242639
242640
242641
242642
242643
242644
242645
242646
242647
242648
242649
242650
242651
242652
242653
242654
242655
242656
242657
242658
242659
242660
242661
242662
242663
242664
242665
242666
242667
242668
242669
242670
242671
242672
242673
242674
242675
242676
242677
242678
242679
242680
242681
242682
242683
242684
242685
242686
242687
242688
242689
242690
242691
242692
242693
242694
242695
242696
242697
242782
242828
243281
243282
243283
243290
243294
243295
243298
243299
243300
243787
243788
243789
243790
243889
243892
243895
243903
243904
244201
244202
244203
244204
244328
244798
246129
246130
246131
246132
246133
246134
246135
246136
246137
246138
246139
246140
246141
246142
246143
246176
246267
246268
246269
246797
246798
247023
248047
248048
248049
248050
248082
248120
248121
248122
248123
248124
248125
248127
248129
248553
248554
248555
248556
248557
248558
248559
248560
248561
248562
248563
248564
248565
248566
248567
248568
248569
248570
248571
248572
248573
248574
248575
248576
248577
248578
248579
248580
248581
248582
248583
248584
248585
248586
248587
248588
248589
248590
248591
248592
248593
248594
248595
248596
248597
248598
248599
248600
248601
248602
248603
248604
248605
248606
248607
248608
248609
248610
248611
248612
248613
248614
248615
248616
248617
248618
248619
248620
248621
248622
248623
248624
248625
248626
248627
248628
248629
248630
248631
248632
248633
248634
248635
248636
248637
248638
248639
248640
248641
248642
248643
248644
248645
248646
248647
248648
248649
248650
248651
248652
248653
248654
248655
248656
248657
248658
248659
248660
248661
248662
248663
248664
248665
248666
248667
248668
248669
248670
248671
248672
248673
248674
248675
248676
248677
248678
248679
248680
248681
248682
248683
248684
248685
248686
248687
248688
248689
248690
248691
248692
248693
248694
248695
248696
248697
248698
248699
248700
248701
248702
248703
248704
248705
248706
248707
248708
248709
248710
248711
248712
248713
248714
248715
248716
248717
248718
248719
248720
248721
248722
248723
248724
248725
248726
248727
248728
248729
248730
248731
248732
248733
248734
248735
248736
248737
249061
249167
249168
249169
249170
252947
253161
253243
253251
253283
253284
253437
253813
253815
253817
253819
253822
253824
253825
253827
253830
253871
254004
254030
254346
254352
254353
254354
254435
254436
254437
254438
255432
255433
255434
255435
255436
255497
256318
256849
256850
257056
257382
257383
257384
257385
257386
257387
257388
257389
257390
257391
257392
257393
257394
257395
257396
257397
257398
257399
257400
257401
257402
257403
257456
257457
257459
257460
257461
257462
257465
257466
257470
257521
257522
257762
257789
257791
257793
257794
258511
258512
258592
258870
258871
258872
258873
258874
258875
258876
258877
258878
258879
258880
258881
258882
258883
258884
258885
258886
258887
258888
259012
259013
259015
259016
259020
259267
259280
259282
259284
259296
259303
259304
259305
259306
259307
259308
259309
259310
259311
259312
259313
259314
259315
259316
259317
259318
259319
259320
259321
259322
259323
259324
259932
259933
259934
259935
259936
259937
259938
259939
259940
259941
259942
259943
259944
259945
259946
259947
259948
259949
259950
259951
259952
259953
259954
259955
259956
259957
260057
260058
260090
260462
260463
260464
260465
260466
260467
260468
260469
260470
260471
260472
260473
260474
260475
260477
260478
260557
260559
260574
260753
260754
260755
260756
260757
260758
260759
261011
261012
261013
261014
261015
261016
261017
261025
261026
261027
261051
261052
261053
261387
261388
261389
261390
261511
261512
261514
261515
261516
261667
261668
261716
262300
262301
262401
262402
262403
262404
262495
262496
262497
262498
262499
262500
262501
262502
262503
263762
263763
263764
263765
263766
263767
263768
263769
263770
263771
263859
263860
263861
263862
263863
263864
263865
263903
263904
263911
263912
263913
263914
263915
263916
264392
265006
265007
265020
265183
265184
265186
265187
265189
265190
265192
265210
265211
265319
265320
265321
265727
265728
265882
266063
266064
266065
266066
266134
266851
266852
267360
267361
267628
267629
267631
267632
268601
268805
269212
269234
269235
269236
269237
269238
269239
269240
269241
269242
269244
269245
269246
269247
269248
269249
269250
269251
269255
269256
269262
269263
269674
269675
269676
269677
269678
269679
269883
269884
270355
270356
270645
270646
270647
271057
271058
271059
271060
271084
271085
271151
271647
272870
273374
273375
274043
274044
274046
274585
274586
274587
274854
274855
278008
278062
278064
278065
278066
278067
278092
278093
278094
278095
278207
278208
278682
278683
278684
278685
278686
278687
278688
278689
278690
278691
278692
278693
278694
278695
278696
278697
278698
278699
278700
278701
278702
278703
278704
278705
278706
278707
278708
278709
278710
279149
279908
281031
281271
281272
281273
281274
281275
281276
281277
281693
281696
281697
281698
281699
281700
281701
282196
282456
282463
282464
282466
282467
282468
282469
282476
282477
282478
282480
282481
282482
282483
282485
282486
282487
282488
282489
282490
282491
282492
282493
282494
282495
282496
282506
282507
282508
282509
282510
282511
282523
282525
282526
282527
282528
282529
282565
282570
282571
282572
282573
282574
282575
282576
282577
282578
282579
282580
282581
282582
282583
282584
283062
283204
283740
284010
284011
284585
284586
285179
285180
285181
285226
285271
285272
285273
285631
285695
285696
285713
285726
285727
286132
286133
286134
286135
286136
286137
286138
286139
286140
286141
286142
286143
286144
286548
286549
286550
286551
286555
286556
286559
287841
287949
287950
288647
288814
289359
289360
289361
290252
290432
290433
290593
290594
290595
290596
290598
290599
290601
290602
290603
290604
290605
290606
290607
290608
291137
291138
291196
291203
291204
291205
291421
291422
291423
291424
291425
291426
291427
291428
291429
291430
291577
291827
291828
291830
291831
291833
291844
291845
291846
291847
292274
292275
292276
292277
292408
292409
292410
292411
292463
292464
292465
292466
292468
292469
293173
293174
293176
293177
293298
293299
293300
293301
293302
293303
293314
293315
293323
293324
293325
293326
293327
293328
293329
293330
293331
293332
293333
293334
293335
293336
293337
293338
293339
293342
293343
293344
293346
293347
293397
293398
293399
293400
293401
293402
293404
293405
293421
293422
293423
293424
293425
293426
293427
293428
293429
293430
293434
293435
295257
295278
295280
295281
295349
295350
296139
296140
296142
296143
296723
296822
296823
296824
296825
296826
296827
296829
296830
296831
296832
296836
297239
297240
297314
297315
297316
297386
297535
298327
298328
298391
298392
298393
298394
298569
298570
298571
298572
298573
298607
298658
298659
299169
299170
299171
299469
299471
299475
299476
299611
299613
299669
299670
299671
299672
299673
299674
299675
299676
299677
299678
300026
300027
300164
300165
300174
300308
300311
300642
300643
300645
300646
300665
300666
300667
300668
300670
300671
300673
300674
300696
300848
300849
302169
302170
302194
302195
302198
302199
303391
303392
303393
303754
303756
303758
303759
304040
304054
304059
304061
304297
304587
304887
304888
304889
305354
305355
305490
305972
305973
305974
305975
306552
306593
306594
307248
307249
307436
307552
307553
307812
307813
307814
307815
307824
307826
308758
308759
308967
308968
309163
309164
309165
309166
309168
309169
309170
309171
309172
309173
309174
309182
309351
309808
309809
309810
309811
309812
309813
309853
309854
309857
309858
309860
309902
309903
309904
309905
310061
310062
310063
310064
310065
310066
310067
310068
310069
310070
310071
310072
310074
310075
310076
310077
310078
310081
310082
310083
310084
310085
310086
310087
310088
310089
310090
310091
310092
310093
310448
310472
310473
310475
310476
310479
310499
310500
310501
310502
310577
310579
310580
310581
310605
310606
310607
310608
310609
310610
310699
310701
310702
310703
310705
310706
310753
310754
311377
311469
311546
311547
311564
311783
311969
312018
312019
312129
312131
312133
312135
312136
312137
312138
312140
312141
312142
312143
312144
312145
312148
312149
312280
312281
312629
312630
312866
312867
313401
313402
313408
313409
314007
314008
314099
314100
314101
314107
314298
314567
314576
315267
315268
315287
315288
315520
315522
315731
315734
315735
315736
315737
315738
315739
315740
315741
315742
315743
315744
315745
315746
315747
315748
315751
315752
315753
315756
315759
315760
315771
315781
315785
315788
315790
315791
315792
315793
315794
315795
315796
316071
316073
316079
316083
316084
316085
316086
316087
316088
316089
316090
316091
316092
316093
316094
316095
316096
316097
316098
316099
316100
316333
316334
316336
316337
316338
316339
316341
316342
316379
316464
316514
316980
316982
316985
316986
316987
316988
316989
316990
316992
316993
317500
317501
317502
317503
317505
317506
317902
318118
318119
318120
318121
318148
318149
318150
318152
318158
318172
318178
318181
318188
318192
318214
318221
318229
318235
318243
318247
318420
318421
318436
318437
318438
318440
318441
319048
319049
319050
319051
319432
319434
319438
319441
319442
319446
319535
319697
319698
319956
319957
320006
320024
320035
320036
320309
320315
320640
320641
320645
320647
321638
321639
321819
321826
321829
321832
321833
321834
321835
321836
321837
321838
321839
321840
321842
321929
321930
322068
322070
322073
322089
322090
323654
323747
323753
324688
324835
324836
324837
324838
324839
324840
324841
324842
324843
324844
324845
324846
324847
324848
324849
324850
325380
325448
325449
325463
325464
325465
325466
325467
325468
325469
325470
325471
325779
325780
325781
325783
325784
325785
325786
325787
325788
325789
325790
325791
325792
325793
325794
325795
325796
325797
325798
325799
325800
325801
325802
325803
325805
325806
325807
325808
325809
325810
325811
325812
325813
325814
325815
325816
325817
325818
325819
325820
325821
325822
325823
325897
325898
326174
326175
326286
326287
326289
326290
326291
326292
326293
326294
326295
326296
326354
326355
326356
326357
326358
326359
326360
326361
326362
326363
326364
326365
326366
326367
326368
326369
326370
326371
326372
326373
326374
326375
326376
326377
326380
326381
327422
327430
327438
327439
327443
327459
327462
327468
327469
327477
327478
328008
328009
328336
328380
328382
328405
328406
328471
328690
328691
328819
328820
329060
329061
329062
329063
329064
329065
329269
329270
329529
329530
329531
329652
329653
329654
329655
329656
329708
329910
329911
329919
329920
329926
329927
329928
329929
330803
331628
331629
331630
331631
331632
331633
331634
331677
331963
331964
331969
331970
332037
332038
332039
332040
332205
332272
332273
332274
332275
332313
332316
332317
332318
332319
332320
332321
332322
332323
332326
332328
332345
332346
332347
332348
332354
332363
332364
332612
332613
332614
332697
332699
332958
332959
332960
332961
332962
332963
332964
332965
332966
332967
332968
332969
332970
332971
332972
332979
332980
333137
333351
333371
333372
333425
333469
333470
333471
333472
333473
333474
333475
333476
333477
333479
333480
333481
333482
333483
333485
333486
333487
333488
333489
333490
333491
333492
333493
333494
333495
333496
333497
333498
333499
333500
333501
333502
333503
333504
333505
333507
333509
333510
333705
333706
333803
333804
333805
333806
333807
333808
333809
333810
333811
333812
333813
333814
333824
333825
333826
333827
333828
333829
333830
333831
333833
333834
333835
333836
333838
333839
333840
333841
333842
333843
333845
333846
333847
333848
333967
333969
334274
334275
334276
334417
334536
334537
334576
334577
334578
334579
334580
334581
334582
334717
334761
335287
335290
335291
335292
335293
335294
335374
335375
335376
335377
335378
335379
335380
335381
335421
335422
335423
335424
335425
335426
335427
335429
335430
335433
335434
335436
335437
335440
335441
335445
335458
335986
335987
335988
335989
335990
335991
336085
336086
336724
336764
336765
336957
336958
337216
337217
337218
337219
337244
337245
337246
337247
337518
337519
337522
337523
337801
337802
337808
337814
337815
337819
337820
337891
337892
337893
337907
337909
337910
337911
337912
338567
338820
338821
338822
338824
338825
338826
338827
338953
338954
339166
339167
339337
339338
339339
339340
339341
339342
339343
340016
340051
340052
340115
340208
340209
340210
340211
340358
340359
340360
340361
340704
340706
340709
340711
341026
341039
341040
341152
341153
341154
341155
341156
341157
341158
341159
341160
341161
341162
341163
341164
341165
341166
341458
341825
342092
342093
342094
342095
342096
342097
342098
342099
342100
342101
342102
342103
342104
342105
342323
342324
342325
342449
342450
342868
342869
342870
342871
343189
343190
343191
343192
343193
343194
343195
343196
343197
343198
343199
343200
343201
343202
343203
343204
343205
343206
343207
343208
343209
343210
343211
343212
343213
343214
343215
343216
343217
343218
343219
343220
343221
343856
343857
343858
343859
343860
343861
343862
343863
343864
344009
344010
344024
344025
344028
344029
344338
345153
345154
345626
345627
345628
345629
345726
345727
345903
345904
345909
345910
346637
346638
346639
346640
346658
346659
346660
346661
346662
346663
346906
346907
346908
346909
347539
347540
347541
347542
347543
347544
347545
347546
347547
347548
347549
347550
347551
347552
347553
347554
347555
347556
347557
347558
347559
347560
347561
347562
347563
347564
347565
347566
347567
347568
347569
347570
347571
347572
347573
347574
347575
347576
347577
347578
347579
347580
347581
347582
347583
347584
347585
347586
347587
347588
347589
347590
347591
347592
347593
347594
347595
347596
347597
347598
347599
347600
347601
347602
347603
347604
347605
347606
347607
347608
347609
347610
347611
347612
347613
347614
347615
347616
347617
347618
347619
347620
347621
347622
347623
347624
347625
347626
347627
347628
347629
347630
347631
347632
347633
347634
347635
347636
347637
347638
347639
347640
347641
347642
347643
347644
347645
347646
347845
347949
348138
348139
348140
348141
348142
348143
348144
348145
348146
348147
348148
348149
348577
348578
348579
348580
348838
348839
349264
349265
349266
349267
349268
349269
349270
349271
349272
349273
349274
349275
349276
349277
349278
349279
349280
349281
349282
349283
349301
349403
349404
349915
349916
349917
349918
349919
349920
349921
349922
349923
349924
349958
349959
350626
350627
350628
350629
350630
350631
350632
350633
350637
350638
350639
350640
350641
350642
350643
350644
350645
350646
350647
350648
350649
350650
350651
350652
350653
350654
350655
350656
350657
350658
350659
350660
350661
350662
350663
350664
350665
350666
350667
350668
350669
350670
350671
350672
350673
350674
350675
350676
350677
350678
350679
350680
350681
350682
350683
350684
350685
350686
350687
350690
350691
350807
351056
351057
351359
351360
352149
352150
352151
352152
352344
352345
352346
352347
352351
352377
352378
352959
352960
352961
353794
353795
353857
353858
354117
354118
354119
354120
354262
355333
355923
355924
355925
355926
356913
356914
357602
357603
357894
357895
358068
358106
358107
358108
358109
358110
358111
358112
358113
358417
358418
358422
358423
358424
358425
358426
358427
358428
358429
358430
358431
358438
358574
358593
358594
358595
358596
358597
358598
359135
359139
359140
359177
359178
359179
359180
359181
359182
359183
359184
359185
359186
359187
359208
359371
359372
359373
359374
360014
360015
360127
360128
360129
360130
360131
360132
360133
360134
360135
360136
360137
360138
360240
360281
360423
360424
360425
360426
360427
360428
360836
360837
360906
360907
361144
361145
361146
361147
361148
361149
361150
361434
361435
361585
361586
361671
361672
361673
362224
362225
362226
362444
362445
362446
362447
362689
362690
362734
362735
362736
362737
362738
362739
363179
363180
363281
363282
363283
363477
363478
363479
363480
363481
363482
363483
363484
363485
363486
363487
363488
363489
363490
363491
363492
363493
363494
363495
363496
363497
363498
363499
363500
363501
363502
363503
363504
363505
363506
363536
364149
364150
364151
364152
364153
364154
364291
364292
364293
364294
364321
364322
364327
364328
364356
364357
364360
364361
364520
366502
366503
366571
366572
366573
367516
367517
367518
367738
367740
367761
367762
367897
367898
368001
368002
368003
368004
369495
369496
369572
370801
370802
370803
370804
371048
371049
371605
371606
371752
371856
371857
371948
372021
372022
372079
372458
372654
373057
373059
373119
373120
373146
373147
373149
373175
373176
373382
373537
373538
373544
373545
373640
373641
373788
373789
374107
374108
374445
374446
374447
374450
374451
374603
374604
374806
374807
374902
374903
374904
374905
374906
374907
374908
374909
374910
374911
374912
374913
374914
374915
374916
374917
374918
374919
374920
375198
375464
375465
375466
375467
375544
375545
376492
376493
376494
376495
376496
376497
376498
376499
376500
376501
376502
376503
376504
376505
376506
376507
376508
376509
376510
376511
376512
376513
376514
376515
376516
376518
376519
376520
376521
376522
376525
376539
376540
376541
376542
376543
376544
376550
376551
376552
376553
376601
376602
376603
376604
376605
376606
376607
376608
376627
376760
376761
376762
377311
377312
377623
377624
377636
377637
377638
378176
378177
378178
378208
378209
379362
379363
379364
379365
379366
379367
379368
379369
379370
379371
379372
379373
379374
379375
379376
379377
379378
379379
379380
379381
379382
379383
379384
379385
379386
379387
379388
379389
379390
379391
379392
379393
379394
379395
379396
379397
379398
379513
379514
379897
379898
380004
380005
380006
380007
380047
380048
380082
380391
381002
381003
381092
381093
381796
381801
381900
381901
382174
382175
382257
382258
382346
382435
382436
383853
384352
384355
384356
384763
384764
385038
385039
385040
385041
385042
385043
385046
385150
385151
385246
385247
385248
385249
385477
385478
385482
385483
387380
387381
387987
387988
388074
388075
388076
388077
388078
388079
388252
388583
388584
388585
388586
388587
388588
388590
388591
388592
388593
388594
388595
388596
388597
388601
388602
388603
388604
388605
388606
388607
388608
388610
388611
388612
388613
388614
388615
388616
388617
388618
388619
388620
388621
388958
388959
389338
389339
390305
390306
390514
390515
390516
390517
391291
391292
391293
391294
391338
391741
391742
392326
392327
392328
392329
392330
392331
393081
393082
393691
393692
393746
393747
393748
393749
393750
393751
393752
393753
393754
393755
393756
393757
393758
393759
393760
395352
395353
395354
395355
395356
395357
395358
395518
395519
395522
395523
395582
395585
395586
395604
395605
396035
396036
397281
397282
397319
397320
397422
397436
397437
397590
397688
398233
398234
398329
398330
398559
398560
398817
399202
399203
399204
399205
399206
399207
399208
399209
399210
399211
399212
399213
399214
399215
399216
399217
399218
399219
399220
399221
399222
399226
399392
399393
399552
399553
399555
399730
399731
400527
400528
400529
400530
400531
400532
400533
400534
401552
401554
401580
402587
402588
402589
402590
402591
402592
402593
402594
402876
403066
403067
403068
403069
403070
403071
403072
403073
403074
403075
403076
403077
403078
403658
403659
403660
403661
403662
403925
403926
403927
403928
403929
403930
404322
404323
404381
404382
404383
404384
404423
404424
404426
404427
404695
404696
404697
404698
404699
404700
404701
404721
404722
404723
404724
404725
404726
404727
404728
404729
404730
404731
404732
404734
404735
404736
404737
404738
404739
404740
404741
404742
404743
404744
404746
404747
404748
404749
404750
404751
404752
404753
404754
404755
404756
404757
404758
404759
404760
404761
404762
404764
404765
404766
404767
404771
404773
404774
404775
404776
404777
404778
404779
404780
404781
404782
404783
404784
404785
404787
404788
404789
404790
404791
404792
404793
404794
404796
404797
404804
404805
404807
404809
404810
404813
404814
404817
404818
405136
405137
405466
405504
405505
405506
405507
405508
405509
405510
405511
405512
405513
405514
405515
405516
405517
405518
405519
405520
405521
405522
405523
405524
405525
405526
405527
405528
405529
405530
405841
405842
406512
406513
406514
406518
406519
407030
407031
407033
407034
408141
408142
408169
408170
408171
408172
409470
409965
409966
410347
410348
410656
410657
410658
410659
410661
410662
410705
410706
410719
410720
410721
410722
410843
410844
411916
411917
412042
412043
412044
412045
412046
412047
412048
412049
412050
412051
412052
412053
412054
412055
412056
412057
412058
412391
412392
412393
412394
412395
412396
412699
412754
412755
412756
412757
412995
413022
413023
413024
413025
413067
413068
413072
413578
413579
413586
413587
413884
413895
413896
413897
413898
413899
414118
414119
415417
415418
415419
415420
415435
415436
415437
415438
415439
415440
415441
415442
415443
415444
415445
415446
415447
415448
415449
415450
415451
415452
415453
415454
415455
415456
415540
415608
415609
415710
415711
415712
415713
415714
415715
415716
415717
415718
415719
415720
415892
415893
415944
416349
416350
416351
416979
416980
417092
417093
417305
417306
417307
417308
417309
417310
417311
417324
417325
417346
417347
417353
417354
417355
417356
417357
417358
417359
417360
417361
417362
417363
417364
417365
417442
417443
417444
417445
417446
417447
417448
417450
417451
417452
417453
417454
417455
417456
417457
417458
417610
417611
417612
417613
417614
417615
417616
417617
417618
417619
417962
417963
417964
417965
417966
417967
417968
417969
417970
417971
417974
417975
417994
417995
417996
417997
417998
417999
418000
418001
418002
418003
418004
418005
418006
418007
418134
418135
418140
418141
418404
418595
419790
419945
419946
419948
419949
420284
420285
420894
420895
420896
420897
420966
420967
420968
420969
420970
420971
422283
422285
424681
424751
424755
424950
424990
424991
425021
425022
425594
426737
426779
426780
426781
427143
427144
427145
427146
427147
427148
427347
427348
427349
427350
427676
427677
427756
427757
427758
427759
427885
428044
428045
428046
428047
428048
428049
428940
428941
428942
429168
429430
429431
429581
430690
430691
430692
430693
430694
430695
431307
431308
431311
431312
431313
431314
432371
432637
432638
432639
432640
432651
432652
432653
432654
432655
432656
432657
432658
432659
432661
432662
433361
433724
433727
433733
434304
434305
435287
435288
435290
435291
435292
435293
435294
435295
435898
435899
435900
435901
436629
436630
436632
436633
436674
436940
436941
436942
436943
436944
436945
436946
436947
436948
436949
437136
437471
437472
437473
437474
437475
437715
437716
437717
437718
437719
437720
437721
437722
437723
437724
437725
437726
437727
437728
437729
437730
437731
437732
437733
437734
437735
437736
437737
437738
437739
437740
437741
437742
438339
438340
438494
438495
439014
440570
440571
440713
440714
441741
441742
441743
441744
441745
441746
441747
441748
441749
441750
441751
441752
441753
441754
441755
441756
441757
441758
441759
441760
441761
441762
441763
441764
441765
442104
442105
442106
442107
442108
442109
442110
442111
442112
442113
442114
442115
442116
442117
442118
442119
442120
442121
442660
442661
442662
442861
442862
442935
442936
443073
443074
443075
444079
444323
444455
444456
444457
444458
444483
444508
444509
444733
444734
445563
445564
445565
446039
446040
446042
446043
446073
446074
446085
446157
446158
446159
446160
446161
446162
446163
446164
446165
446167
446168
446169
446170
446172
446173
446174
446175
446176
446178
446179
446550
446552
446553
446555
447057
447058
447059
447060
447098
447197
447198
447265
447426
447529
447530
447531
447532
447533
447534
447535
447536
447537
447538
447539
447540
447541
447542
447543
447544
447545
447546
447547
447548
447549
447550
447551
447552
447553
447557
447558
447559
447560
447561
447562
447563
447564
447565
447566
447574
447718
447825
447826
447828
447829
447831
447832
448108
448109
448159
448160
448173
448174
449393
450289
450290
450291
450292
450293
450295
450296
450297
450298
450299
450300
450301
450302
450303
450304
450305
450306
450307
450308
450309
450310
450311
450312
450313
450314
450315
450316
450317
450318
450319
450320
450321
450322
450323
450324
450325
450326
450327
450329
450330
450331
450332
450333
450334
450335
450358
450422
450423
450707
450708
450754
450755
451124
451125
451665
451667
451668
451669
451878
452230
452231
452277
452278
452279
452280
452309
452310
452331
452345
452346
452347
452429
452430
452434
452435
452439
452440
452528
452824
452825
452826
452827
452919
453117
453118
453119
453120
453121
453122
453143
453144
453153
453154
453338
453339
453342
453356
453409
453410
453411
453412
453413
453414
453415
453416
453417
453578
453579
453585
453586
453587
453588
453589
453590
453819
453820
453822
453823
453824
453825
453826
453827
453828
453829
453830
453999
454004
454005
454114
454115
454116
454117
454615
455065
455066
455067
455068
455069
455070
455072
455073
455370
455386
455387
455388
455408
455409
455410
455411
455412
455413
455500
455501
455502
455503
455504
455505
455506
455507
455508
455509
455510
455511
455512
455513
455514
455515
455516
455517
455518
455519
455520
455521
455522
455523
455524
455525
455526
455527
455528
455529
455530
455531
455532
455533
455534
455535
455536
455537
455538
455539
455540
455541
455542
455543
455544
455545
455546
455547
455548
455549
455550
455551
455552
455553
455554
455555
455556
455557
455558
455559
455560
455561
455562
455563
455564
455565
455566
455567
455568
455569
455570
455571
455572
455573
455574
455575
455576
455577
455578
455579
455580
455581
455582
455583
455584
455585
455586
455587
455588
455589
455590
455591
455592
455593
455594
455595
455596
455597
455598
455599
455600
455601
455602
455603
455604
455605
455606
455607
455608
455609
455610
455611
455612
455613
455614
455615
455650
455651
456823
457002
457434
457919
457920
458130
458131
458235
458237
458238
458239
458247
458248
458249
458250
458251
458252
458253
458254
458255
459259
459260
459261
459262
459271
459272
459273
459274
459470
459536
459537
459538
459539
459541
459542
459543
459544
459545
459566
459567
459568
459680
459681
459682
459683
459684
459685
459686
459687
459688
459689
459690
459691
459692
459693
459694
459695
459696
459697
459698
459699
459700
459701
459702
459703
459704
459705
459706
459707
459708
459831
459832
459833
459834
459972
459974
459975
459976
460254
460255
460510
460511
460512
460513
460931
460935
460936
460937
460938
460939
460940
460941
460942
461401
461402
462197
462198
462199
462200
463193
463194
463302
463303
463304
463305
463356
463357
463358
463359
463705
464210
464461
464462
464463
464464
464465
464865
464925
465787
465788
466614
466615
466617
467193
467196
467199
467201
467203
467730
467731
468628
468629
468643
468645
469469
469575
469576
469577
469578
469579
469580
469813
469814
469815
469816
470206
470207
470209
470210
470563
470564
470733
470956
470957
470958
470959
470960
470961
470962
470963
470964
470965
470966
470967
470968
470969
470970
470971
470972
470973
470974
470975
470976
470977
470978
470979
470980
470981
470982
470983
470984
470985
470986
470987
470988
470992
470993
470994
471232
473849
473850
473851
473852
473853
473854
473855
473856
473857
473858
473972
474410
474411
474983
474984
475811
475812
475934
475968
476104
476105
476188
476199
476218
476504
476557
476558
478745
478746
478747
478748
478983
478984
479971
479972
479973
479974
480079
480131
480132
480221
480222
480315
480316
480413
480414
480474
480475
480476
480477
480664
480665
480674
480675
480815
480816
481132
481133
481134
481135
481161
481162
481163
481164
481165
481166
481167
481168
481169
481170
481329
481330
482330
482587
482591
482892
482920
483030
483031
483425
483629
483630
483631
483632
483633
483634
483635
483636
483637
483638
483639
483640
483641
483642
483643
483644
483645
483646
483647
483648
483649
483650
483651
483652
483653
483654
483655
483656
483657
483658
483757
483758
483759
483760
483761
483762
483763
483764
483765
483766
483767
483768
483769
483770
483771
483772
483773
483774
483775
483776
483777
483778
483779
483780
483781
483782
483907
485335
485336
485339
485340
485341
485342
485344
485345
485346
485347
485573
485575
485627
486174
486175
486618
486635
486726
486727
486729
486734
487009
487010
487011
487012
487341
487342
487345
487346
487347
487348
487349
487352
487353
487354
487355
487356
487357
487519
487520
487658
487659
489143
490171
490172
491145
491146
491147
491148
491338
491339
491340
491341
491370
492478
492480
492762
493874
493875
493917
493918
495290
495553
495554
496880
496885
496920
496921
496922
496923
496924
497111
497618
497619
497620
497621
497622
497623
497624
497625
497626
497627
497628
497629
497630
497631
497632
497633
497634
497635
497636
497637
497638
497639
497640
497641
497642
497643
497644
497645
497646
497647
497648
497649
497650
497651
497652
497653
497654
497655
498493
498719
498720
498722
498723
498724
498725
498726
498727
498728
498729
498730
498735
498744
498745
498746
498747
498748
498749
498750
498751
498752
498753
499023
499024
499065
499066
499067
499068
499069
499070
499071
499072
499073
499074
499075
499076
499077
499078
499079
499799
499800
499801
499802
499803
499804
499805
499806
499807
499808
499809
499810
499811
499812
499813
499814
499817
499818
499996
499997
500145
500528
500530
500839
500840
500841
500842
501152
501153
501154
501155
501156
501158
501159
501160
501161
501915
501916
501920
501921
501922
501923
501924
501925
501926
501927
501928
501929
501930
501931
501932
501933
501934
501935
502053
502054
502142
502143
502158
502159
502161
502162
502163
502164
502165
502166
502167
502168
502170
502172
502173
502174
502175
502176
502297
502299
502301
502302
502305
502307
502309
502310
502311
502312
502313
502314
502315
502316
502317
502318
502319
502320
502321
502322
503010
503389
503391
503408
503835
503836
503837
503838
503839
503840
504452
504453
504464
504467
505355
505356
506512
506513
506514
506515
506516
506517
506518
506519
506520
506521
506522
506523
506524
506525
506599
506600
507698
507699
508711
509545
509546
511133
511134
511148
511451
511452
511453
511454
511455
511456
511457
511461
511462
511463
511464
511465
511466
511467
511468
511469
511470
511472
511473
511474
511475
511476
511477
511478
511479
511480
511481
511482
511770
511771
511791
511792
511970
512008
512287
512288
512291
512292
512293
512294
512295
512296
512297
512298
512311
512312
512313
512314
512315
512316
512317
512318
512689
512690
512691
512693
512694
512695
512696
512697
512698
512699
512700
512701
512702
512703
512704
512705
512706
512707
512708
512709
512712
512713
512714
512715
512716
512717
512718
512719
512720
512723
513581
513582
515147
515148
515150
515363
515379
515380
515381
515382
515848
516049
516050
516839
516840
517117
517118
517120
517121
517122
517123
517124
517125
517126
517127
517128
517129
517130
517131
517603
517604
517605
517606
517607
517608
517609
518890
518891
519351
519951
520119
520306
520307
520952
520953
520954
521102
521103
521188
521189
521529
521530
521550
521551
521552
521553
521554
521555
521556
521557
521558
521559
521560
521561
521562
521563
521564
521565
521566
521567
521568
521569
521570
521571
521572
521573
521574
521575
521576
521577
521578
521579
521580
521581
521582
521583
521584
521585
521586
521587
521588
521589
521590
521591
521592
521593
521594
521595
521596
521597
521598
521599
521600
521601
521602
521603
521604
521605
521606
521607
521608
521609
521610
521611
521612
521613
521614
521615
521616
521617
521618
521619
521620
521621
521622
521623
521624
521625
521626
521714
521715
521716
521717
522340
522369
522370
522374
522375
522376
522377
522378
522379
522380
522601
522602
522603
522604
522607
522608
522690
522713
522714
522715
522716
522717
522718
522719
522720
522721
522722
522890
523687
523688
523722
523723
524250
524251
524252
524253
524439
524875
524877
525003
525635
525636
525846
526282
526286
526287
526288
526289
526303
526305
526436
526437
526438
526439
526440
526441
526442
526443
526445
526446
526447
526448
526449
526450
526451
526452
526453
526454
526455
526456
526457
526458
526459
526460
526462
526463
526464
526467
526468
526469
526470
526471
526472
526473
526474
526634
526635
526636
526637
526638
526639
526640
526641
526642
526643
526644
526645
526646
526647
526648
526649
526650
526651
526652
526653
526654
526655
526656
526657
526658
526659
526660
526661
526662
526663
526664
526665
526666
526667
526668
526669
526670
526671
526672
526673
526674
526675
526676
526677
526678
526679
526680
526681
526682
526683
526684
526685
526686
526687
526688
526689
526690
526691
526692
526693
526694
526695
526711
526712
527197
527637
527638
527639
527640
527656
527657
527658
527659
527660
527661
527662
527664
527665
527666
527667
527668
528064
528065
528166
528167
528323
528324
528325
528326
528327
528328
528329
529375
529384
529385
529698
529699
529918
529919
530537
531405
531406
531407
531408
531409
531410
531411
531412
531413
531414
531415
531416
531417
531418
531419
531420
531421
531422
531423
531424
531425
531426
531427
531428
531429
531430
533261
533262
533263
533265
533269
535912
535914
535915
535917
535918
536020
536263
536981
536982
537435
537436
537437
537438
537439
537440
537441
537442
537443
537444
537445
537446
538214
538215
538216
538536
538537
538665
538666
538946
538947
538948
538949
538959
538960
538968
538969
539654
539655
539676
539677
539678
539679
539680
539681
539682
539683
539684
539685
539686
539687
539688
539689
539690
539691
539692
539693
539694
539695
539696
539697
539698
539699
539700
539701
539702
539703
539704
539705
539706
539707
539708
539709
539710
539711
539712
539713
539714
539715
539716
539717
539718
540268
540269
540270
540271
540272
540277
540278
540485
540748
540749
540842
540990
540991
541069
541237
541238
542347
542348
542349
542350
542351
542352
542353
542354
542355
542356
542357
542358
542359
542360
542361
542362
542363
542364
542365
542366
542367
542368
542369
542370
542371
542372
542373
542374
542375
542377
542378
542379
542380
542381
542382
542383
542384
542385
542386
542387
542388
542389
542390
542391
542392
542393
542394
542395
542396
542397
542398
542399
542400
542401
542402
542403
542404
542405
542406
542407
542408
542409
542410
542411
542412
542413
542414
542415
542416
542417
542418
542419
542420
542421
542422
542423
542424
542425
542426
542427
542428
542429
542430
542431
542432
542433
542434
542435
542436
542437
542438
542439
542440
542441
542442
542443
542444
542445
542446
542447
542448
542449
542450
542451
542452
542453
542454
542455
542456
542457
542458
542459
542460
542461
542462
542463
542464
542465
542466
542467
542468
542469
542470
542471
542472
542473
542474
542475
542476
542477
542478
542479
542480
542481
542482
542483
542484
542485
542486
542487
542488
542489
542490
542491
542492
542493
542494
542495
542496
542497
542498
542499
542500
542501
542502
542503
542504
542505
542506
542507
542508
542509
542510
542511
542512
542513
542514
542515
542516
542517
542518
542519
542520
542521
542522
542523
542524
542525
542526
542527
542528
542529
542530
542531
542532
542533
542534
542535
542536
542537
542538
542539
542540
542541
542542
542543
542544
542545
542546
542547
542548
542549
542550
542551
542552
542553
542554
542555
542556
542557
542558
542559
542560
542561
543015
543016
543018
543020
543021
543022
543023
543024
543025
543026
543027
543028
543029
543030
543031
543032
543033
543034
543035
543036
543037
543038
543039
543040
543042
543043
543044
543045
543046
543047
543048
543049
543050
543051
543056
543057
543058
543059
543060
543061
543062
543064
543065
543066
543067
543068
543069
543070
543071
543072
543073
543074
543075
543076
543077
543078
543079
543080
543081
543082
543083
543084
543087
543088
543090
543091
543092
543093
543095
543096
543097
543098
543099
543100
543101
543102
543103
543104
543105
543106
543107
543108
543109
543110
543111
543112
543113
543114
543115
543116
543117
543118
543119
543120
543121
543122
543123
543124
543125
543126
543127
543131
543132
543364
543365
543366
543726
543727
543729
543730
543731
543739
543743
543756
544432
544433
544434
544435
544549
544558
544559
544560
544561
544917
546028
546029
546030
546031
546032
546033
546034
546035
546036
546037
546038
546039
546040
546041
546042
546043
546044
546045
546046
546047
546048
546049
546050
546051
546052
546053
546054
546055
546056
546057
546058
546059
546060
546061
546062
546063
546064
546065
546066
546067
546068
546069
546070
546071
546072
546073
546074
546075
546076
546077
546078
546079
546080
546081
546082
546083
546084
546085
546086
546087
546088
546089
546090
546091
546092
546093
546094
546095
546096
546097
546098
546099
546100
546101
546161
546162
546163
546164
546213
546214
546215
546216
546219
546220
546222
546223
546225
546226
546227
546228
546759
546760
546761
546762
546822
546862
546863
546926
546928
547051
547476
547477
547478
547479
547480
547481
547482
547484
547485
547486
547487
547488
547489
547490
548261
548262
548264
548265
548270
548271
548646
548647
548895
548896
548897
548898
548899
548900
548901
548902
548903
548970
548971
549150
549151
549152
549153
549156
549158
549376
549377
549378
549379
549380
549381
549627
549628
549629
549630
549631
549814
549815
549817
549818
550545
550546
550547
550548
550549
550550
550551
550552
550553
550554
550555
550556
550557
550558
550559
550560
550561
550562
550563
550564
550565
550566
550567
550568
550569
550570
550571
550572
550573
550574
550575
550576
550577
550578
550579
550580
550581
550582
550583
550584
550585
550586
550587
550588
550589
550590
550591
550592
550593
550594
550595
550596
550597
550598
550599
550600
550601
550602
550603
550604
550605
550606
550607
550608
550609
550610
550611
550612
550613
550614
550615
550616
550617
550618
550619
550620
550621
550622
550623
550624
550625
550626
550627
550628
550629
550630
550631
550632
550633
550634
550635
550636
550637
550638
550639
550640
550641
550642
550643
550644
550645
550646
550647
550648
550649
550650
550651
550652
550653
550654
550655
550656
550657
550658
550659
550994
551031
551032
551033
551035
551036
551037
551038
551039
551040
551041
551042
551681
551682
552407
552408
552409
552410
552474
552475
553310
553388
553389
553543
553544
553545
553546
553547
553548
553549
553550
553551
553552
553553
553554
553555
553556
553557
553558
553559
553560
553561
553562
553563
553914
553915
553916
553917
553918
553919
553920
554024
554025
554077
554078
554293
554294
554345
554346
554440
554441
554442
554443
554444
554445
554447
554448
554628
554629
554632
555100
555101
555102
555103
555104
555105
555106
555107
555108
555109
555110
555111
555112
555113
555114
555115
555116
555117
555118
555119
555120
555121
555122
555123
555124
555125
555126
555127
555128
555129
555130
555131
555132
555133
555134
555135
555136
555137
555138
555139
555140
555141
555148
555149
555150
555151
555152
555153
555154
555155
555156
555391
555462
555463
555882
555936
555949
555950
555952
555953
556039
556041
556042
556043
556044
556045
556046
556047
556182
557191
557192
557300
557301
557302
557485
557488
557489
557490
557491
557492
557493
557494
557495
557496
557497
557498
557499
557500
557501
557502
557503
557504
557505
557506
557507
557508
557509
557510
557511
557512
557513
557514
557515
557516
557517
557518
557519
557520
557521
557522
557523
557524
557525
557526
557527
557528
557529
557530
557531
557532
557533
557534
557535
557536
557537
557538
557539
557540
557541
557542
557543
557544
557545
557546
557547
557548
557550
557551
557859
557860
557861
557862
557863
557864
557865
557866
557867
557868
557869
558259
558260
558624
558625
558626
558627
558628
558629
558630
558631
558632
558633
558634
558635
558636
558637
558638
558639
558640
558641
558642
558643
558644
558645
558646
558647
558648
558649
558650
558651
558652
558653
558654
558655
558656
558657
558658
558659
558660
558661
558662
558663
558664
558665
558666
558667
558668
558669
558670
558687
558688
558689
558711
558712
558713
558714
558715
558716
558717
558718
558719
559492
559493
559494
559967
561070
561147
561149
561151
561182
561183
561246
561388
561441
561717
563081
563082
563083
563084
563086
563087
563088
563089
563090
563091
563092
563093
563094
563095
563096
563097
563098
563099
563100
563101
563786
563787
563788
563789
563790
563791
563792
563793
563794
563795
563796
563852
563853
563943
563944
563945
563947
564292
564293
564328
564329
565120
565121
565122
565123
565124
565125
565126
565127
565128
565129
565130
565222
565224
565225
565625
565626
565627
565628
565629
565630
565631
565632
565633
565634
565635
566297
566298
566455
566456
566560
566682
566687
568718
568720
568781
568911
569156
569157
569158
569159
569160
569406
569407
569417
569451
569452
569453
569454
569455
569456
569457
569458
569459
569460
569461
569462
569463
569464
569465
569466
569467
569468
569469
569470
569471
569472
569473
569474
569475
569476
569477
569478
569479
569480
569481
569482
569483
569484
569485
569486
569487
569488
569489
569490
569491
569492
569493
569494
569495
569496
569497
569498
569499
569500
569501
569502
569503
569504
569505
569506
569507
569508
569509
569510
569511
569512
569513
569514
569515
569516
569848
569849
569850
569851
569852
570014
570015
570631
570632
570633
570918
570919
570920
570921
571431
571432
571651
571652
572304
572305
572372
572373
572374
572375
572376
572377
572378
572379
572380
572381
572382
572930
572931
572932
572933
572934
572935
572936
572937
572938
572939
572940
572941
572942
572943
572944
572945
572946
572947
572948
572949
572950
572951
572952
572953
572954
572955
572956
572957
572958
572959
572960
572961
572962
572963
572964
572965
572966
572967
572968
572969
572970
572971
572972
573151
573152
573322
573323
573325
573411
573412
573571
573572
573573
573574
573589
573590
573618
573652
573653
573654
573655
573905
573906
573913
573914
574026
574027
574029
574030
574031
574032
574034
574036
574037
574039
574062
574063
574076
574077
574119
574120
575413
575414
575415
575416
575417
575418
575419
575420
575421
575422
575423
575424
575425
575426
575443
575445
575446
575448
575449
575652
575653
575654
575655
575656
575657
575658
575659
575976
576247
576248
576250
576251
577589
577590
577591
577592
577593
577594
577595
577596
577597
577598
577600
577601
577603
577687
577688
577689
577690
577691
577692
577693
577694
577695
577696
577697
577698
577699
577700
577701
577702
577703
577704
577705
577706
577707
577708
577709
577710
577711
577712
577713
577714
577715
578061
578062
578063
578064
578065
578066
578067
578068
578069
578070
578071
578165
580027
580028
580029
580030
580031
580035
580036
580037
580038
580039
580041
580179
580970
580971
580972
580973
580974
580975
580976
580977
580978
580979
580980
580981
580982
580983
580984
580985
580986
580987
580988
580989
580990
580991
580992
580993
580994
580995
580996
580997
581014
581015
581016
581017
581018
581019
581111
581112
581113
581114
581115
581120
581121
581122
581123
581124
581125
581126
581127
581128
581129
581130
581131
581132
581133
581134
581135
581136
581137
581138
581139
581140
581141
581142
581143
581144
581145
581146
581147
581148
581182
581183
581184
581185
581186
581187
581194
581195
581197
581198
581213
581214
581218
581219
581220
581235
581236
581239
581240
582183
582477
582478
584778
584860
584861
585037
585038
585039
585040
585221
585222
585223
585280
585401
585402
585458
585459
585460
585461
585499
585504
585505
585509
585511
585513
585515
585518
585519
585521
585522
585523
585525
585894
585895
585907
585908
585909
585910
585911
586223
586231
586232
586233
586234
586235
586236
586237
586246
586247
586248
586249
586250
586251
586253
586254
586255
586256
586257
586258
586259
586260
586261
586262
586263
587029
587030
587031
587033
587034
587035
587037
587038
587656
588586
588588
588589
588590
588591
588592
588594
588595
588817
588818
588819
588873
588874
588875
588876
588877
588878
588879
588880
588881
588883
588884
588885
588886
588887
588888
588889
589211
589212
589213
589214
589215
589216
589217
589218
589219
589220
589221
589222
589223
589224
589225
589226
589227
589228
589229
589230
589231
589232
589233
589234
589235
589236
589237
589238
589239
589304
589305
589316
589317
589318
589319
589320
589332
589333
589334
589335
589336
589337
589338
589339
589352
589353
589354
589355
589356
589357
589358
589359
589360
589361
589362
589364
589365
589372
589373
589434
589435
589439
589440
589441
589442
589445
589446
589448
589450
589451
589452
589885
589886
589887
589888
589889
589890
589891
589892
589893
589894
589895
589896
589897
589898
590143
590144
590145
590146
590147
590148
590149
590151
590480
590481
591162
591163
591490
591939
591942
591964
591965
591966
592331
592374
592375
592397
592398
592833
592834
592975
593116
593118
593119
593129
593130
593136
593137
593217
593415
593544
593545
593546
593547
593548
593549
593550
593551
593552
593553
593554
593555
593556
593557
593558
593559
593560
593561
593562
593786
594179
594180
594565
594610
594611
594612
594613
594614
594615
594616
594617
594618
594619
594620
594621
594622
594623
594624
594625
594626
595676
595677
595678
595679
595680
595681
595682
595683
595685
595686
595687
595688
595689
595690
595694
595695
596135
596143
596144
596237
596238
596345
596368
598552
598553
599655
599656
607053
607054
608518
608519
608520
608521
608522
608524
608525
608526
608527
608528
608529
608833
608834
608835
608836
610160
610162
610163
610164
613049
613050
613051
613052
613054
613055
613057
613058
613059
613060
613063
613064
613065
613066
613067
613068
613069
613071
613073
613075
613077
613078
613079
613081
613082
613083
613084
614030
614031
617003
617004
617006
620891
620892
620893
621008
621258
622612
622613
622614
622615
622616
624129
624130
624131
624132
625923
625924
626070
626071
626074
626075
626076
626077
626078
626079
626101
626102
626108
626109
626110
626111
626112
626113
626114
626115
626144
626145
626421
626422
626423
626424
626954
626955
627447
627448
627449
627450
627451
627452
627453
627454
627455
627456
627457
627458
627459
627468
627903
627904
627905
627906
627907
627908
627909
627923
627924
627925
627926
627927
627928
627929
627930
627931
627932
629239
629240
629486
629487
630170
630171
630172
630173
630174
630175
630176
630177
630178
630179
630180
630181
630182
630183
630184
630185
630201
630202
630203
630204
630205
630233
630234
630536
630537
630781
630782
630783
630784
630785
630786
630787
630788
630789
630790
630791
630792
630793
630794
630795
630796
630797
630798
630799
630800
630801
630802
630803
630804
630805
630806
630807
630808
630809
630810
630811
630812
630813
630814
630815
630816
630817
630818
630819
630820
630821
630822
630823
630824
631461
631462
631463
631464
631465
631466
631467
631468
631469
631470
631471
631472
631473
631474
631475
631476
631477
631478
631479
631480
631481
631482
631483
631484
631485
631486
631487
631488
631489
631490
631491
631492
631493
631494
631495
631496
631497
631498
631499
631500
631501
631502
631503
631504
631505
631506
631507
631508
631509
631510
631511
631512
631513
631514
631515
631516
631517
631518
631519
631520
631521
631522
631523
631524
631525
631526
631527
631528
631529
631530
631531
631532
631533
631534
631535
631536
631537
631538
631539
631540
631541
631542
631543
631544
631545
631546
631547
631548
631549
631550
631551
631552
631553
631554
631555
631556
631557
631558
631559
631560
631561
631562
631563
631564
631565
631566
631567
631568
631569
631570
631571
631572
631573
631574
631575
631576
631577
631578
631579
631580
631581
631582
631583
631584
631585
631586
631587
631588
631589
631590
631591
631592
631593
631594
631595
631596
631597
631598
631599
631600
631601
631602
631603
631604
631605
631606
631607
631608
631609
631610
631611
631612
631613
631614
631615
631616
631617
631618
631619
631620
631621
631622
631623
631624
631625
631626
631627
631628
631629
631630
631631
631632
631633
631634
631635
631636
631637
631638
631639
631640
631641
631642
631643
631644
631645
631646
631647
631648
631649
631650
631651
631652
631653
631654
631655
631656
631657
631658
631659
631660
631661
631662
631663
631664
631665
631666
631667
631668
631669
631670
631671
631672
631673
631674
631675
631676
631677
631678
631679
631680
631681
631682
631683
631684
631685
631686
631687
631688
631689
631690
631691
631692
631693
631694
631695
631696
631697
631698
631699
631700
631701
631702
631703
631704
631705
631706
631707
631708
631709
631710
631711
631712
632098
632099
632825
632826
632827
632828
632829
632830
632831
632832
632833
632834
632835
632836
632837
632838
632841
632842
632843
632844
632845
632846
632847
632848
632849
632850
632957
633211
633662
633663
633664
633810
634208
634209
634210
634363
634470
634471
634472
634473
634474
634475
634476
634477
634478
634479
634480
634481
634482
634483
634484
634486
634487
634488
634489
634490
634752
634753
634917
634918
634919
634920
634921
634922
634923
634924
634925
634926
634927
635192
635193
635194
635195
635196
635197
635198
635199
635200
635201
637634
637635
637636
637637
637638
637639
637640
637641
637642
637643
637644
637645
637646
637647
637648
637649
637650
637651
637652
637653
637654
637655
637656
637657
637658
637659
637660
637661
637662
637663
637664
637665
637666
637667
637668
637669
637670
637671
637672
637673
637674
637675
637676
637677
637846
637847
637848
637849
637850
638965
638966
638967
638980
638981
638982
639042
639043
639044
639045
639046
639047
639048
639049
639050
639051
639052
639053
639054
639055
639056
639057
639058
639059
639060
639061
639062
639063
639064
639065
639066
639067
639068
639069
639070
639071
639072
639073
639074
639075
639076
639077
639078
639079
639080
639081
639082
639083
639084
639085
639086
639087
639088
639089
639090
639091
639092
639093
639094
639095
639096
639097
639098
639099
639100
639101
639102
639103
639104
639105
639106
639107
639108
639109
639110
639111
639112
639113
639114
639115
639116
639117
639118
639119
639120
639121
639122
639123
639124
639125
639126
639127
639128
639129
639130
639131
639132
639133
639134
639135
639136
639137
639138
639139
639140
639141
639142
639143
639144
639145
639146
639147
639148
639149
639150
639151
639152
639153
639154
639155
639156
639157
639158
639159
639160
640261
640262
640263
640264
640265
640266
640267
640268
640269
640270
640271
640272
640273
640274
640275
640276
640277
640278
640279
640280
640281
640282
640283
640284
640285
640286
640287
640288
640289
640290
640291
640292
640950
640951
640952
640953
640954
640955
640956
640957
640958
640959
640960
640961
640962
640963
640964
640965
640966
640967
640968
640969
640970
640971
640972
640973
640974
640975
640976
640977
640978
640979
640980
640981
640982
640983
640984
640985
640986
640987
640988
640989
640990
640991
640992
640993
640994
640995
640996
640997
640998
640999
641000
641001
641002
641003
641004
641005
641006
641007
641008
641009
641024
641026
641033
641380
641381
641485
641813
641814
641815
641816
641817
642469
642470
642471
642472
642473
642474
642475
642476
643677
643678
644525
644527
644528
644529
644530
644531
644533
644534
644537
644538
644539
644540
644541
644542
644621
644622
644740
645024
645025
645550
645551
645552
645553
645554
645555
645556
645557
645558
645559
645560
645561
645562
645563
645564
645565
645566
645567
645568
645569
645570
645571
645572
645574
645575
645632
645633
645634
645635
645636
645637
645638
645639
645640
645643
645648
645649
645650
645651
645655
645656
645754
645755
645756
645757
646083
646084
646085
646086
646087
646088
646089
646090
646091
646092
646093
646094
646099
646411
646412
646440
646441
646670
646671
646672
646673
647114
647385
647386
647387
647388
647745
647746
647747
647748
647749
647750
647751
647752
647753
647754
647755
647756
647757
647758
647759
647760
647761
647762
647763
647764
647765
647766
647767
647768
647769
647770
647771
647772
647773
647774
647775
647776
647777
647778
647779
647780
647781
647782
647783
647784
647785
647786
647787
647788
647789
647790
647791
647792
647793
647794
647795
647796
647797
647798
647799
647800
647801
647802
647803
647804
647805
647806
647807
647808
647809
647810
647811
647812
647813
647814
647815
647816
647817
647818
647819
647820
647821
647822
647823
647824
647825
647826
647827
647828
647829
647830
647831
647832
647833
647834
647835
647836
647837
647906
647907
648173
648174
648177
648178
648187
649273
649274
649275
649276
649277
649278
649279
649280
649281
649302
649303
649304
649305
649306
649307
649308
649309
649310
649311
649312
649313
649314
649315
649316
649317
649318
649319
649320
649321
649322
649324
649325
649326
649327
649329
649330
649464
649465
649466
649467
649468
649469
649470
649472
649559
649560
649561
649562
649992
649993
651140
651141
651289
651290
651584
651585
651589
651590
651628
651629
651659
651849
652450
652451
652676
652944
652945
652946
652947
652948
652949
652950
652951
653389
653704
653705
653707
653965
653966
653967
653968
653969
653970
654649
654650
654651
654652
654653
654654
654655
654656
654657
654658
654659
654660
654661
654662
654663
654664
654665
654666
654667
654668
654669
654670
654671
654672
654673
654674
654675
654676
654849
654850
654851
654852
654884
654885
654886
654887
654888
654889
654890
654891
654892
654893
654894
654895
654896
654897
654898
654899
654935
654970
654971
654972
654973
654974
654975
654976
654977
654978
654979
654980
654981
654982
654983
655179
655185
655186
655305
655306
655406
655407
655408
655409
655410
655411
655412
655413
655414
655415
655416
655417
655418
655419
655421
655422
655423
655427
655472
655473
655643
655653
655654
655656
655657
655784
655786
655787
655788
655789
655790
655791
655792
655793
655794
655795
655796
655797
655798
655988
655989
655990
655991
655992
655993
655994
655995
655996
655997
655998
655999
656000
656001
656002
656733
656734
656892
657296
657297
657298
657299
657300
657301
657302
657303
657305
657306
657311
657392
657393
657420
657421
657540
658142
658143
658159
658160
658161
658162
658243
658244
658245
658246
658263
658264
658265
658266
658542
658543
658544
659180
659181
659185
659187
659188
659189
659190
659355
659356
659361
659362
659363
659375
659376
659377
659378
659379
659380
659381
659382
659383
659384
659385
659386
659387
659388
659389
659390
659391
659392
659393
659394
659395
659396
659397
659398
659399
659400
659401
659402
659403
659404
659405
659406
659407
659408
659409
659410
659411
659412
659413
659414
659415
659416
659417
659418
659419
659420
659421
659422
659433
659434
659435
659498
659675
659676
659677
659687
659688
659695
659696
659697
659698
659874
660038
660039
660040
660041
660042
660043
660044
660045
660046
660048
660049
660050
660051
660052
660093
660094
660096
660097
660098
660100
660101
660103
660104
660467
660468
660904
660905
660906
660907
660908
660909
660910
660911
660912
660913
660914
660915
660916
660917
660918
660919
660921
660922
660923
660924
660926
660927
661000
661001
661002
661003
661004
661005
661006
661007
661008
661009
661010
661011
661012
661013
661014
661015
661016
661017
661018
661019
661020
661021
661022
661023
661024
661025
661026
661421
661422
662107
662368
662369
662370
662371
662372
662373
662374
662375
662376
662377
662378
662379
662380
662381
662382
662383
662384
662385
662386
662387
662388
662389
662390
662391
662392
662393
662394
662395
662396
662397
662398
662399
662400
662401
662402
662405
662406
662407
662408
662409
662411
662412
662413
662414
662415
662416
662417
662418
662419
662420
662421
662422
662423
662424
662425
662426
662427
662428
662429
662430
662431
662432
662437
662438
662439
662470
662471
662472
662473
662474
662657
662658
662659
662885
662886
662887
662888
662889
663230
663231
663362
663363
663940
663941
664319
664320
664321
664925
664926
664927
664928
664929
664930
664931
664932
664933
664934
664935
664936
664937
664938
664958
664959
664975
664976
664977
664978
664979
665005
665006
665085
665101
665455
665456
665457
665458
665587
665588
665590
665591
665592
665593
665796
665797
665798
665799
665888
665889
665893
665894
665895
665896
665897
665898
665899
665900
665901
665903
665905
665906
665907
665908
665909
666380
666381
666382
666383
666384
666385
666476
666477
666478
666479
666480
666481
666482
666483
666484
666485
666486
666487
666488
666489
666490
666491
666492
666493
666494
666495
666496
666558
666559
666629
666631
666709
666710
666711
666712
666717
666718
666719
666720
666916
666917
666918
666919
666920
666921
666922
666923
666924
666925
666926
666927
666928
666929
666930
666931
666932
666933
666934
666935
666936
666937
666938
666939
666940
666941
666942
666943
666944
666945
666946
666947
666948
666949
666950
666951
666952
666953
666954
666955
666956
666957
666958
666959
666960
666997
667043
667044
667045
667052
667053
667054
667055
667056
667057
667059
667060
667061
667062
667063
668957
668958
668991
668992
669525
669526
669527
669529
669914
669915
669916
669917
669918
669919
670141
670162
670163
670164
670165
670166
670167
670168
670169
670170
670172
670173
670174
670175
670177
670178
670179
670180
670201
670202
670203
670204
670205
670206
670207
670208
670209
670210
670211
670212
670213
670214
670215
670216
670217
670218
670219
670220
670221
670222
670223
670224
670225
670226
670227
670228
670229
670230
670231
670232
670233
670234
670235
670236
670237
670238
670239
670310
670715
670716
670717
670718
670719
670720
670721
670722
670725
670726
670783
670806
670807
670808
670809
670810
670811
670812
670813
670814
670815
670816
670817
670818
670819
670820
670821
670822
670823
670824
670825
670826
670827
670828
670829
670830
670831
670832
670833
670834
670835
670836
670837
670838
670839
670840
670841
670842
670843
670844
670845
670846
670847
671142
671172
671173
671174
671175
671176
671177
671178
671190
671191
671192
671193
671194
671195
671196
671197
671198
671199
671200
671201
671202
671203
671204
671205
671207
671208
671769
671770
671771
671772
671773
671774
672202
672203
672204
672206
672207
672208
672263
672264
672265
672266
672267
672268
672269
672270
672271
672272
672273
672274
672275
672276
672277
672407
673107
673114
673125
673269
673270
673272
673273
673842
673843
673847
673851
673852
674511
674512
674513
674514
674515
674767
674769
674770
675265
675266
675267
675268
675782
675783
675784
675785
675788
675789
675790
675791
675792
675793
675794
675795
675796
675797
675798
675799
675877
675878
675879
675880
675881
675882
675883
675884
675885
675886
675887
675888
675889
675890
675891
675892
675893
675894
675895
675896
675897
675898
675899
675900
675901
675902
675903
675904
675905
675906
675907
675908
675909
675910
675911
675912
675913
675914
675915
675916
675917
675918
675919
675920
675921
675922
675923
675924
675925
675926
675927
675928
675929
675930
675931
675932
675933
675934
675935
675936
675937
675938
675939
675940
675941
675942
675943
675944
675945
675946
675947
675948
675949
675950
675951
675952
675953
675954
675955
675956
675957
675958
675959
675960
675961
675962
675963
675964
675965
675966
675967
675968
675969
675970
675971
675972
675973
675974
675975
675976
675977
675978
675979
675980
675981
675982
675983
675984
675985
675986
675987
675988
675989
675990
675991
675992
675993
675994
675995
675996
675997
675998
675999
676000
676001
676002
676003
676004
676005
676241
676242
678933
678934
678935
678938
678939
678940
678941
678942
679007
679008
679009
679010
679011
679012
679262
679263
679264
679265
679266
679267
679312
679313
679713
679714
681721
681722
681723
681724
681725
681726
681727
681728
681729
681730
681731
681732
681733
681734
681735
681736
681737
681738
681739
681995
681996
681997
682315
682316
682332
682333
682334
682335
682336
682337
682338
682339
682340
682341
682342
682343
682344
682345
682346
682347
682348
682349
682350
682351
682385
682386
682387
682388
682392
682393
682394
682414
682415
682416
682417
682418
682652
682716
682717
682718
682743
682744
682745
682746
682749
682750
682751
682761
682791
682792
682793
682794
682830
682831
682845
682846
682847
682848
682970
682971
683336
683337
683338
683339
683402
683403
683404
683405
683406
683407
683408
683409
683410
683411
683412
683413
683414
683415
683841
684057
684058
684059
684067
684068
684069
684089
684592
685292
685293
685294
685295
685297
685298
685300
685301
685302
685303
685304
685305
685306
685328
685329
685330
685331
685332
685333
685334
685335
685336
685337
685338
685339
685340
685341
685342
685343
685344
685906
685907
685908
685909
685910
685911
685912
685913
685914
685915
685916
685959
685960
686270
686271
686272
686273
686274
686275
686276
686277
686278
686325
686326
686419
686420
686421
686422
686423
686424
686425
686426
686427
686428
686825
686826
686827
686920
686921
686989
687208
687209
687781
687782
687783
687796
687797
687863
687864
687865
687866
687867
687868
688645
688646
688647
688648
688649
688650
688651
688652
688653
688654
688656
688657
688956
688957
688958
688959
688960
688961
688962
688963
688964
688965
688966
688967
688968
689459
689460
689661
689662
689663
690233
691430
691431
691432
691433
691804
691805
692067
692098
692280
692449
692450
692451
692452
692453
692454
692455
692456
692457
692458
692459
692460
692461
692462
692463
692464
692465
692466
692467
692468
692469
692470
692471
692472
692473
692474
692475
692476
692477
692478
692482
692483
692484
692485
692486
693061
693062
693063
693111
693494
693495
693496
693497
693498
693499
693577
693772
693980
693981
694020
694021
694136
694137
694138
694139
694140
694141
694142
694143
694144
694265
696099
696100
696101
696102
696103
696104
696106
696107
696109
696110
696113
696114
696115
696116
696117
696118
696119
696120
696121
696122
696123
696124
696366
696367
696413
696478
696480
696481
696483
696484
696486
696487
696488
696489
696490
696491
696546
696624
696625
696626
696627
696628
696629
696630
696631
696632
696633
696634
696635
696636
696637
696638
696639
696640
696641
696642
696643
696644
696645
696646
696647
696648
696649
696650
696651
696652
696653
696654
696655
696656
696657
696658
696659
696660
696661
696662
696663
696664
696665
696666
696667
696668
696669
696670
696705
696706
696707
696708
696709
696712
696713
696714
696715
696716
696959
696960
697051
697226
697228
697246
697247
697248
697249
697250
697251
697252
697253
697254
697255
697256
697257
697258
697259
697260
697261
697262
697263
697264
697265
697266
697267
697268
697269
697270
697276
697277
697521
697522
697523
697524
697942
697943
698015
698017
698292
698293
698294
698295
698296
698297
698298
698378
698379
698380
698381
698382
698383
698384
698385
698386
698387
698388
698389
698390
698391
698392
698393
698394
698395
698510
698511
698512
698513
698514
698546
698547
698548
698549
698550
698551
698552
698553
698554
698555
698556
698557
698558
698559
698560
698561
698562
698563
698564
698565
698566
698567
698568
698569
698570
698571
698572
698573
698574
698575
698576
698577
698578
698579
698580
698581
698582
698583
698584
698585
698586
698587
698588
698589
698590
698591
698592
698593
698594
698595
698596
698597
698598
698599
698600
698601
698602
698603
698604
698605
698606
698607
698608
698609
698610
698611
698612
698613
698614
698615
698616
698617
698618
698619
698620
698621
698622
698623
698624
698625
698626
698627
698628
698629
698630
698631
698632
698633
698634
698635
698636
698637
698638
698639
698640
698641
698642
698643
698729
698730
698731
698732
698734
698735
698736
698799
698896
698897
698898
699839
699842
699875
699876
700475
700476
700477
700478
700479
700480
700481
700482
700483
700484
700485
700486
700487
700488
700489
700490
700491
700493
700494
700495
700496
700498
700499
700510
700602
700603
701066
701067
701125
701126
701127
701128
701129
701130
701131
701132
701133
701134
701135
701136
701137
701138
701139
701140
701141
701142
701143
701144
701145
701146
701147
701530
701724
701725
702264
702265
702341
702342
702343
702344
702345
702346
702656
703111
703112
703336
703657
703758
703759
703760
703761
705305
705306
706178
706533
706554
706558
706559
706597
707002
707003
707144
707145
707146
707152
707982
707983
707984
707985
707986
707987
707988
707990
707991
708134
708135
708629
708630
708631
709320
709321
709322
709487
709494
709904
710232
710233
710710
710711
710712
710725
710726
710727
710728
710730
710731
710732
710734
710735
710736
710737
710738
710739
710740
710741
710742
710743
710744
710745
710746
710747
710778
710779
710780
710781
710782
710783
710784
710785
710786
710787
710788
710789
710790
710791
710792
710793
710794
710795
710796
710797
710798
710799
710800
710801
710802
710803
710804
710805
710806
710807
710808
710809
710810
710811
710812
710813
710814
710815
710816
710817
710818
710819
710820
710821
710822
710823
710824
710825
710826
710827
710828
710829
710830
710831
710832
710833
710834
710835
710836
710971
710972
710973
710974
710975
710976
710977
710978
710979
710980
710981
710982
710983
710984
710985
710986
710987
710988
710989
710990
710991
710992
710993
710994
710995
710996
710997
710998
710999
711000
711001
711002
711003
711004
713094
713095
713096
714552
714661
714662
714937
715030
715031
715032
715033
715034
715035
715036
715037
715038
715039
715446
715447
717085
717086
717087
717089
717092
717093
717470
717471
717472
717473
717474
717475
717775
717776
717931
717942
717945
718258
718259
718260
718261
718263
718264
718266
718267
718289
718290
718291
718292
718293
718294
718295
718296
718297
718298
718299
718300
718301
718308
718311
718312
718313
718314
718315
718316
718317
718318
718319
718320
718321
718322
718323
718324
718325
718326
718327
718328
718329
718330
718331
718332
718333
718334
718338
718339
718340
718342
718343
718344
718345
718347
718348
718349
718350
718351
718352
718353
718354
718355
718359
718360
718361
718473
718474
718475
718476
718477
718478
718479
718480
718481
718482
718483
718484
718485
718486
718487
718488
720726
720727
720728
720729
720730
720731
720732
720733
720734
720735
720736
720737
720738
720739
720740
720741
720742
720743
720744
720745
720746
720747
720748
720749
720750
720751
720752
720753
720754
720755
720756
720757
720758
720759
720760
720761
720762
720763
720764
720765
720766
720767
720768
720769
720770
720771
720772
720773
720774
720775
720776
720777
720778
720779
720780
720781
720782
720783
720784
720785
720786
720787
720788
720789
720790
720791
720792
720793
720794
720795
720796
720797
720798
720799
720800
720801
720802
720803
720804
720805
720806
720807
720808
720809
720810
720811
720812
720813
720814
720815
720816
720817
720818
720819
720820
720821
720822
720823
720824
720825
720826
720827
720828
720829
720830
720831
720832
720833
720834
720835
720836
720837
720838
720839
720840
720841
720842
720843
720844
720845
720846
720847
720848
720849
720850
720851
720852
720853
720854
720855
720856
720857
720858
720859
720860
720861
723552
723553
723554
723555
723556
723557
723558
723559
723560
723561
723562
723563
723564
723565
723566
723567
723568
723569
723570
723571
723572
723573
723574
723575
723576
723577
723578
723579
723580
723581
723582
723583
723584
723585
723586
723587
723588
723589
723590
723591
723592
723593
723594
723595
723596
723597
723598
723599
723600
723601
723602
723603
723604
723605
723606
723607
723608
723609
723610
723611
723612
723613
723614
723615
723616
723617
723618
723619
723620
723621
723622
723623
723624
723625
723626
723627
723628
725924
725926
728008
728009
728010
732092
732156
735505
735506
735507
735508
735509
735510
735511
735512
735513
735514
735521
741652
741653
741654
741655
741656
741657
742034
742036
742052
742824
742825
742826
743046
743047
743048
743049
743050
743051
743052
743053
743054
743055
743056
743057
743058
743059
743060
743061
743062
743063
743064
743065
743066
743067
743068
743069
743070
743071
743072
743073
743074
743075
743076
743077
743078
743079
743080
743081
743082
743083
743084
743085
743086
743087
743088
743089
743090
743091
743092
743093
743094
743095
743096
743097
743098
743099
743100
743101
743102
743103
743104
743433
743531
743532
743533
743534
743535
743536
743537
743538
743539
743540
743541
743542
743545
743546
743547
743548
743549
743550
743551
743552
743553
743555
743557
743559
743560
743561
743562
743563
743564
743566
743567
743568
743569
743570
743572
743573
743574
743575
743576
743577
743579
743580
743581
743582
743584
743585
743586
743587
743588
743589
743591
743592
743593
743594
743595
743596
743597
743598
743599
743600
743601
743602
743603
743604
743605
743606
743607
743608
743609
743610
743611
743612
743613
743614
743615
743616
743617
743618
743619
743620
743621
743622
743623
743624
743625
743626
743627
743628
743629
743630
743631
743632
743633
743634
743635
743636
743637
743638
743639
743640
743641
743642
743643
743644
743645
743646
743647
743648
743649
743650
743651
743652
743653
743654
743655
743656
743657
743658
743659
743660
743661
743662
743663
743664
743665
743666
743667
743668
743682
743727
743728
743770
743771
743821
743824
743825
743826
743827
743925
744140
744971
744972
744974
744975
744997
744999
745000
745003
745005
745006
745692
745693
746545
746546
746547
746548
746549
746550
746551
746552
746553
746554
746555
746556
746557
746558
746561
746854
746855
746856
746857
746858
746859
746860
746861
746862
746863
746864
746865
746866
746867
746868
746869
746871
747013
747014
747081
747082
747083
747233
747234
747235
747236
747237
747238
747239
747240
747241
747242
747243
747261
747262
747264
747265
747268
747269
747270
747271
747272
747273
747274
747275
747276
747277
747278
747279
747280
747281
747282
747283
747284
747285
747286
747287
747288
747372
747373
747374
747375
747394
747395
747396
747397
747398
747399
747400
747401
747402
747403
747404
747405
747406
747407
747408
747409
747410
747411
747412
747413
747414
747415
747416
747417
747418
747464
747465
747466
747467
747510
747511
747512
747977
747978
747979
747980
747981
747982
747983
747984
747985
747989
748009
748106
748107
748113
748114
748115
748116
748117
748179
748191
748192
749015
749016
749017
749018
749019
749020
749021
749022
749023
749024
749025
749026
749027
749028
749029
749030
749031
749032
749033
749034
749035
749036
749037
749038
749039
749040
749041
749042
749043
749044
749045
749046
749047
749048
749049
749050
749051
749052
749053
749054
749055
749056
749057
749058
749059
749060
749061
749062
749063
749064
749065
749066
749067
749068
749069
749070
749071
749072
749073
749074
749075
749076
749077
749078
749079
749080
749081
749082
749083
749084
749085
749086
749087
749088
749089
749090
749091
749092
749093
749094
749095
749096
749097
749098
749099
749100
749101
749102
749103
749104
749105
749106
749107
749108
749109
749110
749111
749112
749113
749114
749115
749116
749117
749118
749119
749120
749121
749122
749123
749124
749125
749126
749127
749128
749129
749130
749131
749132
749133
749134
749135
749136
749137
749138
749139
749140
749141
749142
749143
749144
749145
749146
749147
749148
749149
749150
749151
749152
749153
749154
749155
749156
749157
749158
749159
749160
749161
749162
749163
749164
749165
749166
749167
749168
749169
749170
749171
749172
749351
749352
749353
749354
749355
749449
749450
749685
749686
749687
749688
749689
749690
749691
749696
749697
749711
749712
749853
749854
749855
749856
749906
749907
749912
749913
751949
751950
751951
751952
751983
752079
752080
752083
752084
752085
752086
752087
752088
752089
752090
752091
752092
752093
752094
752095
752096
752097
752098
752099
752100
752101
752561
753759
753760
753761
753762
754008
754009
754010
754011
754013
754014
754015
754016
754155
754391
754392
754393
754394
754472
754473
754482
754483
755201
755202
755203
755352
755353
755354
755355
755356
755357
755358
755359
755360
755361
755362
755363
755364
755365
755366
755367
755368
755369
755370
755371
755372
755373
755374
755375
755376
756503
756504
756697
756859
756860
756861
756862
756863
756864
756865
756866
756867
756868
756869
756870
756871
756872
756873
756874
756875
757242
757243
757244
757245
757246
757247
757248
757249
757250
757251
757252
757253
758735
758736
758737
758738
758756
758757
758759
759033
759034
759035
759036
759037
759038
759039
759040
759041
759042
759043
759044
759045
759046
759047
759048
759049
759050
759051
759052
759053
759054
759055
759056
759057
759058
759059
759060
759061
759062
759063
759064
759065
759066
759067
759068
759069
759070
759071
759072
759073
759074
759075
759076
759077
759078
759079
759080
759081
759082
759083
759084
759085
759086
759087
759088
759089
759090
759091
759092
759093
759094
759095
759096
759097
759098
759099
759100
759101
759102
759103
759104
759105
759106
759107
759108
759109
759110
759111
759112
759113
759114
759115
759116
759117
759118
759354
759355
759664
759735
759873
759874
759877
759878
760028
760029
760030
760710
760711
760712
760713
760714
760715
760716
760717
760718
760719
760720
760721
760722
760723
760724
760725
760726
760728
760729
760730
760731
760941
761107
761108
761109
761110
761111
761112
761113
761114
761115
761116
761117
761118
761119
761120
761121
761122
761123
761124
761125
761126
761127
761128
761129
761130
761131
761132
761133
761134
761135
761136
761137
761138
761139
761140
761141
761142
761143
761144
761145
761146
761147
761148
761149
761150
761151
761152
761153
761154
761155
761156
761157
761158
761159
761160
761161
761162
761163
761164
761165
761166
761167
761168
761169
761170
761171
762065
762066
762218
762219
762220
762221
762222
762223
762224
762225
762226
762227
762228
762229
762230
762231
762232
762233
762234
762235
762236
762237
762238
762239
762240
762241
762242
762243
762244
762245
762246
762247
762248
762249
762250
762251
762252
762253
762254
762255
762256
762257
762258
762259
762260
762291
762292
762819
762820
762955
762956
762957
762958
762959
762960
762961
763396
763397
763398
763400
763401
763402
763403
763404
763498
763499
763500
763501
763502
763503
763786
763787
763870
763871
763872
763873
763874
763875
763876
763877
763878
763879
763880
763881
763882
763883
763884
763885
763886
763887
763888
763889
763890
764346
764351
764352
764353
764357
764484
764485
765314
765315
765316
765317
765820
765821
765857
765858
765859
765860
765861
765862
765863
765864
765880
765882
765883
765884
765885
765886
765887
765889
765890
765891
765892
765893
765894
765895
765896
765897
765898
765899
765900
765901
765902
765903
765904
765905
765906
765907
765908
765939
765940
765965
765966
765967
765968
765969
765970
765971
765972
765973
765974
765975
765976
765977
765978
765979
765980
765981
765982
765983
765984
765985
765986
765987
765988
765989
765990
765991
765992
765993
765994
765995
765996
765997
765998
765999
766000
766001
766002
766003
766004
766005
766006
766007
766008
766009
766010
766011
766012
766013
766014
766015
766016
766017
766018
766019
766020
766021
766022
766023
766024
766025
766026
766027
766028
766029
766500
766501
767019
767676
767677
767707
767708
767709
767751
767752
767753
767754
767755
767756
767757
768063
768064
768504
768505
768542
768543
768551
768552
768555
768556
768557
768558
768559
768560
768561
768563
768564
768565
768566
768567
768568
768569
768570
768571
768572
768896
768986
768987
768988
768989
768990
794849
794850
795322
795323
795324
795325
795466
795467
795468
795469
795751
795917
795918
796893
796894
797077
797078
797283
797540
797541
797740
797741
798164
798165
798167
798168
798170
798171
798172
798173
798210
798211
798540
798541
798542
798543
798570
798576
798577
798578
798579
798580
839843
839885
849055
849056
849057
849058
856733
856737
856738
856739
856740
856741
856744
856745
857186
857187
857189
857190
857191
857192
857193
857195
857339
857391
857478
858337
858373
858374
858375
858376
858377
858378
858380
858381
858382
858383
858384
858385
858386
858387
858390
858391
858392
858393
858394
858395
858396
858397
858398
858399
858400
858401
858579
858580
858581
858582
858583
858584
858968
858969
858970
858971
858972
858973
858974
858975
858976
858977
858978
858979
858980
858981
858982
858983
858984
858985
858986
858987
858988
858989
858990
858991
858992
858993
858994
858995
858996
858997
858998
858999
859000
859001
859002
859003
859004
859005
859006
859007
859008
859009
859010
859011
859012
859013
859014
859015
859016
859017
859018
859019
859020
859021
859022
859023
859024
859025
859026
859027
859028
859029
859030
859031
859032
859033
859034
859035
859036
859037
859038
859039
859040
859041
859042
859186
859189
859190
859191
859305
859306
859382
859383
859384
859861
859895
859896
859897
859898
859899
859900
860135
860777
860778
860779
860780
860781
860782
860783
860784
860785
860786
860787
860788
862256
862269
862416
862639
862647
862648
862812
863063
863065
863066
863067
863069
863070
863071
863072
863073
863255
863257
863258
863259
863260
863261
863263
863264
863265
863266
863267
863268
863269
863270
863271
863448
863467
863468
863469
863470
863471
863472
863473
863474
863475
863476
863477
863478
863479
863480
863481
863482
863483
863484
863485
863486
863487
863488
863489
863490
863491
863492
863493
863494
863495
863496
863497
863498
863499
863500
863501
863502
863503
863504
863505
863506
863507
863508
863509
863510
863511
863512
863513
863514
863515
863516
863517
863518
863519
863520
863521
863523
863524
863525
863526
863527
863601
863640
863642
863881
863882
863883
863884
863923
863924
863925
863926
863927
863928
863929
863930
863931
863932
864065
864066
864067
864516
864517
864805
864806
866100
866101
866509
866510
866511
866512
866642
866643
866644
866645
866646
866647
866648
866649
866650
866651
866652
866653
866654
866655
866656
866657
866658
866659
866660
866661
866662
866663
866664
866665
866666
866667
866669
866674
866675
867344
867610
867611
867685
867686
867715
867716
867717
867718
868499
868500
869281
869282
869283
869284
869285
869286
869287
869289
869290
869291
869292
869293
869294
869295
869296
869297
869298
869299
869300
869452
869453
869454
869496
869497
870117
870118
870119
870120
870121
870122
870123
870124
870125
870126
870127
870128
870129
870130
870131
870132
870133
870134
870135
870136
870137
870138
870139
870140
870141
870142
870143
870144
870145
870146
870149
870150
870151
870153
870446
870447
870448
870624
870625
870626
870627
870628
870632
870633
870634
870635
870636
870637
870724
870725
870726
870895
870896
871545
871546
871547
871548
871549
871550
871551
871552
871553
871554
871555
871556
871557
871558
871559
871560
871561
873071
873084
873085
874257
874258
874426
874427
875095
875096
875097
875098
875099
875100
875121
875122
875123
875124
875125
875126
875127
875128
875129
875130
875131
875132
875133
875142
875143
875144
875145
875146
875147
875148
875149
875150
875151
875152
875153
875154
875155
875156
875199
875200
875201
875202
875203
875204
875205
875206
875207
875208
875209
875210
875211
875212
875213
875214
875215
875216
875217
875218
875219
875220
875221
875303
875304
875305
875306
875307
875308
875309
875310
875311
875312
875313
875314
875315
875316
875317
875318
875319
875320
875321
875322
875802
875803
875967
875968
875969
875970
875971
875972
875973
875975
875976
876047
876086
876087
876088
876089
876090
876091
876092
876093
876096
876097
876100
876101
876102
876103
876104
876105
876106
876107
876108
876109
876110
876111
876112
876113
876114
876116
876171
876282
876323
876339
876411
876412
876413
876414
876415
876416
876479
876480
876688
876847
876848
876849
876850
876860
876861
876977
876978
876979
876980
876981
876982
876983
876985
876986
876987
876988
876989
876990
877184
877185
877186
877187
877188
877189
877190
877191
877192
877193
877194
877195
877196
878251
878252
878262
878263
878264
879245
879246
879314
879315
879967
879968
880058
880060
880061
880062
880063
880064
880065
880066
880067
880068
880069
880194
880195
880196
880197
880198
880199
880200
880201
880202
880729
880730
880731
882947
882948
882949
882950
882951
882952
882953
884108
884165
884166
885331
886317
886318
886321
886323
886326
886327
886348
886349
886352
886353
886356
886358
886362
886363
886477
886478
886555
886556
886922
886923
886924
886925
887020
887021
887574
887575
887576
887577
887578
887579
887580
887581
887582
887583
887584
887585
887586
887587
887588
887589
887590
887591
887592
887593
887594
887598
887599
887600
887601
887602
887603
887604
887605
887606
887607
887608
887609
887610
887611
887612
887613
887614
887615
887616
887617
887618
887619
887620
887621
887622
887623
887624
887625
887626
887627
887628
887629
887630
887631
887632
887633
887634
887635
887636
887637
887638
887639
887640
887641
887642
887643
887644
887645
887646
887647
887648
887649
887650
887651
887652
887653
887654
887655
887656
887657
887658
887659
887660
887661
887662
887663
887664
887665
887666
887667
887668
887669
887670
887671
887672
887673
887674
887675
887676
887677
887678
887679
887680
887681
887682
887683
887684
887685
887686
887690
887691
887828
887830
887831
887832
887833
887834
887835
887836
887837
887838
887839
887840
887842
887843
887845
887846
887847
887848
887849
887850
887851
887852
887853
887854
887855
887856
887857
887859
887882
887883
887884
887885
887886
887887
887888
887889
887890
887891
887892
887893
887894
888077
888078
888079
888080
888081
888082
888099
888100
889056
889057
889058
889059
889060
889061
889065
889066
889067
889068
889069
889070
889071
889072
889073
889074
889075
889076
889077
889079
889080
889081
889082
889083
889084
889088
889092
889093
889094
889099
889100
889101
889102
889103
889104
889105
889106
889107
889108
889109
889110
889111
889112
889294
889295
889296
889297
889514
889515
889793
889794
890039
890040
890117
890118
890119
890120
890121
890122
890123
890124
890125
890126
890127
890128
890129
890130
890131
890132
890133
890134
890135
890136
890137
890138
890139
890140
890141
890142
890143
890144
890145
890146
890147
890148
890149
890150
890151
890152
890153
890154
890155
890156
890157
890158
890159
890160
890161
890162
890163
890164
890165
890166
890167
890168
890169
890170
890171
890172
890173
890174
890175
890176
890177
890178
890179
890180
890181
890182
890183
890184
890185
890186
890187
890188
890189
890190
890191
890192
890193
890194
890195
890196
890197
890198
890199
890200
890201
890202
890203
890204
890205
890206
890207
890208
890209
890210
890211
890212
890213
890214
890215
890216
890217
890218
890219
890220
890221
890222
890223
890224
890225
890226
890227
890228
890229
890230
890231
890232
890233
890234
890235
890236
890237
890238
890239
890240
890241
890242
890243
890244
890245
890246
890247
890248
890249
890250
890251
890252
890253
890254
890255
890256
890257
890258
890259
890260
890261
890262
890263
890264
890265
890266
890267
890268
890269
890270
890271
890272
890273
890274
890275
890276
890277
890278
890279
890280
890281
890282
890283
890284
890285
890286
890287
890288
890289
890290
890291
890292
890293
890294
890295
890296
890297
890298
890299
890300
890301
890302
890303
890304
890305
890306
890307
890308
890309
890310
890311
890312
890313
890314
890315
890316
890317
890318
890319
890320
890321
890322
890323
890324
890325
890326
890327
890328
890329
890330
890331
890332
890333
890334
890335
890336
890337
890338
890339
890340
890341
890342
890343
890344
890345
890346
890347
890348
890349
890350
890351
890352
890353
890354
890355
890356
890357
890358
890359
890360
890361
890362
890363
890364
890365
890366
890367
890368
890369
890370
890371
890372
890373
890374
890375
890376
890377
890378
890379
890380
890381
890383
890384
890385
890386
890387
890388
890389
891964
891965
903395
904061
904062
904063
904064
904065
904066
904067
904068
904070
904071
904072
904073
904074
904075
904076
904077
904078
904079
904131
904132
904133
904134
904135
904136
904137
904138
904187
904188
904189
904190
904504
904505
904678
904944
904945
904946
904947
904950
904951
904952
904953
904954
904955
904956
904957
904958
904959
904960
904961
904962
904963
904964
904965
904966
904967
904973
904974
904975
904976
904977
904978
904979
904980
904981
904983
904984
904985
904986
904987
904988
904989
904990
904991
904992
904993
904994
904995
904996
904997
904998
904999
905000
905001
905002
905003
905004
905005
905006
905007
905008
905009
905010
905011
905012
905013
905014
905015
905016
905017
905018
905019
905020
905021
905022
905023
905024
905025
905026
905027
905028
905029
905030
905031
905032
905033
905822
905823
905827
906654
906655
906970
906971
907284
907285
907346
907717
907718
907719
909215
909216
909217
909218
909220
909221
909222
909224
909225
909227
909228
909229
909230
909231
909232
909233
909234
909235
909236
909237
909238
909239
909240
909241
909242
910213
910214
910215
910216
910217
910218
910219
910220
910221
910222
910223
910224
910225
910226
910227
910228
910229
910230
910231
910232
910233
910234
910235
910258
910946
910947
910948
910949
910950
910951
911067
911636
911637
911935
911936
911937
911938
911939
911940
911941
911942
911943
912107
912108
912109
912110
912188
912598
912599
912600
912601
912602
912603
912604
912605
912606
912607
912608
912609
912610
912611
913199
913368
913369
913370
913371
913372
913373
913374
913375
913376
913377
913378
913379
913380
913381
913382
913383
913384
913385
913386
913387
913388
913389
913390
913391
913392
913393
913394
913395
913396
913397
913398
913399
913400
913401
913402
913403
913404
913405
913406
913710
913711
913712
913713
913714
913715
913716
913717
913718
913719
913720
913721
913722
913723
913724
913725
913726
913727
913728
913729
913730
913731
913732
913733
913734
914328
914329
914330
914331
914332
914333
914334
914335
914336
914337
914338
914339
914340
914341
914342
914343
914344
914345
914346
914347
914348
914349
914350
914351
914352
914353
914354
914355
914356
914357
914358
914359
914360
914361
914362
914363
914364
914365
914366
914367
914368
914369
914370
914371
914372
914373
914374
914375
914376
914377
914378
914379
914380
914381
914382
914383
914384
914385
914386
914387
914388
914389
914390
914391
914392
914393
914394
914395
914396
914397
914398
914399
914400
914401
914402
914403
914404
914405
914406
914407
914408
914409
914410
914411
914412
914413
914414
914415
914416
914417
914418
914419
914420
914421
914422
914423
914424
914425
914426
914427
914428
914429
914430
914431
914432
914433
914434
914435
914436
914437
914438
914439
914440
914441
914442
914443
914444
914445
914446
914447
914448
914449
914450
914451
914452
914453
914454
914455
914456
914457
914458
914459
914460
914461
914462
914463
914464
914465
914466
914467
914468
914469
914470
914471
914472
914473
914474
914475
914476
914477
914478
914479
914480
914481
914482
914483
914484
914485
914486
914487
914488
914489
914490
914491
914492
914638
914639
914640
914711
914712
914713
914714
914715
914716
914717
914718
914719
914720
914721
914722
914723
914724
914725
914726
914727
914728
914729
914730
914731
914732
914733
914734
914735
914736
914737
914738
914739
914740
914741
914742
914743
914744
914745
914746
914747
914748
914749
914750
914751
914752
914753
914754
914755
914756
914757
914758
914759
914760
914761
914762
914763
914764
914765
914766
914767
914768
914769
914770
914771
914772
914773
914774
914775
914776
914777
914778
914779
914780
914830
914831
914832
914833
914834
914835
914836
914837
914838
914839
914840
914841
914842
914843
914844
914845
914846
914847
914848
914849
914850
914851
914852
914853
914854
914855
914856
914857
914858
914859
914860
914861
914862
914863
914864
914865
914866
914867
914868
914869
914870
914871
914872
914873
914874
914875
914876
914877
914878
914879
914880
914881
914882
914883
914884
914885
914886
914887
914888
914889
914890
914891
914892
914893
914894
914895
914896
914897
914898
914899
914900
914901
914902
914903
914904
914905
914906
914907
914908
914909
914910
914911
914912
914913
914914
914915
914916
914917
914918
914919
914920
914921
914922
914923
914924
914925
914926
914927
914928
914929
914930
914931
914932
914933
914934
914935
915027
915028
915029
915030
915031
915032
915033
915034
915035
915036
915037
915038
915039
915040
915041
915042
915043
915045
915046
915047
915048
915049
915050
915051
915250
915251
915252
915253
915254
915255
915256
915490
925408
926031
926052
926053
926056
926057
926696
926697
926827
926829
926845
926846
926847
926848
926849
926850
926851
926852
926853
926854
926855
926856
926857
926858
926859
926860
926861
926862
926863
926864
926865
926866
926867
926868
926869
926870
926871
926872
926873
926874
926875
926876
926877
926878
926879
926880
926881
926882
926883
926884
926885
926886
926887
926888
926889
926890
926891
926892
926893
926894
926895
926896
926897
926898
926899
926900
926901
926902
926903
926904
926905
926906
926907
926908
926909
926910
926911
926912
926913
926914
926915
926916
926917
926918
926919
926920
926921
926922
926923
926924
926925
926926
926927
926928
926929
926930
926931
926932
926933
926934
926935
926936
926937
926938
926939
926940
926941
926942
926943
926944
926945
926946
926947
926948
926949
926950
926951
926952
926953
926954
926955
926956
926957
926958
926959
926960
926961
926962
926963
926964
926965
926966
926967
926968
926969
926970
926971
926972
926973
926974
926975
926976
926977
926978
926979
926980
926981
926982
926983
926984
927588
927589
927659
927660
927662
927663
927687
927689
928325
928326
928329
928330
928331
928332
928333
928334
928335
928336
928337
928338
928339
928340
928341
928841
928842
928854
928895
928896
929560
929561
929765
930092
930157
930956
931010
931011
931076
931077
931078
931079
931080
931081
931996
931997
931998
932001
932002
932003
932004
932620
932621
932651
932652
932777
932778
932806
933047
933062
933237
933352
933470
933866
933867
933868
933985
933986
934275
934284
934328
934329
934330
934331
934332
934333
934334
934335
934336
934337
934338
934339
934340
934341
934342
934343
934344
934345
934703
934704
934705
934706
934707
934708
934709
934710
934711
934712
934713
934714
934715
934716
934717
934718
934719
934720
934721
934722
934723
934724
934725
934726
934727
934728
934729
934730
934731
934732
934733
934734
934735
934736
934737
934738
934739
934740
934741
934742
934743
934744
934745
934746
934747
934748
934749
934750
934755
934756
934757
934758
934759
934760
934761
934762
934763
934764
934765
934766
934767
934768
934769
934770
934771
934772
934773
935246
935248
935249
935251
935694
935923
935937
935939
935940
935941
935944
935945
935949
935950
936475
936482
936483
936484
936485
936486
936487
936488
936489
936490
936491
936492
936493
936494
936495
936496
936497
936498
936499
936500
936501
936502
936503
936504
936505
936506
936507
936508
936509
936510
936511
936512
936513
936514
936515
936516
936517
936518
936519
936520
936521
936522
936523
936524
936525
936526
936527
936528
936529
937054
937055
937056
937057
937058
937059
937060
937061
937062
937063
937064
937065
937066
937067
937068
937069
937070
937071
937072
937073
937074
937075
937076
937077
937078
937451
937452
937453
937454
937455
937456
937457
937458
937459
937460
937461
937462
937463
937464
937465
937466
937467
937468
937469
937470
937471
937472
937473
937474
937475
937476
937799
938081
938082
938083
938273
939928
940132
940134
940137
940138
940140
940143
940144
940146
940147
940448
940449
940450
940451
940452
940453
940454
940456
940457
940458
940459
940555
940556
940671
940980
940981
940982
940983
940984
940985
940986
940987
940988
940989
940990
940991
940992
940993
940994
940995
940996
940997
940998
940999
941000
941001
941002
941003
941004
941005
941006
941007
941008
941009
941010
941011
941012
941013
941014
941015
941016
941017
941018
941019
941020
941021
941022
941023
941024
941025
941026
941027
941028
941029
941030
941031
941032
941033
941034
941035
941036
941037
941038
941039
941040
941041
941042
941043
941044
941045
941046
941047
941048
941049
941050
941051
941052
941053
941054
941055
941056
941057
941233
941234
941235
941236
941237
941238
941239
941240
941241
941242
941243
941244
941249
941250
941265
941266
941404
941405
941406
941407
941408
941420
941421
941422
941455
941456
941461
941462
941466
941467
941942
941943
941973
941974
942017
943341
943350
943946
943947
943956
944967
944968
945050
945051
945074
945075
945076
945077
945078
945079
945080
945081
945082
945189
945190
945191
945192
945193
945194
945195
945784
945785
945786
945787
945788
945789
945790
945791
945792
945793
945794
945795
945796
945797
946037
946038
946039
946040
946041
946042
946043
946044
946045
946114
946115
946272
946273
946276
946297
947025
947307
947308
947310
947311
947312
947313
947314
947315
947316
947317
947318
947319
947320
947321
947322
947323
947324
947325
947326
947327
947328
947329
947330
947331
947332
947333
947334
947335
947336
947337
947338
947339
947844
947845
948464
948465
977982
979579
979580
979581
979583
979584
979585
979587
979588
979589
979603
979703
979704
979705
979706
979777
979971
979972
979973
979974
979975
979976
979977
979978
979979
979980
981206
981207
981432
981433
981434
981435
981436
981437
981438
981439
981440
981441
981442
981443
981444
981445
981446
981447
981448
981449
981450
981451
981452
981453
981454
981455
981456
981457
981458
981459
981460
981461
981462
981463
981464
981465
981466
981467
981468
981469
981470
981471
981472
981473
981474
981475
981476
981477
981478
981479
981480
981481
981482
981483
981484
981485
981486
981487
981488
981489
981490
981491
981492
981493
981494
981495
981496
981497
981498
981499
981500
981501
981502
981503
981504
981511
981512
981513
981604
981605
981606
981607
981608
981609
981610
981611
981612
983305
983409
983410
983411
983412
983413
983414
983415
983416
983417
983418
983419
983420
983421
983422
983423
983508
983509
983510
983511
983512
983513
983514
983515
983516
983517
983518
983519
983520
983709
983710
983978
984099
984100
984101
984102
984103
984104
984105
984106
984107
984108
984109
984110
984111
984112
984113
984114
984115
984116
984117
984118
984119
984120
984121
984122
984174
984569
984570
984571
984618
984619
984620
984621
984622
984623
984624
984625
984626
984627
984628
984629
984630
984631
984632
984633
984634
984635
984636
984637
984638
984639
984640
984641
984642
984643
984644
984645
984646
984647
984648
984649
984650
984651
984652
984653
984663
984664
984665
984666
984668
984669
984670
984671
984672
984673
984674
984675
984676
984677
984678
984705
984706
984707
984708
984709
984710
984711
984712
984713
984714
984715
984716
984717
984718
984719
984720
984721
984722
984723
984724
984725
984726
984727
984728
984729
984730
984731
984732
984733
984734
984735
984736
984737
984738
984739
984740
984741
984742
984743
984744
984745
984746
984747
984748
984749
984750
984751
984752
984753
984754
984755
984756
984757
984758
985048
985049
985050
985051
985253
986050
986051
986052
986054
986055
986056
986057
986058
986059
986061
986062
986063
986064
986065
986066
986067
986068
986070
986071
986072
986073
986074
986747
986748
986749
986750
986751
986752
986753
986754
986755
986756
986757
986758
986759
986760
986761
986762
986763
986764
986765
986766
986767
986768
986769
986770
986771
986772
986773
986774
986775
986776
986777
986778
986779
986780
986781
986782
986783
986784
986785
986786
986787
986788
986789
986790
986791
986792
986793
986794
986795
986796
986797
986798
986799
986800
986801
986802
986803
986804
986805
986806
986807
986808
986809
986810
986811
986812
986813
986814
986815
986816
986817
986818
986819
986820
986821
986822
986823
986824
986825
986826
986827
986828
986829
986830
986831
986832
986833
986834
986835
986836
986837
986838
986839
986840
986841
988761
988762
988763
988764
989132
989133
989134
989135
989136
989137
989138
989139
989140
989188
989199
990058
990059
990060
990061
990062
990063
990064
990065
990717
990718
991135
991865
991866
993054
993055
993059
993060
993061
993062
993063
993064
993065
993133
993134
993135
993136
993405
993406
994850
994913
994914
994965
994966
994967
994968
994969
994970
994971
994972
994973
994974
994975
994976
994977
994978
994979
994980
994981
994982
994983
994984
994996
994997
994998
994999
995000
995001
995002
995003
995004
995005
995006
995007
995008
995009
995010
995011
995012
995013
995015
995016
996313
996956
996957
996958
996959
996960
996961
996962
996963
996964
996965
996966
996967
996968
996969
996970
996971
996972
996973
996974
996975
996976
996977
996978
996979
996980
996981
996982
996983
996984
996988
997096
997097
997099
997500
997501
997502
997503
997619
997620
997621
997622
997623
997624
997625
997626
997627
997628
997629
997630
997631
997632
997633
997634
997635
997636
997637
997638
997639
997640
997641
997642
997643
997644
997645
997646
997647
997648
997649
997650
997651
997652
997653
997654
997655
997656
997657
997658
997659
997660
997661
997662
997663
997664
997665
997666
997667
997668
997669
997670
997671
997672
997674
997675
997676
997677
997679
997681
997682
997683
997690
997692
997693
997695
997748
997749
997750
997751
997752
997753
997754
997755
997756
997757
997760
998528
998529
998530
999118
999119
999453
999454
999455
999465
999493
999494
999495
999496
999497
999498
999499
999500
999501
999502
999503
999505
999707
999708
999709
999710
999711
999712
999713
999714
999715
999901
999902
1000028
1000437
1000444
1001543
1001866
1001867
1002207
1002208
1002209
1002210
1002241
1002242
1002243
1002244
1002245
1002247
1002248
1002249
1002250
1002251
1002252
1002253
1002254
1002255
1002256
1002257
1002491
1002543
1002544
1002545
1002546
1002547
1002548
1004094
1004095
1004096
1004097
1004098
1004099
1004100
1004101
1004102
1004103
1004104
1004105
1004106
1004107
1004108
1004109
1004110
1004111
1004112
1004113
1004114
1004115
1004116
1004117
1004118
1004119
1004120
1004121
1004122
1004123
1004124
1004125
1004126
1004127
1004128
1004129
1004130
1004131
1004132
1004133
1004134
1004135
1004136
1004137
1004138
1004139
1004140
1004141
1004142
1004143
1004144
1004145
1004146
1004147
1005933
1006553
1006555
1006556
1006557
1006559
1006562
1006563
1006564
1006565
1006574
1006577
1006967
1007497
1007498
1007659
1007660
1007865
1007866
1008262
1008264
1008265
1008266
1008267
1008268
1008269
1008270
1008271
1008272
1008273
1008274
1008275
1008276
1008277
1008278
1008279
1008280
1008281
1008282
1008283
1008284
1008285
1008286
1008287
1008288
1008289
1008290
1008291
1008309
1008310
1008311
1008312
1008313
1008314
1008315
1008316
1008317
1008318
1008319
1008320
1008321
1008322
1008323
1008324
1008325
1008326
1008327
1008328
1008329
1008330
1008331
1008332
1008333
1008334
1008335
1008336
1008337
1008338
1008339
1008340
1008341
1008342
1008343
1008344
1008345
1008346
1008347
1008348
1008349
1008350
1008351
1008876
1008882
1008883
1008884
1008885
1008886
1008889
1008890
1009086
1009087
1009088
1009089
1009090
1009091
1009092
1009093
1009094
1009095
1009096
1009872
1009873
1009874
1009875
1009876
1009877
1010592
1010593
1010716
1010717
1010718
1010719
1010720
1010721
1010722
1010723
1010724
1010725
1010726
1010727
1010728
1010729
1010730
1010731
1010732
1010733
1010734
1010735
1010773
1010841
1010842
1010843
1010844
1010845
1010846
1010847
1010848
1010849
1010850
1010851
1010852
1010853
1010854
1010855
1010856
1010857
1010858
1010859
1010860
1010861
1010862
1010863
1010864
1010865
1010866
1010867
1010868
1010869
1010870
1010871
1010872
1010873
1010874
1010875
1010876
1010877
1010878
1010879
1010880
1010881
1010882
1010883
1010884
1010885
1010886
1010887
1010888
1010889
1010890
1010891
1010892
1010893
1010894
1010895
1010896
1010897
1010898
1010899
1010900
1010901
1010902
1010903
1010904
1010905
1010906
1010907
1010908
1010909
1010910
1010911
1010912
1010913
1010914
1010915
1010916
1010917
1010918
1010919
1010920
1010921
1010922
1010923
1010924
1010925
1010926
1010927
1010928
1010929
1010930
1010931
1010932
1010933
1010934
1010935
1010936
1010937
1010938
1010939
1010940
1010941
1010942
1010943
1010944
1010945
1010946
1010947
1010948
1010949
1010950
1010951
1010952
1010953
1010954
1010955
1010956
1010957
1010958
1010959
1010960
1010961
1010962
1010963
1010964
1010965
1010966
1010967
1010968
1010969
1010970
1010971
1010972
1010973
1010974
1010975
1010976
1010977
1010978
1010979
1010980
1010981
1010982
1010983
1010984
1010985
1010986
1010987
1010988
1010989
1010990
1010991
1010992
1010993
1010994
1010995
1010996
1010997
1010998
1010999
1011000
1011001
1011002
1011003
1011004
1011005
1011006
1011007
1011008
1011009
1011010
1011011
1011012
1011013
1011014
1011015
1011016
1011017
1011018
1011019
1011020
1011021
1011022
1011023
1011024
1011025
1011026
1011027
1011028
1011029
1011030
1011031
1011032
1011033
1011034
1011035
1011036
1011037
1011038
1011039
1011040
1011041
1011042
1011043
1011044
1011045
1011046
1011047
1011048
1011049
1011050
1011051
1011052
1011053
1011054
1011055
1011056
1011057
1011058
1011059
1011060
1011061
1011062
1011063
1011064
1011065
1011066
1011067
1011068
1011069
1011070
1011071
1011072
1011073
1011074
1011075
1011076
1011077
1011078
1011079
1011080
1011081
1011082
1011083
1011084
1011085
1011086
1011087
1011088
1011089
1011090
1011091
1011092
1011093
1011094
1011095
1011096
1011097
1011098
1011099
1011100
1011101
1011102
1011103
1011104
1011105
1011106
1011107
1011108
1011109
1011110
1011111
1011112
1011113
1011114
1011115
1011116
1011117
1011118
1011120
1011121
1011122
1011123
1011124
1011125
1011126
1011127
1011128
1011129
1011130
1011131
1011132
1011133
1011134
1011135
1011136
1011137
1011138
1011139
1011140
1011141
1011142
1011143
1011144
1011145
1011146
1011147
1011148
1011149
1011150
1011151
1011152
1011153
1011154
1011155
1011156
1011157
1011158
1011159
1011160
1011161
1011162
1011163
1011164
1011165
1011166
1011167
1011168
1011169
1011170
1011171
1011172
1011173
1011174
1011175
1011176
1011177
1011178
1011179
1011180
1011181
1011182
1011183
1011184
1011185
1011186
1011187
1011188
1011189
1011190
1011191
1011192
1011193
1011194
1011195
1011196
1011197
1011198
1011199
1011200
1011201
1011202
1011203
1011204
1011205
1011206
1011207
1011208
1011209
1011210
1011211
1011212
1011213
1011214
1011215
1011216
1011217
1011218
1011219
1011220
1011221
1011222
1011223
1011224
1011225
1011226
1011227
1011228
1011229
1011230
1011231
1011232
1011233
1011234
1011235
1011236
1011237
1011238
1011239
1011240
1011241
1011242
1011243
1011244
1011245
1011246
1011247
1011248
1011249
1011250
1011251
1011252
1011253
1011254
1011255
1011256
1011257
1011258
1011259
1011260
1011261
1011262
1011263
1011264
1011265
1011266
1011267
1011268
1011269
1011270
1011271
1011272
1011273
1011274
1011275
1011276
1011277
1011278
1011279
1011280
1011281
1011282
1011283
1011284
1011285
1011286
1011287
1011288
1011289
1011290
1011291
1011292
1011293
1011294
1011295
1011296
1011297
1011298
1011299
1011300
1011301
1011302
1011303
1011304
1011305
1011306
1011307
1011308
1011309
1011310
1011311
1011312
1011313
1011314
1011315
1011316
1011317
1011318
1011319
1011320
1011321
1011322
1011323
1011324
1011325
1011326
1011327
1011328
1011329
1011330
1011331
1011332
1011333
1011334
1011335
1011336
1011337
1011338
1011339
1011340
1011341
1011342
1011343
1011344
1011345
1011346
1011347
1011348
1011349
1011350
1011351
1011352
1011353
1011354
1011355
1011356
1011357
1011358
1011359
1011360
1011361
1011362
1011363
1011364
1011365
1011366
1011367
1011368
1011369
1011370
1011371
1011372
1011373
1011374
1011375
1011376
1011377
1011378
1011379
1011380
1011381
1011382
1011383
1011384
1011385
1011386
1011387
1011388
1011389
1011390
1011391
1011392
1011393
1011394
1011395
1011396
1011397
1011398
1011399
1011400
1011401
1011402
1011403
1011404
1011405
1011406
1011407
1011408
1011409
1011410
1011411
1011412
1011413
1011414
1011415
1011416
1011417
1011418
1011419
1011420
1011421
1011422
1011423
1011424
1011425
1011426
1011427
1011428
1011429
1011430
1011431
1011432
1011433
1011434
1011435
1011436
1011437
1011438
1011439
1011440
1011441
1011442
1011443
1011444
1011445
1011446
1011447
1011448
1011449
1011450
1011451
1011452
1011453
1011454
1011455
1011456
1011457
1011458
1011459
1011460
1011461
1011462
1011463
1011464
1011465
1011466
1011467
1011468
1011469
1011470
1011471
1011472
1011473
1011474
1011475
1011476
1011477
1011478
1011479
1011480
1011481
1011482
1011483
1011484
1011485
1011486
1011487
1011488
1011489
1011490
1011491
1011492
1011493
1011494
1011495
1011496
1011497
1011498
1011499
1011500
1011501
1011502
1011503
1011504
1011505
1011506
1011507
1011508
1011509
1011510
1011511
1011512
1011513
1011514
1011515
1011516
1011517
1011518
1011519
1011520
1011521
1011522
1011523
1011524
1011525
1011526
1011527
1011528
1011529
1011530
1011531
1011532
1011533
1011534
1011535
1011536
1011537
1011538
1011539
1011540
1011541
1011542
1011543
1011544
1011545
1011546
1011547
1011548
1011549
1011550
1011551
1011552
1011553
1011554
1011555
1011556
1011557
1011558
1011559
1011560
1011561
1011562
1011563
1011564
1011565
1011566
1011567
1011568
1011569
1011570
1011571
1011572
1011573
1011574
1011575
1011576
1011577
1011578
1011579
1011580
1011581
1011582
1011583
1011584
1011585
1011586
1011587
1011588
1011589
1011590
1011591
1011592
1011593
1011594
1011595
1011596
1011597
1011598
1011599
1011600
1011601
1011602
1011603
1011604
1011605
1011606
1011607
1011608
1011609
1011610
1011611
1011612
1011613
1011614
1011615
1011616
1011617
1011618
1011619
1011620
1011621
1011622
1011623
1011624
1011625
1011626
1011627
1011628
1011629
1011630
1011631
1011632
1011633
1011634
1011635
1011636
1011637
1011638
1011639
1011640
1011641
1011642
1011643
1011644
1011645
1011646
1011647
1011648
1011649
1011650
1011651
1011652
1011653
1011654
1011655
1011656
1011657
1011658
1011659
1011660
1011661
1011662
1011663
1011664
1011665
1011666
1011667
1011668
1011669
1011670
1011671
1011672
1011673
1011674
1011675
1011676
1011677
1011678
1011679
1011680
1011681
1011682
1011683
1011684
1011685
1011686
1011687
1011688
1011689
1011690
1011691
1011692
1011693
1011694
1011695
1011696
1011697
1011698
1011699
1011700
1011701
1011702
1011703
1011704
1011705
1011706
1011707
1011708
1011709
1011710
1011711
1011712
1011713
1011714
1011715
1011716
1011717
1011718
1011719
1011720
1011721
1011722
1011723
1011724
1011725
1011726
1011727
1011728
1011729
1011730
1011731
1011732
1011733
1011734
1011735
1011736
1011737
1011738
1011739
1011740
1011741
1011742
1011743
1011744
1011745
1011746
1011747
1011748
1011749
1011750
1011751
1011752
1011753
1011754
1011755
1011756
1011757
1011758
1011759
1011760
1011761
1011762
1011763
1011764
1011765
1011766
1011767
1011768
1011769
1011770
1011771
1011772
1011773
1011774
1011775
1011776
1011777
1011778
1011779
1011780
1011781
1011782
1011783
1011784
1011785
1011786
1011787
1011788
1011789
1011790
1011791
1011792
1011793
1011794
1011795
1011796
1011797
1011798
1011799
1011800
1011801
1011802
1011803
1011804
1011805
1011806
1011807
1011808
1011809
1011810
1011811
1011812
1011813
1011814
1011815
1011816
1011817
1011818
1011819
1011820
1011821
1011822
1011823
1011824
1011825
1011826
1011827
1011828
1011829
1011830
1011831
1011832
1011833
1011834
1011835
1011836
1011837
1011838
1011839
1011840
1011841
1011842
1011843
1011844
1011845
1011846
1011847
1011848
1011849
1011850
1011851
1011852
1011853
1011854
1011855
1011856
1011857
1011858
1011859
1011860
1011861
1011862
1011863
1011864
1011865
1011866
1011867
1011868
1011869
1011870
1011871
1011872
1011873
1011874
1011875
1011876
1011877
1011878
1011879
1011880
1011881
1011882
1011883
1011884
1011885
1011886
1011887
1011888
1011889
1011890
1011891
1011892
1011893
1011894
1011895
1011896
1011897
1011898
1011899
1011900
1011901
1011902
1011903
1011904
1011905
1011906
1011907
1011908
1011909
1011910
1011911
1011912
1011913
1011914
1011915
1011916
1011917
1011918
1011919
1011920
1011921
1011922
1011923
1011924
1011925
1011926
1011927
1011928
1011929
1011930
1011931
1011932
1011933
1011934
1011935
1011936
1011937
1011938
1011939
1011940
1011941
1011942
1011943
1011944
1011945
1011946
1011947
1011948
1011949
1011950
1011951
1011952
1011953
1011954
1011955
1011956
1011957
1011958
1011959
1011960
1011961
1011962
1011963
1011964
1011965
1011966
1011967
1011968
1011969
1011970
1011971
1011972
1011973
1011974
1011975
1011976
1011977
1011978
1011979
1011980
1011981
1011982
1011983
1011984
1011985
1011986
1011987
1011988
1011989
1011990
1011991
1011992
1011993
1011994
1011995
1011996
1011997
1011998
1011999
1012000
1012001
1012002
1012003
1012004
1012005
1012006
1012007
1012008
1012009
1012010
1012011
1012012
1012013
1012014
1012015
1012016
1012017
1012018
1012019
1012020
1012021
1012022
1012023
1012024
1012025
1012026
1012027
1012028
1012029
1012030
1012031
1012032
1012033
1012034
1012035
1012036
1012037
1012038
1012039
1012040
1012041
1012042
1012043
1012044
1012045
1012046
1012047
1012048
1012049
1012050
1012051
1012052
1012053
1012054
1012055
1012056
1012057
1012058
1012059
1012060
1012061
1012062
1012063
1012064
1012065
1012066
1012067
1012068
1012069
1012070
1012071
1012072
1012073
1012074
1012075
1012076
1012077
1012078
1012079
1012080
1012081
1012082
1012083
1012084
1012085
1012086
1012087
1012088
1012089
1012090
1012091
1012092
1012093
1012094
1012095
1012096
1012097
1012098
1012099
1012100
1012101
1012102
1012103
1012104
1012105
1012106
1012107
1012108
1012109
1012110
1012111
1012112
1012113
1012114
1012115
1012116
1012117
1012118
1012119
1012120
1012121
1012122
1012123
1012124
1012125
1012126
1012127
1012128
1012129
1012130
1012131
1012132
1012133
1012134
1012135
1012136
1012137
1012138
1012139
1012140
1012141
1012142
1012143
1012144
1012145
1012146
1012147
1012148
1012149
1012150
1012151
1012152
1012153
1012154
1012155
1012156
1012157
1012158
1012159
1012160
1012161
1012162
1012163
1012164
1012165
1012166
1012167
1012168
1012169
1012170
1012171
1012172
1012173
1012174
1012175
1012176
1012177
1012178
1012179
1012180
1012181
1012182
1012183
1012184
1012185
1012186
1012187
1012188
1012189
1012190
1012191
1012192
1012193
1012194
1012195
1012196
1012197
1012198
1012199
1012200
1012201
1012202
1012203
1012204
1012205
1012206
1012207
1012208
1012209
1012210
1012211
1012212
1012213
1012214
1012215
1012216
1012217
1012218
1012219
1012220
1012221
1012222
1012223
1012224
1012225
1012226
1012227
1012228
1012229
1012230
1012231
1012232
1012233
1012234
1012235
1012236
1012237
1012238
1012239
1012240
1012241
1012242
1012243
1012244
1012245
1012246
1012247
1012248
1012249
1012250
1012251
1012252
1012253
1012254
1012255
1012256
1012257
1012258
1012259
1012260
1012261
1012262
1012263
1012264
1012265
1012266
1012267
1012268
1012269
1012270
1012271
1012272
1012273
1012274
1012275
1012276
1012277
1012278
1012279
1012280
1012281
1012282
1012283
1012284
1012285
1012286
1012287
1012288
1012289
1012290
1012291
1012292
1012293
1012294
1012295
1012296
1012297
1012298
1012299
1012300
1012301
1012302
1012303
1012304
1012305
1012306
1012307
1012308
1012309
1012310
1012311
1012312
1012313
1012314
1012315
1012316
1012317
1012318
1012319
1012320
1012321
1012322
1012323
1012324
1012325
1012326
1012327
1012328
1012329
1012330
1012331
1012332
1012333
1012334
1012335
1012336
1012337
1012338
1012339
1012340
1012341
1012342
1012343
1012344
1012345
1012346
1012347
1012348
1012349
1012350
1012351
1012352
1012353
1012354
1012355
1012356
1012357
1012358
1012359
1012360
1012361
1012362
1012363
1012364
1012365
1012366
1012367
1012368
1012369
1012370
1012371
1012372
1012373
1012374
1012375
1012376
1012377
1012378
1012379
1012380
1012381
1012382
1012383
1012384
1012385
1012386
1012387
1012388
1012389
1012390
1012391
1012392
1012393
1012394
1012395
1012396
1012397
1012398
1012399
1012400
1012401
1012402
1012403
1012404
1012405
1012406
1012407
1012408
1012409
1012410
1012411
1012412
1012413
1012414
1012415
1012416
1012417
1012418
1012419
1012420
1012421
1012422
1012423
1012424
1012425
1012426
1012427
1012428
1012429
1012430
1012431
1012432
1012433
1012434
1012435
1012436
1012437
1012438
1012439
1012440
1012441
1012442
1012443
1012444
1012445
1012446
1012447
1012448
1012449
1012450
1012451
1012452
1012453
1012454
1012455
1012456
1012457
1012458
1012459
1012460
1012461
1012462
1012463
1012464
1012465
1012466
1012467
1012468
1012469
1012470
1012471
1012472
1012473
1012474
1012475
1012476
1012477
1012478
1012479
1012480
1012481
1012482
1012483
1012484
1012485
1012486
1012487
1012488
1012489
1012490
1012491
1012492
1012493
1012494
1012495
1012496
1012497
1012498
1012499
1012500
1012501
1012502
1012503
1012504
1012505
1012506
1012507
1012508
1012509
1012510
1012511
1012512
1012513
1012514
1012515
1012516
1012517
1012518
1012519
1012520
1012521
1012522
1012523
1012524
1012525
1012526
1012527
1012528
1012529
1012530
1012531
1012532
1012533
1012534
1012535
1012536
1012537
1012538
1012539
1012540
1012541
1012542
1012543
1012544
1012545
1012546
1012547
1012548
1012549
1012550
1012551
1012552
1012553
1012554
1012555
1012556
1012557
1012558
1012559
1012560
1012561
1012562
1012563
1012564
1012565
1012566
1012567
1012568
1012569
1012570
1012571
1012572
1012573
1012574
1012575
1012576
1012577
1012578
1012579
1012580
1012581
1012582
1012583
1012584
1012585
1012586
1012587
1012588
1012589
1012590
1012591
1012592
1012593
1012594
1012595
1012596
1012597
1012598
1012599
1012600
1012601
1012602
1012603
1012604
1012605
1012606
1012607
1012608
1012609
1012610
1012611
1012612
1012613
1012614
1012615
1012616
1012617
1012618
1012619
1012620
1012621
1012622
1012623
1012624
1012625
1012626
1012627
1012628
1012629
1012630
1012631
1012632
1012633
1012634
1012635
1012636
1012637
1012638
1012639
1012640
1012641
1012642
1012643
1012644
1012645
1012646
1012647
1012648
1012649
1012650
1012651
1012652
1012653
1012654
1012655
1012656
1012657
1012658
1012659
1012660
1012661
1012662
1012663
1012664
1012665
1012666
1012667
1012668
1012669
1012670
1012671
1012672
1012673
1012674
1012675
1012676
1012677
1012678
1012679
1012680
1012681
1012682
1012683
1012684
1012685
1012686
1012687
1012688
1012689
1012690
1012691
1012692
1012693
1012694
1012695
1012696
1012697
1012698
1012699
1012700
1012701
1012702
1012703
1012704
1012705
1012706
1012707
1012708
1012709
1012710
1012711
1012712
1012713
1012714
1012715
1012716
1012717
1012718
1012719
1012720
1012721
1012722
1012723
1012724
1012725
1012726
1012727
1012728
1012729
1012730
1012731
1012732
1012733
1012734
1012735
1012736
1012737
1012738
1012739
1012740
1012741
1012742
1012743
1012744
1012745
1012746
1012747
1012748
1012749
1012750
1012751
1012752
1012753
1012754
1012755
1012756
1012757
1012758
1012759
1012760
1012761
1012762
1012763
1012764
1012765
1012766
1012767
1012768
1012769
1012770
1012771
1012772
1012773
1012774
1012775
1012776
1012777
1012778
1012779
1012780
1012781
1012782
1012783
1012784
1012785
1012786
1012787
1012788
1012789
1012790
1012791
1012792
1012793
1012794
1012795
1012796
1012797
1012798
1012799
1012800
1012801
1012802
1012803
1012804
1012805
1012806
1012807
1012808
1012809
1012810
1012811
1012812
1012813
1012814
1012815
1012816
1012817
1012818
1012819
1012820
1012821
1012822
1012823
1012824
1012825
1012826
1012827
1012828
1012829
1012830
1012831
1012832
1012833
1012834
1012835
1012836
1012837
1012838
1012839
1012840
1012841
1012842
1012843
1012844
1012845
1012846
1012847
1012848
1012849
1012850
1012851
1012852
1012853
1012854
1012855
1012856
1012857
1012858
1012859
1012860
1012861
1012862
1012863
1012864
1012865
1012866
1012867
1012868
1012869
1012870
1012871
1012872
1012873
1012874
1012875
1012876
1012877
1012878
1012879
1012880
1012881
1012882
1012883
1012884
1012885
1012886
1012887
1012888
1012889
1012890
1012891
1012892
1012893
1012894
1012895
1012896
1012897
1012898
1012899
1012900
1012901
1012902
1012903
1012904
1012905
1012906
1012907
1012908
1012909
1012910
1012911
1012912
1012913
1012914
1012915
1012916
1012917
1012918
1012919
1012920
1012921
1012922
1012923
1012924
1012925
1012926
1012927
1012928
1012929
1012930
1012931
1012932
1012933
1012934
1012935
1012936
1012937
1012938
1012939
1012940
1012941
1012942
1012943
1012944
1012945
1012946
1012947
1012948
1012949
1012950
1012951
1012952
1012953
1012954
1012955
1012956
1012957
1012958
1012959
1012960
1012961
1012962
1012963
1012964
1012965
1012966
1012967
1012968
1012969
1012970
1012971
1012972
1012973
1012974
1012975
1012976
1012977
1012978
1012979
1012980
1012981
1012982
1012983
1012984
1012985
1012986
1012987
1012988
1012989
1012990
1012991
1012992
1012993
1012994
1012995
1012996
1012997
1012998
1012999
1013000
1013001
1013002
1013003
1013004
1013005
1013006
1013007
1013008
1013009
1013010
1013011
1013012
1013013
1013014
1013015
1013016
1013017
1013018
1013019
1013020
1013021
1013022
1013023
1013024
1013025
1013026
1013027
1013028
1013029
1013030
1013031
1013032
1013033
1013034
1013035
1013036
1013037
1013038
1013039
1013040
1013041
1013042
1013043
1013044
1013045
1013046
1013047
1013048
1013049
1013050
1013051
1013052
1013053
1013054
1013055
1013056
1013057
1013058
1013059
1013060
1013061
1013062
1013063
1013064
1013065
1013066
1013067
1013068
1013069
1013070
1013071
1013072
1013073
1013074
1013075
1013076
1013077
1013078
1013079
1013080
1013081
1013082
1013083
1013084
1013085
1013086
1013087
1013088
1013089
1013090
1013091
1013092
1013093
1013094
1013095
1013096
1013097
1013098
1013099
1013100
1013101
1013102
1013103
1013104
1013105
1013106
1013107
1013108
1013109
1013110
1013111
1013112
1013113
1013114
1013115
1013116
1013117
1013118
1013119
1013120
1013121
1013122
1013123
1013124
1013125
1013126
1013127
1013128
1013129
1013130
1013131
1013132
1013133
1013134
1013135
1013136
1013137
1013138
1013139
1013140
1013141
1013142
1013143
1013144
1013145
1013146
1013147
1013148
1013149
1013150
1013151
1013152
1013153
1013154
1013155
1013156
1013157
1013158
1013159
1013160
1013161
1013162
1013163
1013164
1013165
1013166
1013167
1013168
1013169
1013170
1013171
1013172
1013173
1013174
1013175
1013176
1013177
1013178
1013179
1013180
1013181
1013182
1013183
1013184
1013185
1013186
1013187
1013188
1013189
1013190
1013191
1013192
1013193
1013194
1013195
1013196
1013197
1013198
1013199
1013200
1013201
1013202
1013203
1013204
1013205
1013206
1013207
1013208
1013209
1013210
1013211
1013212
1013213
1013214
1013215
1013216
1013217
1013218
1013219
1013220
1013221
1013222
1013223
1013224
1013225
1013226
1013227
1013228
1013229
1013230
1013231
1013232
1013233
1013234
1013235
1013236
1013237
1013238
1013239
1013240
1013241
1013242
1013243
1013244
1013245
1013246
1013247
1013248
1013249
1013250
1013251
1013252
1013253
1013254
1013255
1013256
1013257
1013258
1013259
1013260
1013261
1013262
1013263
1013264
1013265
1013266
1013267
1013268
1013269
1013270
1013271
1013272
1013273
1013274
1013275
1013276
1013277
1013278
1013279
1013280
1013281
1013282
1013283
1013284
1013285
1013286
1013287
1013288
1013289
1013290
1013291
1013292
1013293
1013294
1013295
1013296
1013297
1013298
1013299
1013300
1013301
1013302
1013303
1013304
1013305
1013306
1013307
1013308
1013309
1013310
1013311
1013312
1013313
1013314
1013315
1013316
1013317
1013318
1013319
1013320
1013321
1013322
1013323
1013324
1013325
1013326
1013327
1013328
1013329
1013330
1013331
1013332
1013333
1013334
1013335
1013336
1013337
1013338
1013339
1013340
1013341
1013342
1013343
1013344
1013345
1013346
1013347
1013348
1013349
1013350
1013351
1013352
1013353
1013354
1013355
1013356
1013357
1013358
1013359
1013360
1013361
1013362
1013363
1013364
1013365
1013366
1013367
1013368
1013369
1013370
1013371
1013372
1013373
1013374
1013375
1013376
1013377
1013378
1013379
1013380
1013381
1013382
1013383
1013384
1013385
1013386
1013387
1013388
1013389
1013390
1013391
1013392
1013393
1013394
1013395
1013396
1013397
1013398
1013399
1013400
1013401
1013402
1013403
1013404
1013405
1013406
1013407
1013408
1013409
1013410
1013411
1013412
1013413
1013414
1013415
1013416
1013417
1013418
1013419
1013420
1013421
1013422
1013423
1013424
1013425
1013426
1013427
1013428
1013429
1013430
1013431
1013432
1013433
1013434
1013435
1013436
1013437
1013438
1013439
1013440
1013441
1013442
1013443
1013444
1013445
1013446
1013447
1013448
1013449
1013450
1013451
1013452
1013453
1013454
1013455
1013456
1013457
1013458
1013459
1013460
1013461
1013462
1013463
1013464
1013465
1013466
1013467
1013468
1013469
1013470
1013471
1013472
1013473
1013474
1013475
1013476
1013477
1013478
1013479
1013480
1013481
1013482
1013483
1013484
1013485
1013486
1013487
1013488
1013489
1013490
1013491
1013492
1013493
1013494
1013495
1013496
1013497
1013498
1013499
1013500
1013501
1013502
1013503
1013504
1013505
1013506
1013507
1013508
1013509
1013510
1013511
1013512
1013513
1013514
1013515
1013516
1013517
1013518
1013519
1013520
1013521
1013522
1013523
1013524
1013525
1013526
1013527
1013528
1013529
1013530
1013531
1013532
1013533
1013534
1013535
1013536
1013537
1013538
1013539
1013540
1013541
1013542
1013543
1013544
1013545
1013546
1013547
1013548
1013549
1013550
1013551
1013552
1013553
1013554
1013555
1013556
1013557
1013558
1013559
1013560
1013561
1013562
1013563
1013564
1013565
1013566
1013567
1013568
1013569
1013570
1013571
1013572
1013573
1013574
1013575
1013576
1013577
1013578
1013579
1013580
1013581
1013582
1013583
1013584
1013585
1013586
1013587
1013588
1013589
1013590
1013591
1013592
1013593
1013594
1013595
1013596
1013597
1013598
1013599
1013600
1013601
1013602
1013603
1013604
1013605
1013606
1013607
1013608
1013609
1013610
1013611
1013612
1013613
1013614
1013615
1013616
1013617
1013618
1013619
1013620
1013621
1013622
1013623
1013624
1013625
1013626
1013627
1013628
1013629
1013630
1013631
1013632
1013633
1013634
1013635
1013636
1013637
1013638
1013639
1013640
1013641
1013642
1013643
1013644
1013645
1013646
1013647
1013648
1013649
1013650
1013651
1013652
1013653
1013654
1013655
1013656
1013657
1013658
1013659
1013660
1013661
1013662
1013663
1013664
1013665
1013666
1013667
1013668
1013669
1013670
1013671
1013672
1013673
1013674
1013675
1013676
1013677
1013678
1013679
1013680
1013681
1013682
1013683
1013684
1013685
1013686
1013687
1013688
1013689
1013690
1013691
1013692
1013693
1013694
1013695
1013696
1013697
1013698
1013699
1013700
1013701
1013702
1013703
1013704
1013705
1013706
1013707
1013708
1013709
1013710
1013711
1013712
1013713
1013714
1013715
1013716
1013717
1013718
1013719
1013720
1013721
1013722
1013723
1013724
1013725
1013726
1013727
1013728
1013729
1013730
1013731
1013732
1013733
1013734
1013735
1013736
1013737
1013738
1013739
1013740
1013741
1013742
1013743
1013744
1013745
1013746
1013747
1013748
1013749
1013750
1013751
1013752
1013753
1013754
1013755
1013756
1013757
1013758
1013759
1013760
1013761
1013762
1013763
1013764
1013765
1013766
1013767
1013768
1013769
1013770
1013771
1013772
1013773
1013774
1013775
1013776
1013777
1013778
1013779
1013780
1013781
1013782
1013783
1013784
1013785
1013786
1013787
1013788
1013789
1013790
1013791
1013792
1013793
1013794
1013795
1013796
1013797
1013798
1013799
1013800
1013801
1013802
1013803
1013804
1013805
1013806
1013807
1013808
1013809
1013810
1013811
1013812
1013813
1013814
1013815
1013816
1013817
1013818
1013819
1013820
1013821
1013822
1013823
1013824
1013825
1013826
1013827
1013828
1013829
1013830
1013831
1013832
1013833
1013834
1013835
1013836
1013837
1013838
1013839
1013840
1013841
1013842
1013843
1013844
1013845
1013846
1013847
1013848
1013849
1013850
1013851
1013852
1013853
1013854
1013855
1013856
1013857
1013858
1013859
1013860
1013861
1013862
1013863
1013864
1013865
1013866
1013867
1013868
1013869
1013870
1013871
1013872
1013873
1013874
1013875
1013876
1013877
1013878
1013879
1013880
1013881
1013882
1013883
1013884
1013885
1013886
1013887
1013888
1013889
1013890
1013891
1013892
1013893
1013894
1013895
1013896
1013897
1013898
1013899
1013900
1013901
1013902
1013903
1013904
1013905
1013906
1013907
1013908
1013909
1013910
1013911
1013912
1013913
1013914
1013915
1013916
1013917
1013918
1013919
1013920
1013921
1013922
1013923
1013924
1013925
1013926
1013927
1013928
1013929
1013930
1013931
1013932
1013933
1013934
1013935
1013936
1013937
1013938
1013939
1013940
1013941
1013942
1013943
1013944
1013945
1013946
1013947
1013948
1013949
1013950
1013951
1013952
1013953
1013954
1013955
1013956
1013957
1013958
1013959
1013960
1013961
1013962
1013963
1013964
1013965
1013966
1013967
1013968
1013969
1013970
1013971
1013972
1013973
1013974
1013975
1013976
1013977
1013978
1013979
1013980
1013981
1013982
1013983
1013984
1013985
1013986
1013987
1013988
1013989
1013990
1013991
1013992
1013993
1013994
1013995
1013996
1013997
1013998
1013999
1014000
1014001
1014002
1014003
1014004
1014005
1014006
1014007
1014008
1014009
1014010
1014011
1014012
1014013
1014014
1014015
1014016
1014017
1014018
1014019
1014020
1014021
1014022
1014023
1014024
1014025
1014026
1014027
1014028
1014029
1014030
1014031
1014032
1014033
1014034
1014035
1014036
1014037
1014038
1014039
1014040
1014041
1014042
1014043
1014044
1014045
1014046
1014047
1014048
1014049
1014050
1014051
1014052
1014053
1014054
1014055
1014056
1014057
1014058
1014059
1014060
1014061
1014062
1014063
1014064
1014065
1014066
1014067
1014068
1014069
1014070
1014071
1014072
1014073
1014074
1014075
1014076
1014077
1014078
1014079
1014080
1014081
1014082
1014083
1014084
1014085
1014086
1014087
1014088
1014089
1014090
1014091
1014092
1014093
1014094
1014095
1014096
1014097
1014098
1014099
1014100
1014101
1014102
1014103
1014104
1014105
1014106
1014107
1014108
1014109
1014110
1014111
1014112
1014113
1014114
1014115
1014116
1014117
1014118
1014119
1014120
1014121
1014122
1014123
1014124
1014125
1014126
1014127
1014128
1014129
1014130
1014131
1014132
1014133
1014134
1014135
1014136
1014137
1014138
1014139
1014140
1014141
1014142
1014143
1014144
1014145
1014146
1014147
1014148
1014149
1014150
1014151
1014152
1014153
1014154
1014155
1014156
1014157
1014158
1014159
1014160
1014161
1014162
1014163
1014164
1014165
1014166
1014167
1014168
1014169
1014170
1014171
1014172
1014173
1014174
1014175
1014176
1014177
1014178
1014179
1014180
1014181
1014182
1014183
1014184
1014185
1014186
1014187
1014188
1014189
1014190
1014191
1014192
1014193
1014194
1014195
1014196
1014197
1014198
1014199
1014200
1014201
1014202
1014203
1014204
1014205
1014206
1014207
1014208
1014209
1014210
1014211
1014212
1014213
1014214
1014215
1014216
1014217
1014218
1014219
1014220
1014221
1014222
1014223
1014224
1014225
1014226
1014227
1014228
1014229
1014230
1014231
1014232
1014233
1014234
1014235
1014236
1014237
1014238
1014239
1014240
1014241
1014242
1014243
1014244
1014245
1014246
1014247
1014248
1014249
1014250
1014251
1014252
1014253
1014254
1014255
1014256
1014257
1014258
1014259
1014260
1014261
1014262
1014263
1014264
1014265
1014266
1014267
1014268
1014269
1014270
1014271
1014272
1014273
1014274
1014275
1014276
1014277
1014278
1014279
1014280
1014281
1014282
1014283
1014284
1014285
1014286
1014287
1014288
1014289
1014290
1014291
1014292
1014293
1014294
1014295
1014296
1014297
1014298
1014299
1014300
1014301
1014302
1014303
1014304
1014305
1014306
1014307
1014308
1014309
1014310
1014311
1014312
1014313
1014314
1014315
1014316
1014317
1014318
1014319
1014320
1014321
1014322
1014323
1014324
1014325
1014326
1014327
1014328
1014329
1014330
1014331
1014332
1014333
1014334
1014335
1014336
1014337
1014338
1014339
1014340
1014341
1014342
1014343
1014344
1014345
1014346
1014347
1014348
1014349
1014350
1014351
1014352
1014353
1014354
1014355
1014356
1014357
1014358
1014359
1014360
1014361
1014362
1014363
1014364
1014365
1014366
1014367
1014368
1014369
1014370
1014371
1014372
1014373
1014374
1014375
1014376
1014377
1014378
1014379
1014380
1014381
1014382
1014383
1014384
1014385
1014386
1014387
1014388
1014389
1014390
1014391
1014392
1014393
1014394
1014395
1014396
1014397
1014398
1014399
1014400
1014401
1014402
1014403
1014404
1014405
1014406
1014407
1014408
1014409
1014410
1014411
1014412
1014413
1014414
1014415
1014416
1014417
1014418
1014419
1014420
1014421
1014422
1014423
1014424
1014425
1014426
1014427
1014428
1014429
1014430
1014431
1014432
1014433
1014434
1014435
1014436
1014437
1014438
1014439
1014440
1014441
1014442
1014443
1014444
1014445
1014446
1014447
1014448
1014449
1014450
1014451
1014452
1014453
1014454
1014455
1014456
1014457
1014458
1014459
1014460
1014461
1014462
1014463
1014464
1014465
1014466
1014467
1014468
1014469
1014470
1014471
1014472
1014473
1014474
1014475
1014476
1014477
1014478
1014479
1014480
1014481
1014482
1014483
1014484
1014485
1014486
1014487
1014488
1014489
1014490
1014491
1014492
1014493
1014494
1014495
1014496
1014497
1014498
1014499
1014500
1014501
1014502
1014503
1014504
1014505
1014506
1014507
1014508
1014509
1014510
1014511
1014512
1014513
1014514
1014515
1014516
1014517
1014518
1014519
1014520
1014521
1014522
1014523
1014524
1014525
1014526
1014527
1014528
1014529
1014530
1014531
1014532
1014533
1014534
1014535
1014536
1014537
1014538
1014539
1014540
1014541
1014542
1014543
1014544
1014545
1014546
1014547
1014548
1014549
1014550
1014551
1014552
1014553
1014554
1014555
1014556
1014557
1014558
1014559
1014560
1014561
1014562
1014563
1014564
1014565
1014566
1014567
1014568
1014569
1014570
1014571
1014572
1014573
1014574
1014575
1014576
1014577
1014578
1014579
1014580
1014581
1014582
1014583
1014584
1014585
1014586
1014587
1014588
1014589
1014590
1014591
1014592
1014593
1014594
1014595
1014596
1014597
1014598
1014599
1014600
1014601
1014602
1014603
1014604
1014605
1014606
1014607
1014608
1014609
1014610
1014611
1014612
1014613
1014614
1014615
1014616
1014617
1014618
1014619
1014620
1014621
1014622
1014623
1014624
1014625
1014626
1014627
1014628
1014629
1014630
1014631
1014632
1014633
1014634
1014635
1014636
1014637
1014638
1014639
1014640
1014641
1014642
1014643
1014644
1014645
1014646
1014647
1014648
1014649
1014650
1014651
1014652
1014653
1014654
1014655
1014656
1014657
1014658
1014659
1014660
1014661
1014662
1014663
1014664
1014665
1014666
1014667
1014668
1014669
1014670
1014671
1014672
1014673
1014674
1014675
1014676
1014677
1014678
1014679
1014680
1014681
1014682
1014683
1014684
1014685
1014686
1014687
1014688
1014689
1014690
1014691
1014692
1014693
1014694
1014695
1014696
1014697
1014698
1014699
1014700
1014701
1014702
1014703
1014704
1014705
1014706
1014707
1014708
1014709
1014710
1014711
1014712
1014713
1014714
1014715
1014716
1014717
1014718
1014719
1014720
1014721
1014722
1014723
1014724
1014725
1014726
1014727
1014728
1014729
1014730
1014731
1014732
1014733
1014734
1014735
1014736
1014737
1014738
1014739
1014740
1014741
1014742
1014743
1014744
1014745
1014746
1014747
1014748
1014749
1014750
1014751
1014752
1014753
1014754
1014755
1014756
1014757
1014758
1014759
1014760
1014761
1014762
1014763
1014764
1014765
1014766
1014767
1014768
1014769
1014770
1014771
1014772
1014773
1014774
1014775
1014776
1014777
1014778
1014779
1014780
1014781
1014782
1014783
1014784
1014785
1014786
1014787
1014788
1014789
1014790
1014791
1014792
1014793
1014794
1014795
1014796
1014797
1014798
1014799
1014800
1014801
1014802
1014803
1014804
1014805
1014806
1014807
1014808
1014809
1014810
1014811
1014812
1014813
1014814
1014815
1014816
1014817
1014818
1014819
1014820
1014821
1014822
1014823
1014824
1014825
1014826
1014827
1014828
1014829
1014830
1014831
1014832
1014833
1014834
1014835
1014836
1014837
1014838
1014839
1014840
1014841
1014842
1014843
1014844
1014845
1014846
1014847
1014848
1014849
1014850
1014851
1014852
1014853
1014854
1014855
1014856
1014857
1014858
1014859
1014860
1014861
1014862
1014863
1014864
1014865
1014866
1014867
1014868
1014869
1014870
1014871
1014872
1014873
1014874
1014875
1014876
1014877
1014878
1014879
1014880
1014881
1014882
1014883
1014884
1014885
1014886
1014887
1014888
1014889
1014890
1014891
1014892
1014893
1014894
1014895
1014896
1014897
1014898
1014899
1014900
1014901
1014902
1014903
1014904
1014905
1014906
1014907
1014908
1014909
1014910
1014911
1014912
1014913
1014914
1014915
1014916
1014917
1014918
1014919
1014920
1014921
1014922
1014923
1014924
1014925
1014926
1014927
1014928
1014929
1014930
1014931
1014932
1014933
1014934
1014935
1014936
1014937
1014938
1014939
1014940
1014941
1014942
1014943
1014944
1014945
1014946
1014947
1014948
1014949
1014950
1014951
1014952
1014953
1014954
1014955
1014956
1014957
1014958
1014959
1014960
1014961
1014962
1014963
1014964
1014965
1014966
1014967
1014968
1014969
1014970
1014971
1014972
1014973
1014974
1014975
1014976
1014977
1014978
1014979
1014980
1014981
1014982
1014983
1014984
1014985
1014986
1014987
1014988
1014989
1014990
1014991
1014992
1014993
1014994
1014995
1014996
1014997
1014998
1014999
1015000
1015001
1015002
1015003
1015004
1015005
1015006
1015007
1015008
1015009
1015010
1015011
1015012
1015013
1015014
1015015
1015016
1015017
1015018
1015019
1015020
1015021
1015022
1015023
1015024
1015025
1015026
1015027
1015028
1015029
1015030
1015031
1015032
1015033
1015034
1015035
1015036
1015037
1015038
1015039
1015040
1015041
1015042
1015043
1015044
1015045
1015046
1015047
1015048
1015049
1015050
1015051
1015052
1015053
1015054
1015055
1015056
1015057
1015058
1015059
1015060
1015061
1015062
1015063
1015064
1015065
1015066
1015067
1015068
1015069
1015070
1015071
1015072
1015073
1015074
1015075
1015076
1015077
1015078
1015079
1015080
1015081
1015082
1015083
1015084
1015085
1015086
1015087
1015088
1015089
1015090
1015091
1015092
1015093
1015094
1015095
1015096
1015097
1015098
1015099
1015100
1015101
1015102
1015103
1015104
1015105
1015106
1015107
1015108
1015109
1015110
1015111
1015112
1015113
1015114
1015115
1015116
1015117
1015118
1015119
1015120
1015121
1015122
1015123
1015124
1015125
1015126
1015127
1015128
1015129
1015130
1015131
1015132
1015133
1015134
1015135
1015136
1015137
1015138
1015139
1015140
1015141
1015142
1015143
1015144
1015145
1015146
1015147
1015148
1015149
1015150
1015151
1015152
1015153
1015154
1015155
1015156
1015157
1015158
1015159
1015160
1015161
1015162
1015163
1015164
1015165
1015166
1015167
1015168
1015169
1015170
1015171
1015172
1015173
1015174
1015175
1015176
1015177
1015178
1015179
1015180
1015181
1015182
1015183
1015184
1015185
1015186
1015187
1015188
1015189
1015190
1015191
1015192
1015193
1015194
1015195
1015196
1015197
1015198
1015199
1015200
1015201
1015202
1015203
1015204
1015205
1015206
1015207
1015208
1015209
1015210
1015211
1015212
1015213
1015214
1015215
1015216
1015217
1015218
1015219
1015220
1015221
1015222
1015223
1015224
1015225
1015226
1015227
1015228
1015229
1015230
1015231
1015232
1015233
1015234
1015235
1015236
1015237
1015238
1015239
1015240
1015241
1015242
1015243
1015244
1015245
1015246
1015247
1015248
1015249
1015250
1015251
1015252
1015253
1015254
1015255
1015256
1015257
1015258
1015259
1015260
1015261
1015262
1015263
1015264
1015265
1015266
1015267
1015268
1015269
1015270
1015271
1015272
1015273
1015274
1015275
1015276
1015277
1015278
1015279
1015280
1015281
1015282
1015283
1015284
1015285
1015286
1015287
1015288
1015289
1015290
1015291
1015292
1015293
1015294
1015295
1015296
1015297
1015298
1015299
1015300
1015301
1015302
1015303
1015304
1015305
1015306
1015307
1015308
1015309
1015310
1015311
1015312
1015313
1015314
1015315
1015316
1015317
1015318
1015319
1015320
1015321
1015322
1015323
1015324
1015325
1015326
1015327
1015328
1015329
1015330
1015331
1015332
1015333
1015334
1015335
1015336
1015337
1015338
1015339
1015340
1015341
1015342
1015343
1015344
1015345
1015346
1015347
1015348
1015349
1015350
1015351
1015352
1015353
1015354
1015355
1015356
1015357
1015358
1015359
1015360
1015361
1015362
1015363
1015364
1015365
1015366
1015367
1015368
1015369
1015370
1015371
1015372
1015373
1015374
1015375
1015376
1015377
1015378
1015379
1015380
1015381
1015382
1015383
1015384
1015385
1015386
1015387
1015388
1015389
1015390
1015391
1015392
1015393
1015394
1015395
1015396
1015397
1015398
1015399
1015400
1015401
1015402
1015403
1015404
1015405
1015406
1015407
1015408
1015409
1015410
1015411
1015412
1015413
1015414
1015415
1015416
1015417
1015418
1015419
1015420
1015421
1015422
1015423
1015424
1015425
1015426
1015427
1015428
1015429
1015430
1015431
1015432
1015433
1015434
1015435
1015436
1015437
1015438
1015439
1015440
1015441
1015442
1015443
1015444
1015445
1015446
1015447
1015448
1015449
1015450
1015451
1015452
1015453
1015454
1015455
1015456
1015457
1015458
1015459
1015460
1015461
1015462
1015463
1015464
1015465
1015466
1015467
1015468
1015469
1015470
1015471
1015472
1015473
1015474
1015475
1015476
1015477
1015478
1015479
1015480
1015481
1015482
1015483
1015484
1015485
1015486
1015487
1015488
1015489
1015490
1015491
1015492
1015493
1015494
1015495
1015496
1015497
1015498
1015499
1015500
1015501
1015502
1015503
1015504
1015505
1015506
1015507
1015508
1015509
1015510
1015511
1015512
1015513
1015514
1015515
1015516
1015517
1015518
1015519
1015520
1015521
1015522
1015523
1015524
1015525
1015526
1015527
1015528
1015529
1015530
1015531
1015532
1015533
1015534
1015535
1015536
1015537
1015538
1015539
1015540
1015541
1015542
1015543
1015544
1015545
1015546
1015547
1015548
1015549
1015550
1015551
1015552
1015553
1015554
1015555
1015556
1015557
1015558
1015559
1015560
1015561
1015562
1015563
1015564
1015565
1015566
1015567
1015568
1015569
1015570
1015571
1015572
1015573
1015574
1015575
1015576
1015577
1015578
1015579
1015580
1015581
1015582
1015583
1015584
1015585
1015586
1015587
1015588
1015589
1015590
1015591
1015592
1015593
1015594
1015595
1015596
1015597
1015598
1015599
1015600
1015601
1015602
1015603
1015604
1015605
1015606
1015607
1015608
1015609
1015610
1015611
1015612
1015613
1015614
1015615
1015616
1015617
1015618
1015619
1015620
1015621
1015622
1015623
1015624
1015625
1015626
1015627
1015628
1015629
1015630
1015631
1015632
1015633
1015634
1015635
1015636
1015637
1015638
1015639
1015640
1015641
1015642
1015643
1015644
1015645
1015646
1015647
1015648
1015649
1015650
1015651
1015652
1015653
1015654
1015655
1015656
1015657
1015658
1015659
1015660
1015661
1015662
1015663
1015664
1015665
1015666
1015667
1015668
1015669
1015670
1015671
1015672
1015673
1015674
1015675
1015676
1015677
1015678
1015679
1015680
1015681
1015682
1015683
1015684
1015685
1015686
1015687
1015688
1015689
1015690
1015691
1015692
1015693
1015694
1015695
1015696
1015697
1015698
1015699
1015700
1015701
1015702
1015703
1015704
1015705
1015706
1015707
1015708
1015709
1015710
1015711
1015712
1015713
1015714
1015715
1015716
1015717
1015718
1015719
1015720
1015721
1015722
1015723
1015724
1015725
1015726
1015727
1015728
1015729
1015730
1015731
1015732
1015733
1015734
1015735
1015736
1015737
1015738
1015739
1015740
1015741
1015742
1015743
1015744
1015745
1015746
1015747
1015748
1015749
1015750
1015751
1015752
1015753
1015754
1015755
1015756
1015757
1015758
1015759
1015760
1015761
1015762
1015763
1015764
1015765
1015766
1015767
1015768
1015769
1015770
1015771
1015772
1015773
1015774
1015775
1015776
1015777
1015778
1015779
1015780
1015781
1015782
1015783
1015784
1015785
1015786
1015787
1015788
1015789
1015790
1015791
1015792
1015793
1015794
1015795
1015796
1015797
1015798
1015799
1015800
1015801
1015802
1015803
1015804
1015805
1015806
1015807
1015808
1015809
1015810
1015811
1015812
1015813
1015814
1015815
1015816
1015817
1015818
1015819
1015820
1015821
1015822
1015823
1015824
1015825
1015826
1015827
1015828
1015829
1015830
1015831
1015832
1015833
1015834
1015835
1015836
1015837
1015838
1015839
1015840
1015841
1015842
1015843
1015844
1015845
1015846
1015847
1015848
1015849
1015850
1015851
1015852
1015853
1015854
1015855
1015856
1015857
1015858
1015859
1015860
1015861
1015862
1015863
1015864
1015865
1015866
1015867
1015868
1015869
1015870
1015871
1015872
1015873
1015874
1015875
1015876
1015877
1015878
1015879
1015880
1015881
1015882
1015883
1015884
1015885
1015886
1015887
1015888
1015889
1015890
1015891
1015892
1015893
1015894
1015895
1015896
1015897
1015898
1015899
1015900
1015901
1015902
1015903
1015904
1015905
1015906
1015907
1015908
1015909
1015910
1015911
1015912
1015913
1015914
1015915
1015916
1015917
1015918
1015919
1015920
1015921
1015922
1015923
1015924
1015925
1015926
1015927
1015928
1015929
1015930
1015931
1015932
1015933
1015934
1015935
1015936
1015937
1015938
1015939
1015940
1015941
1015942
1015943
1015944
1015945
1015946
1015947
1015948
1015949
1015950
1015951
1015952
1015953
1015954
1015955
1015956
1015957
1015958
1015959
1015960
1015961
1015962
1015963
1015964
1015965
1015966
1015967
1015968
1015969
1015970
1015971
1015972
1015973
1015974
1015975
1015976
1015977
1015978
1015979
1015980
1015981
1015982
1015983
1015984
1015985
1015986
1015987
1015988
1015989
1015990
1015991
1015992
1015993
1015994
1015995
1015996
1015997
1015998
1015999
1016000
1016001
1016002
1016003
1016004
1016005
1016006
1016007
1016008
1016009
1016010
1016011
1016012
1016013
1016014
1016015
1016016
1016017
1016018
1016019
1016020
1016021
1016022
1016023
1016024
1016025
1016026
1016027
1016028
1016029
1016030
1016031
1016032
1016033
1016034
1016035
1016036
1016037
1016038
1016039
1016040
1016041
1016042
1016043
1016044
1016045
1016046
1016047
1016048
1016049
1016050
1016051
1016052
1016053
1016054
1016055
1016056
1016057
1016058
1016059
1016060
1016061
1016062
1016063
1016064
1016065
1016066
1016067
1016068
1016069
1016070
1016071
1016072
1016073
1016074
1016075
1016076
1016077
1016078
1016079
1016080
1016081
1016082
1016083
1016084
1016085
1016086
1016087
1016088
1016089
1016090
1016091
1016092
1016093
1016094
1016095
1016096
1016097
1016098
1016099
1016100
1016101
1016102
1016103
1016104
1016105
1016106
1016107
1016108
1016109
1016110
1016111
1016112
1016113
1016114
1016115
1016116
1016117
1016118
1016119
1016120
1016121
1016122
1016123
1016124
1016125
1016126
1016127
1016128
1016129
1016130
1016131
1016132
1016133
1016134
1016135
1016136
1016137
1016138
1016139
1016140
1016141
1016142
1016143
1016144
1016145
1016146
1016147
1016148
1016149
1016150
1016151
1016152
1016153
1016154
1016155
1016156
1016157
1016158
1016159
1016160
1016161
1016162
1016163
1016164
1016165
1016166
1016167
1016168
1016169
1016170
1016171
1016172
1016173
1016174
1016175
1016176
1016177
1016178
1016179
1016180
1016181
1016182
1016183
1016184
1016185
1016186
1016187
1016188
1016189
1016190
1016191
1016192
1016193
1016194
1016195
1016196
1016197
1016198
1016199
1016200
1016201
1016202
1016203
1016204
1016205
1016206
1016207
1016208
1016209
1016210
1016211
1016212
1016213
1016214
1016215
1016216
1016217
1016218
1016219
1016220
1016221
1016222
1016223
1016224
1016225
1016226
1016227
1016228
1016229
1016230
1016231
1016232
1016233
1016234
1016235
1016236
1016237
1016238
1016239
1016240
1016241
1016242
1016243
1016244
1016245
1016246
1016247
1016248
1016249
1016250
1016251
1016252
1016253
1016254
1016255
1016256
1016257
1016258
1016259
1016260
1016261
1016262
1016263
1016264
1016265
1016266
1016267
1016268
1016269
1016270
1016271
1016272
1016273
1016274
1016275
1016276
1016277
1016278
1016279
1016280
1016281
1016282
1016283
1016284
1016285
1016286
1016287
1016288
1016289
1016290
1016291
1016292
1016293
1016294
1016295
1016296
1016297
1016298
1016299
1016300
1016301
1016302
1016303
1016304
1016305
1016306
1016307
1016308
1016309
1016310
1016311
1016312
1016313
1016314
1016315
1016316
1016317
1016318
1016319
1016320
1016321
1016322
1016323
1016324
1016325
1016326
1016327
1016328
1016329
1016330
1016331
1016332
1016333
1016334
1016335
1016336
1016337
1016338
1016339
1016340
1016341
1016342
1016343
1016344
1016345
1016346
1016347
1016348
1016349
1016350
1016351
1016352
1016353
1016354
1016355
1016356
1016357
1016358
1016359
1016360
1016361
1016362
1016363
1016364
1016365
1016366
1016367
1016368
1016369
1016370
1016371
1016372
1016373
1016374
1016375
1016376
1016377
1016378
1016379
1016380
1016381
1016382
1016383
1016384
1016385
1016386
1016387
1016388
1016389
1016390
1016391
1016392
1016393
1016394
1016395
1016396
1016397
1016398
1016399
1016400
1016401
1016402
1016403
1016404
1016405
1016406
1016407
1016408
1016409
1016410
1016411
1016412
1016413
1016414
1016415
1016416
1016417
1016418
1016419
1016420
1016421
1016422
1016423
1016424
1016425
1016426
1016427
1016428
1016429
1016430
1016431
1016432
1016433
1016434
1016435
1016436
1016437
1016438
1016439
1016440
1016441
1016442
1016443
1016444
1016445
1016446
1016447
1016448
1016449
1016450
1016451
1016452
1016453
1016454
1016455
1016456
1016457
1016458
1016459
1016460
1016461
1016462
1016463
1016464
1016465
1016466
1016467
1016468
1016469
1016470
1016471
1016472
1016473
1016474
1016475
1016476
1016477
1016478
1016479
1016480
1016481
1016482
1016483
1016484
1016485
1016486
1016487
1016488
1016489
1016490
1016491
1016492
1016493
1016494
1016495
1016496
1016497
1016498
1016499
1016500
1016501
1016502
1016503
1016504
1016505
1016506
1016507
1016508
1016509
1016510
1016511
1016512
1016513
1016514
1016515
1016516
1016517
1016518
1016519
1016520
1016521
1016522
1016523
1016524
1016525
1016526
1016527
1016528
1016529
1016530
1016531
1016532
1016533
1016534
1016535
1016536
1016537
1016538
1016539
1016540
1016541
1016542
1016543
1016544
1016545
1016546
1016547
1016548
1016549
1016550
1016551
1016552
1016553
1016554
1016555
1016556
1016557
1016558
1016559
1016560
1016561
1016562
1016563
1016564
1016565
1016566
1016567
1016568
1016569
1016570
1016571
1016572
1016573
1016574
1016575
1016576
1016577
1016578
1016579
1016580
1016581
1016582
1016583
1016584
1016585
1016586
1016587
1016588
1016589
1016590
1016591
1016592
1016593
1016594
1016595
1016596
1016597
1016598
1016599
1016600
1016601
1016602
1016603
1016604
1016605
1016606
1016607
1016608
1016609
1016610
1016611
1016612
1016613
1016614
1016615
1016616
1016617
1016618
1016619
1016620
1016621
1016622
1016623
1016624
1016625
1016626
1016627
1016628
1016629
1016630
1016631
1016632
1016633
1016634
1016635
1016636
1016637
1016638
1016639
1016640
1016641
1016642
1016643
1016644
1016645
1016646
1016647
1016648
1016649
1016650
1016651
1016652
1016653
1016654
1016655
1016656
1016657
1016658
1016659
1016660
1016661
1016662
1016663
1016664
1016665
1016666
1016667
1016668
1016669
1016670
1016671
1016672
1016673
1016674
1016675
1016676
1016677
1016678
1016679
1016680
1016681
1016682
1016683
1016684
1016685
1016686
1016687
1016688
1016689
1016690
1016691
1016692
1016693
1016694
1016695
1016696
1016697
1016698
1016699
1016700
1016701
1016702
1016703
1016704
1016705
1016706
1016707
1016708
1016709
1016710
1016711
1016712
1016713
1016714
1016715
1016716
1016717
1016718
1016719
1016720
1016721
1016722
1016723
1016724
1016725
1016726
1016727
1016728
1016729
1016730
1016731
1016732
1016733
1016734
1016735
1016736
1016737
1016738
1016739
1016740
1016741
1016742
1016743
1016744
1016745
1016746
1016747
1016748
1016749
1016750
1016751
1016752
1016753
1016754
1016755
1016756
1016757
1016758
1016759
1016760
1016761
1016762
1016763
1016764
1016765
1016766
1016767
1016768
1016769
1016770
1016771
1016772
1016773
1016774
1016775
1016776
1016777
1016778
1016779
1016780
1016781
1016782
1016783
1016784
1016785
1016786
1016787
1016788
1016789
1016790
1016791
1016792
1016793
1016848
1016911
1016912
1016913
1016914
1016915
1016916
1016917
1016918
1016919
1016920
1016921
1016922
1016923
1016924
1016925
1016926
1016927
1016928
1016929
1016930
1016931
1016932
1016933
1016934
1016935
1016936
1016937
1016938
1016939
1016940
1017187
1017188
1017189
1017190
1017191
1017192
1017193
1017194
1017195
1017196
1017197
1017198
1017199
1017200
1017201
1017202
1017203
1017204
1017205
1017206
1017207
1017208
1017209
1017211
1017226
1017338
1017339
1017340
1017341
1027233
1027251
1027252
1027768
1027769
1027770
1027810
1027811
1027812
1027834
1027835
1027836
1027837
1027838
1027839
1027840
1027841
1027842
1027881
1027882
1027883
1027884
1027906
1027907
1028100
1028101
1028103
1028104
1028105
1028106
1028107
1028108
1028109
1028110
1028111
1028113
1028114
1028115
1028116
1028117
1028118
1028120
1028121
1028122
1028124
1028125
1028127
1028128
1028129
1028130
1028131
1028132
1028133
1028135
1028166
1028167
1028463
1028464
1028465
1028466
1028467
1028468
1028469
1028471
1028472
1028473
1028474
1028476
1028477
1028478
1028479
1028481
1028482
1028483
1028484
1028485
1028486
1028488
1028516
1028517
1029734
1029787
1029788
1029789
1029790
1029791
1029792
1029793
1029975
1029976
1030289
1030290
1030336
1030337
1031262
1031263
1033980
1034325
1034326
1034327
1034328
1034329
1034330
1034770
1034771
1034773
1034774
1034795
1034796
1034797
1034799
1034800
1034801
1034803
1035282
1035283
1035284
1035285
1035286
1035287
1035288
1035289
1035517
1035518
1035613
1035614
1035615
1035616
1035631
1035797
1035798
1035799
1035800
1035936
1035937
1036017
1036185
1036337
1036338
1036339
1036340
1036341
1036342
1036343
1036344
1036345
1036346
1036347
1036348
1036349
1036350
1036351
1036352
1036353
1036354
1036355
1036356
1036357
1036358
1036359
1036360
1036361
1036362
1036363
1036364
1036365
1036366
1036367
1036368
1036369
1036370
1036371
1036372
1036373
1036374
1036375
1036376
1036377
1036378
1036379
1036380
1036381
1036382
1036383
1036384
1036385
1036386
1036387
1036388
1036389
1036390
1036391
1036392
1036393
1036394
1036395
1036396
1036397
1036398
1036399
1036400
1036401
1036402
1036403
1036404
1036405
1036406
1036407
1036408
1036409
1036410
1036411
1036412
1036413
1036414
1036415
1036416
1036417
1036418
1036419
1036420
1036421
1036422
1036423
1036424
1036425
1036426
1036427
1036428
1036429
1036430
1036431
1036432
1036433
1036434
1036435
1036436
1036437
1036438
1036439
1036440
1036441
1036442
1036443
1036444
1036445
1036446
1036447
1036448
1036449
1036450
1036451
1036452
1036453
1036454
1036455
1036456
1036457
1036458
1036459
1036460
1036461
1036462
1036463
1036464
1036465
1036466
1036467
1036468
1036469
1036470
1036471
1036472
1036852
1036853
1036854
1036855
1036856
1037453
1037681
1037682
1037683
1037684
1037685
1037686
1037687
1037688
1037689
1037690
1037691
1037692
1037693
1037694
1037695
1037696
1037697
1037698
1037699
1037700
1037701
1037702
1037703
1037704
1037705
1037706
1037707
1037708
1037709
1037710
1037711
1037712
1037713
1037714
1037715
1037716
1037717
1037718
1037719
1037720
1037721
1037722
1037723
1037724
1037725
1037726
1037727
1037728
1037729
1037730
1037731
1037732
1037733
1037734
1037735
1037736
1037737
1037738
1037739
1037740
1037741
1037742
1037743
1037744
1037745
1037746
1037747
1037748
1037749
1037750
1037751
1037752
1037753
1037754
1037755
1037756
1037757
1037758
1037759
1037760
1037761
1037762
1037763
1037764
1037765
1037766
1037767
1037768
1037769
1037770
1037771
1037772
1037773
1037774
1037775
1037776
1037777
1037778
1037779
1037780
1037781
1037782
1037783
1037784
1037785
1037786
1037787
1037788
1038011
1038401
1038402
1038403
1038404
1038405
1038406
1038407
1038408
1038409
1038410
1038411
1038412
1038413
1038414
1038415
1038416
1038417
1038418
1038419
1038420
1038421
1038422
1038423
1038424
1038425
1038426
1038427
1038428
1038429
1038430
1038431
1038432
1038433
1038434
1038435
1038436
1038437
1038438
1038439
1038440
1038441
1038442
1038443
1038444
1038445
1038446
1038447
1038448
1038449
1038450
1038451
1038452
1038494
1038662
1038663
1038664
1038665
1038666
1038667
1038668
1038669
1038670
1038671
1038672
1038673
1038674
1038675
1038676
1038677
1038678
1038679
1038680
1038681
1038682
1038683
1038684
1038685
1040573
1040574
1040602
1040603
1041057
1041638
1042172
1042173
1042174
1042175
1042236
1042237
1042238
1042239
1042240
1042241
1042242
1042243
1042244
1042245
1042246
1042317
1042796
1042797
1042798
1042799
1042800
1042801
1042802
1042812
1042813
1042886
1043616
1043617
1045327
1045330
1045331
1045359
1045360
1045508
1045509
1045510
1045511
1045512
1045513
1045514
1045515
1045516
1045517
1045518
1045519
1045520
1045521
1045668
1045669
1045670
1045671
1045672
1045675
1045676
1045677
1045678
1045679
1045680
1045746
1046002
1046003
1046004
1046005
1046006
1046007
1046008
1046009
1046010
1046011
1046012
1046013
1046014
1046015
1046016
1046017
1046018
1046019
1046020
1046021
1046022
1046023
1046024
1046104
1046600
1046601
1047164
1048336
1048540
1048690
1048691
1048769
1048770
1048771
1048772
1048773
1048774
1048775
1048782
1048801
1048802
1048804
1048805
1049205
1049549
1049550
1049551
1049552
1049725
1050421
1050422
1050423
1050424
1050425
1050426
1050427
1050428
1050429
1050430
1050431
1050432
1050433
1050434
1050435
1050436
1050437
1050438
1050439
1050440
1050441
1050442
1050443
1050444
1050445
1050446
1050447
1050448
1050449
1050450
1050451
1050452
1050453
1050454
1050455
1050456
1050457
1050458
1050459
1050460
1050461
1050462
1050463
1050464
1050465
1050466
1050467
1050468
1050469
1050470
1050471
1050472
1050473
1050474
1050475
1050476
1050477
1050478
1050479
1050480
1050481
1050482
1050483
1050484
1050485
1050486
1050487
1050488
1050489
1050490
1050491
1050492
1050493
1050494
1050495
1050496
1050497
1050498
1050499
1050500
1050501
1050502
1050503
1050504
1050505
1050506
1050507
1050508
1050509
1050510
1050511
1050512
1050513
1050514
1050515
1050516
1050517
1050518
1050519
1050520
1050521
1050522
1050523
1050524
1050525
1050526
1050527
1050528
1050529
1050530
1050531
1050532
1050533
1050534
1050535
1050536
1050537
1050538
1050539
1050540
1050541
1050542
1050543
1050544
1050545
1050546
1050547
1050548
1050549
1050550
1050551
1050552
1050553
1050554
1050555
1050556
1050557
1050558
1050559
1050560
1050561
1050562
1050563
1050564
1050565
1050566
1050567
1050568
1050569
1050570
1050571
1050572
1050573
1050574
1050575
1050576
1050577
1050578
1050579
1050580
1050581
1050582
1050583
1050584
1050585
1050586
1050587
1050588
1050597
1050598
1050599
1050600
1050601
1050602
1050603
1050604
1050605
1050606
1050607
1050608
1050609
1050610
1050611
1050612
1050613
1050614
1050615
1051515
1051516
1051517
1051518
1051519
1051520
1051521
1051522
1051523
1051524
1051525
1051526
1051527
1051586
1051587
1052255
1052256
1052534
1052535
1052536
1052537
1052538
1052539
1052540
1052541
1052542
1052543
1052544
1052545
1052546
1052549
1052655
1052656
1052657
1052658
1052659
1052660
1052661
1052662
1052663
1052820
1052872
1052873
1054137
1054138
1054450
1054451
1054452
1054453
1054454
1054455
1054561
1054591
1054592
1054593
1054594
1054999
1055108
1055109
1055110
1055111
1055274
1055275
1055276
1055299
1055300
1055301
1055302
1055303
1055304
1055305
1055350
1055362
1055363
1055381
1055382
1055383
1055384
1055385
1055386
1055387
1055388
1055389
1055390
1055391
1055392
1055393
1055394
1055395
1055396
1055397
1055398
1055399
1055416
1055417
1055418
1055465
1055504
1055505
1055559
1055560
1055561
1055562
1055563
1055564
1055565
1055566
1055567
1055569
1055570
1055571
1055861
1055862
1055863
1055864
1055865
1055866
1055867
1055868
1055869
1055870
1055871
1055872
1055873
1055874
1056767
1064557
1064558
1064559
1064560
1064561
1069754
1069755
1069756
1069757
1069758
1069759
1069760
1069761
1069762
1069763
1069764
1069765
1069766
1069767
1069768
1069769
1069770
1069771
1069772
1069773
1069774
1069775
1069776
1069777
1069778
1069779
1069780
1069781
1069782
1069783
1069784
1069785
1069786
1069787
1069788
1069789
1069790
1069791
1069792
1069793
1069794
1069795
1069797
1069798
1069799
1069800
1069801
1069802
1069803
1069804
1069806
1069807
1069808
1069809
1069811
1069812
1069880
1069885
1069886
1069887
1069890
1069891
1069892
1069893
1069894
1069895
1069896
1069995
1069996
1070111
1070528
1070537
1070617
1070618
1070619
1070620
1070621
1070622
1070623
1070624
1070625
1070626
1070627
1070628
1070629
1070630
1070631
1070632
1070633
1070634
1070635
1070636
1070637
1070638
1070639
1070640
1070641
1070642
1070643
1070644
1070645
1070646
1070647
1070648
1070649
1070650
1070651
1070652
1070653
1070654
1070655
1070656
1070657
1070658
1070659
1071217
1071218
1071255
1071409
1071674
1071675
1072265
1072507
1072508
1072515
1072516
1072678
1072679
1073322
1073323
1074043
1074044
1074193
1074196
1074197
1074198
1074199
1074201
1074202
1074203
1074239
1074240
1074472
1074473
1074474
1074475
1074476
1074477
1074478
1074479
1074480
1074481
1075298
1075299
1075610
1075611
1075612
1075613
1075614
1075615
1075816
1075817
1075819
1075820
1075821
1075823
1075825
1075826
1075827
1075828
1075829
1075830
1076140
1076179
1076226
1076227
1076228
1076229
1076230
1076231
1076232
1076233
1076234
1077434
1077435
1077436
1077437
1077438
1077439
1077440
1077441
1077443
1077444
1077445
1077446
1077447
1077448
1077449
1077527
1077528
1077529
1077937
1077938
1077939
1079058
1079059
1079916
1079917
1079919
1079920
1079923
1079924
1080001
1080002
1080003
1080385
1081085
1081086
1081087
1081612
1081829
1081830
1081831
1081832
1081833
1081834
1081853
1081854
1081855
1081856
1081857
1081858
1081859
1081860
1081861
1081862
1082480
1082483
1082484
1082714
1082852
1082853
1082854
1082855
1082856
1082857
1082858
1082859
1082860
1082861
1082862
1082863
1082864
1082865
1082866
1082867
1082905
1082906
1082907
1082908
1082909
1082935
1082936
1082937
1082938
1084571
1084572
1084573
1084574
1084575
1084576
1084578
1084579
1084580
1084581
1084582
1084583
1084584
1084585
1084586
1084587
1084588
1084589
1084590
1084591
1084592
1084593
1084594
1084595
1084596
1084597
1084598
1084599
1084600
1084601
1084602
1084603
1084604
1084605
1084606
1084607
1084608
1084609
1084610
1084611
1084612
1084613
1084614
1084615
1084616
1084617
1084618
1084619
1084620
1084621
1084622
1084623
1084624
1084625
1084626
1084627
1084628
1084629
1084630
1084631
1084632
1084633
1084634
1084635
1084636
1084637
1084638
1084639
1084640
1084641
1084642
1084643
1084644
1084645
1084646
1084647
1084648
1084649
1084651
1084652
1084653
1084654
1084656
1084657
1084661
1084729
1084730
1084978
1084979
1084980
1084985
1084986
1084987
1084988
1084989
1084990
1084991
1084992
1084993
1084994
1084995
1084996
1084997
1084998
1084999
1085000
1085001
1085002
1085003
1085004
1085005
1085006
1085007
1085008
1085009
1085010
1085011
1085012
1085013
1085014
1085015
1085016
1085017
1085018
1085019
1085020
1085021
1085022
1085023
1085024
1085025
1085026
1085570
1085571
1085572
1085573
1085574
1085575
1085576
1085577
1085578
1085579
1085580
1086587
1086588
1087319
1087320
1087321
1087322
1087323
1087324
1087325
1087326
1087327
1087328
1087329
1087330
1087331
1087334
1087335
1087336
1087353
1087354
1087738
1089177
1089178
1089179
1089180
1089181
1089346
1089347
1089348
1089349
1089350
1089351
1089428
1089429
1089430
1089431
1089683
1090614
1090870
1090871
1091194
1091195
1091196
1091412
1091558
1091560
1091561
1091562
1091565
1091566
1091567
1091568
1091569
1091570
1091571
1091572
1091573
1091574
1091575
1091576
1091577
1091609
1091610
1092586
1092587
1093139
1093140
1093161
1093233
1093234
1093235
1093236
1093237
1093238
1094172
1094173
1094589
1094590
1094591
1094592
1094593
1094594
1094595
1095002
1095003
1095244
1095245
1095252
1095253
1095254
1095255
1095256
1095346
1095623
1095624
1095916
1095917
1095918
1095919
1095920
1095921
1095957
1095958
1095959
1095960
1095961
1095962
1095963
1096308
1096475
1096476
1096477
1096478
1096565
1096566
1096567
1096568
1096570
1096665
1096667
1096668
1096669
1096670
1096672
1096673
1096674
1096675
1096676
1096677
1096678
1096679
1096680
1096681
1096682
1096683
1096684
1096685
1096686
1096687
1096688
1096689
1096691
1096693
1096694
1096695
1096696
1096707
1096708
1096709
1096710
1096711
1096712
1096713
1096714
1097016
1097168
1097420
1097421
1097422
1097423
1097424
1097425
1097426
1097427
1097663
1097664
1097665
1097666
1098916
1099792
1099793
1101207
1101208
1101209
1101210
1101211
1101445
1101446
1101447
1101448
1104338
1104339
1104340
1104544
1104545
1104689
1104690
1104722
1104723
1104724
1104725
1104726
1104727
1104728
1104729
1104730
1104731
1104732
1104733
1104734
1104735
1104736
1104737
1104738
1104739
1104740
1104741
1104742
1104743
1104744
1104745
1104746
1104747
1104748
1104749
1104750
1104751
1105181
1105182
1108202
1108203
1108204
1108205
1108206
1108207
1108208
1108209
1108210
1108211
1108212
1108213
1108214
1108215
1108216
1108217
1108218
1108219
1108220
1108221
1108222
1108223
1108224
1108225
1108226
1108227
1108228
1108229
1108230
1108231
1108232
1108233
1108234
1108235
1108236
1108237
1108238
1108239
1108240
1108241
1108242
1108243
1108244
1108245
1108246
1108247
1108248
1108249
1108250
1108251
1108252
1108253
1108254
1108255
1108256
1108257
1108258
1108259
1108260
1108261
1108262
1108263
1108264
1108265
1108266
1108267
1108268
1108269
1108270
1108271
1108272
1108273
1108274
1108275
1108276
1108277
1108278
1108279
1108280
1108281
1108282
1108283
1108284
1108285
1108286
1108287
1108288
1108289
1108290
1108291
1108292
1108293
1108294
1108295
1108296
1108297
1108298
1108299
1108300
1108301
1108302
1108303
1108304
1108305
1108306
1108307
1108308
1108309
1108310
1108311
1108312
1108313
1108314
1108315
1108316
1108317
1108318
1108319
1108320
1108321
1108322
1108323
1108324
1108325
1108326
1108327
1108328
1108329
1108330
1108331
1108332
1108333
1108334
1108335
1108336
1108337
1108338
1108339
1108340
1108341
1108342
1108343
1108344
1108345
1108346
1108347
1108348
1108349
1108350
1108351
1108352
1108353
1108354
1108355
1108356
1108357
1108358
1108359
1108360
1108361
1108362
1108363
1108364
1108365
1108366
1108367
1108368
1108369
1108370
1108371
1108372
1108373
1108374
1108375
1108376
1108377
1108378
1108379
1108380
1108381
1108382
1108383
1108384
1108385
1108386
1108387
1108388
1108389
1108390
1108391
1108392
1108393
1108394
1108395
1108396
1108397
1108398
1108399
1108400
1108401
1108402
1108403
1108404
1108405
1108406
1108407
1108408
1108409
1108410
1108411
1108412
1108413
1108414
1108415
1108416
1108417
1108418
1108419
1108420
1108421
1108422
1108423
1108424
1108425
1108426
1108427
1108428
1108429
1108430
1108431
1108432
1108433
1108434
1108435
1108436
1108437
1108438
1108439
1108440
1108441
1108442
1108443
1108444
1108445
1108446
1108447
1108448
1108449
1108450
1108451
1108452
1108453
1108454
1108455
1108456
1108457
1108458
1108459
1108460
1108461
1108462
1108463
1108464
1108465
1108466
1108467
1108468
1108469
1108470
1108471
1108472
1108473
1108474
1108475
1108476
1108477
1108478
1108479
1108480
1108481
1108482
1108483
1108484
1108485
1108486
1108487
1108488
1108489
1108490
1108593
1108594
1108765
1108766
1108767
1108768
1108769
1108770
1108771
1108772
1108773
1108774
1108775
1108776
1108777
1108778
1108779
1108780
1108781
1108782
1108783
1108784
1108785
1108786
1108787
1108788
1108789
1108790
1108791
1108792
1109363
1109364
1109365
1109366
1109373
1109374
1109375
1109376
1109377
1109399
1109400
1109612
1109613
1109614
1109615
1109616
1109617
1109622
1109623
1109624
1109625
1109662
1109663
1109670
1109671
1109672
1109673
1109674
1109675
1109676
1109677
1109678
1109679
1109680
1109681
1109682
1109683
1109684
1109685
1109686
1109687
1109688
1109689
1109690
1109691
1109692
1109693
1109694
1109695
1109696
1109697
1109698
1109699
1109700
1109701
1109702
1109703
1109704
1110689
1110690
1110691
1110692
1111161
1111679
1111680
1111745
1111746
1111783
1111784
1111785
1111786
1111787
1111837
1111838
1111839
1111888
1111889
1111890
1111891
1111892
1111893
1111894
1111895
1111896
1111897
1111898
1111899
1111900
1111901
1111902
1111903
1111904
1111905
1111906
1111907
1111908
1111909
1111910
1111911
1111912
1111913
1111914
1111915
1111924
1111926
1111927
1111928
1111930
1111933
1111934
1111935
1111936
1111937
1111938
1111939
1111940
1111941
1111942
1111943
1111944
1111945
1111946
1112276
1112284
1112285
1112286
1112287
1112288
1112289
1112290
1112291
1112292
1112293
1112294
1112295
1112296
1112297
1112298
1112702
1112703
1112705
1112706
1112707
1112708
1112709
1112710
1112711
1112712
1112713
1112714
1112716
1112717
1112718
1112719
1112720
1112721
1112722
1112737
1112738
1112739
1112740
1112826
1112827
1114892
1114893
1114894
1114895
1114896
1114897
1114898
1114899
1114900
1114901
1114902
1114903
1114904
1114905
1114906
1114907
1114908
1114909
1114910
1114911
1114912
1114913
1114914
1114915
1114916
1114917
1114918
1114919
1114923
1114986
1114987
1115523
1115565
1115566
1115836
1117247
1117248
1117249
1117250
1117716
1117717
1118065
1118066
1118067
1118068
1118069
1118123
1118124
1118145
1118146
1118147
1118148
1118149
1118150
1118151
1118152
1118162
1118232
1118239
1118240
1118241
1118242
1118243
1118244
1118245
1118246
1118247
1118248
1118249
1118250
1118251
1118252
1118253
1118254
1118255
1118256
1118257
1118258
1118259
1118260
1118261
1118262
1118263
1118264
1118265
1118266
1118267
1118268
1118269
1118270
1118271
1118272
1118273
1118274
1118275
1118276
1118277
1118278
1120497
1120498
1120499
1120500
1120501
1120502
1120503
1120504
1120505
1120506
1120507
1120508
1120509
1120510
1120511
1120512
1120513
1120514
1120515
1120516
1120563
1120564
1122573
1122574
1122575
1123693
1123694
1123695
1123696
1123697
1123698
1123703
1123704
1123705
1123706
1123707
1123708
1123709
1124242
1124243
1124244
1124245
1124246
1124247
1124248
1124249
1124250
1124251
1124252
1124253
1124254
1124255
1124256
1124257
1124258
1124259
1124260
1124261
1124262
1124263
1124264
1124265
1124266
1124267
1124268
1124269
1124270
1124271
1124272
1124273
1124274
1124275
1124276
1124277
1124278
1124279
1124280
1124281
1124282
1124283
1124284
1124285
1124286
1124287
1124288
1124289
1124290
1124291
1124292
1124293
1124294
1124295
1124296
1124297
1124298
1124299
1124300
1124301
1124302
1124303
1124304
1124305
1124306
1124307
1124308
1124309
1124310
1124311
1124312
1124313
1124314
1124315
1124316
1124317
1124318
1124319
1124320
1124321
1124322
1124323
1124324
1124325
1124326
1124327
1124328
1124329
1124330
1124331
1124332
1124333
1124334
1124335
1124336
1124337
1124338
1124339
1124340
1124341
1124342
1124343
1124344
1124345
1124346
1124347
1124348
1124349
1124350
1124351
1124352
1124353
1124354
1124355
1124356
1124357
1124358
1124359
1124360
1124361
1124362
1124363
1124364
1124365
1124366
1124367
1124368
1124369
1124370
1124371
1124372
1124373
1124374
1124375
1124376
1124377
1124378
1124379
1124380
1124381
1124382
1124383
1124384
1124385
1124386
1124387
1124388
1124389
1124390
1124391
1124392
1124393
1124394
1124395
1124396
1124397
1124398
1124399
1124400
1124401
1124402
1124403
1124404
1124405
1124406
1124407
1124408
1124409
1124410
1124411
1124412
1124413
1124414
1124415
1124416
1124417
1124418
1124419
1124420
1124421
1124422
1124423
1124424
1124425
1124426
1124427
1124428
1124429
1124430
1124431
1124432
1124433
1124434
1124435
1124436
1124437
1124438
1124439
1124440
1124441
1124442
1124443
1124444
1124445
1124446
1124447
1124448
1124449
1124450
1124451
1124452
1124453
1124454
1124455
1124456
1124457
1124458
1124459
1124460
1124461
1124462
1124463
1124464
1124465
1124466
1124574
1124628
1124629
1125414
1125415
1125416
1125417
1125418
1125419
1125420
1125421
1125422
1125423
1125424
1125425
1125426
1125427
1125428
1125429
1125430
1125431
1125432
1125433
1125434
1125435
1125436
1125437
1125445
1125446
1125447
1125448
1125449
1125450
1125451
1125452
1125453
1125454
1125455
1125456
1125457
1125458
1125459
1125460
1125461
1125462
1125463
1125464
1125465
1125466
1125467
1125468
1125469
1125470
1125471
1125472
1125473
1125474
1125475
1125476
1125477
1125478
1125479
1125480
1125481
1125482
1125483
1125484
1125485
1125486
1125487
1125488
1125489
1125490
1125491
1125492
1125493
1125494
1125495
1125496
1125497
1125498
1125499
1125500
1125501
1125502
1125503
1125504
1125506
1125507
1125580
1125581
1125582
1125765
1125766
1125767
1125768
1125769
1125770
1125771
1125772
1125773
1125774
1125775
1125776
1125777
1125970
1126251
1126252
1126523
1126524
1126525
1126526
1126527
1126529
1126530
1126531
1126532
1126533
1126534
1126535
1126536
1126550
1126551
1126552
1126560
1126561
1126565
1126566
1126567
1126568
1126570
1126571
1126572
1126573
1126574
1126611
1126612
1126671
1126672
1126871
1126872
1126873
1126874
1126875
1126876
1127467
1127468
1127469
1127470
1127471
1127472
1127473
1127474
1127556
1128416
1129123
1129124
1129256
1129257
1129265
1129340
1129560
1129561
1130042
1130043
1130063
1130064
1130098
1130694
1130695
1130881
1130882
1130883
1130884
1130885
1130984
1130985
1130993
1130994
1130995
1130996
1130997
1130998
1130999
1131000
1131007
1131008
1131254
1131255
1131372
1131373
1131374
1131375
1131376
1131377
1131710
1131711
1131712
1131713
1131714
1131715
1131716
1131717
1131718
1131719
1131720
1131721
1131722
1131723
1131725
1131726
1131727
1131735
1131769
1131818
1131819
1131820
1131821
1131822
1131823
1131824
1131825
1131826
1131827
1131828
1131829
1131830
1131831
1131832
1131833
1131834
1131835
1131845
1131846
1131847
1131848
1131849
1131850
1131851
1131852
1131853
1131854
1132276
1132277
1132278
1132279
1132280
1132281
1132282
1132283
1132475
1132476
1133090
1133091
1133323
1133324
1133368
1133369
1134316
1134317
1134318
1134319
1134320
1134321
1134322
1134323
1134324
1134325
1134326
1134327
1134328
1134329
1134330
1134331
1134332
1134333
1134334
1134335
1134336
1134444
1134747
1134748
1134749
1134750
1134751
1134752
1134753
1134754
1134755
1134756
1134757
1134758
1134759
1134760
1134761
1134762
1134763
1134803
1135919
1135920
1135921
1135922
1135923
1135924
1135930
1135931
1135932
1135933
1135934
1135935
1135936
1135937
1135938
1135940
1135941
1135942
1135943
1135944
1135945
1135946
1135947
1135948
1135950
1135995
1135996
1135997
1135998
1136142
1136289
1136342
1136411
1136412
1136413
1136473
1136537
1136538
1136539
1136540
1136541
1136542
1136543
1136544
1136545
1136546
1136547
1136548
1136549
1136550
1136551
1136552
1136553
1136554
1136555
1136556
1136557
1136558
1136559
1136560
1136561
1136562
1136563
1136564
1136565
1136566
1136567
1136568
1136569
1136570
1136571
1136572
1136573
1136574
1136575
1136576
1136577
1136578
1136579
1136580
1136581
1136582
1136583
1136584
1136585
1136586
1136587
1136588
1136589
1136590
1136591
1136592
1136593
1136594
1136595
1136596
1136597
1136598
1136599
1136600
1136601
1136602
1136603
1136604
1136605
1136606
1136607
1136608
1136609
1136610
1136611
1136612
1136613
1136614
1136615
1136616
1136617
1136618
1136619
1136620
1136621
1136622
1136623
1136624
1136625
1136626
1136627
1136628
1136629
1136630
1136631
1136632
1136633
1136634
1136635
1136636
1136637
1136638
1136639
1136640
1136641
1136642
1136643
1136644
1136645
1136646
1136647
1136648
1136649
1136650
1136651
1136652
1136653
1136654
1136655
1136656
1136657
1136658
1136659
1136660
1136661
1136662
1136663
1136664
1136665
1136666
1136667
1136668
1136669
1136670
1136671
1136672
1136673
1136674
1136675
1136676
1136677
1136678
1136679
1136680
1136681
1136682
1136683
1136684
1136685
1136686
1136687
1136688
1136689
1136690
1136691
1136692
1136693
1136694
1136695
1136696
1136697
1136698
1136699
1136700
1136701
1136702
1136703
1136704
1136705
1136706
1136707
1136708
1136709
1136710
1136711
1136712
1136713
1136714
1136715
1136716
1136717
1136718
1136719
1136720
1136721
1136722
1136724
1136725
1136726
1136771
1137100
1137101
1137110
1137114
1137115
1137116
1137117
1137118
1137119
1137120
1137121
1137122
1137123
1137600
1137601
1137602
1137604
1137605
1137837
1137838
1137962
1137963
1137964
1137965
1138315
1138316
1138317
1138318
1138319
1138320
1138321
1138322
1138492
1138869
1138870
1138872
1138873
1138875
1138878
1138879
1141622
1141669
1141670
1141671
1141672
1141673
1141674
1141675
1141676
1141677
1141678
1141679
1141680
1141681
1141682
1141683
1141684
1141687
1141688
1141765
1141766
1141767
1141768
1141769
1141770
1141771
1141772
1141773
1141774
1141775
1141776
1141777
1141778
1141779
1141780
1141781
1141782
1141783
1141784
1141785
1141786
1141787
1141788
1141789
1141790
1141791
1141792
1141793
1141794
1141795
1141796
1141797
1141798
1141799
1141800
1141801
1141802
1141803
1141804
1141805
1141806
1141807
1141808
1141809
1141810
1141811
1141812
1141813
1141814
1141815
1141816
1141817
1141818
1141819
1141820
1141821
1141822
1141823
1141824
1141825
1141826
1141827
1141828
1141829
1141830
1141831
1141832
1141833
1141834
1141835
1141836
1141837
1141838
1141839
1141906
1141907
1141908
1141909
1141910
1141911
1141912
1141913
1141914
1141915
1141917
1141918
1142132
1142133
1143347
1143348
1143349
1143350
1143351
1143352
1143353
1143354
1143355
1143356
1143357
1143358
1143359
1143360
1143361
1143363
1143364
1143365
1143366
1143367
1143369
1143370
1143371
1143372
1143373
1143374
1143375
1143376
1143377
1143378
1143379
1143380
1143680
1143681
1143682
1143683
1143684
1144226
1144227
1144494
1144501
1144502
1144504
1144505
1144683
1144684
1145017
1145018
1145019
1145020
1145021
1145022
1145108
1145109
1145196
1145197
1145198
1145199
1145200
1145201
1145202
1145203
1145204
1145205
1145206
1145207
1145208
1145209
1145210
1145211
1145212
1145213
1145214
1145215
1145216
1145217
1145218
1145219
1145220
1145221
1145222
1145223
1145224
1145225
1145226
1145227
1145228
1145229
1145230
1145231
1145232
1145286
1145287
1145288
1145289
1145290
1145291
1146866
1146867
1146868
1146869
1147052
1147053
1147054
1147055
1147056
1147057
1147058
1147059
1147060
1147061
1147062
1147063
1147064
1147065
1147066
1147067
1147068
1147069
1147070
1147071
1147072
1147073
1147074
1147075
1147076
1147121
1147122
1147644
1147645
1147646
1147647
1147648
1147734
1147796
1147797
1147798
1147799
1147800
1147801
1147802
1147803
1147804
1147805
1147806
1147807
1147808
1147809
1147810
1147811
1147812
1147813
1147814
1147815
1147816
1147817
1147818
1147819
1147820
1147821
1147822
1147823
1147824
1147825
1147826
1147827
1147828
1147829
1147830
1147831
1147832
1147833
1147834
1147835
1147836
1147837
1147838
1147839
1147840
1147841
1147842
1147843
1147844
1147845
1147846
1147847
1147848
1147849
1147850
1147851
1147852
1147853
1147854
1147855
1147856
1147857
1147858
1147859
1147860
1147861
1147862
1147863
1147864
1147865
1147866
1147867
1147868
1147869
1147870
1147871
1147872
1147873
1147874
1147875
1147876
1147877
1147878
1147879
1147880
1147881
1147882
1147883
1147884
1147885
1147886
1147887
1147888
1147889
1147890
1147891
1147892
1147893
1147894
1147895
1147896
1147897
1147898
1147899
1147900
1147901
1147902
1147903
1147904
1147905
1147906
1147907
1147908
1147909
1147910
1147911
1147912
1147913
1147914
1147915
1147916
1147917
1147918
1147919
1147920
1147921
1147922
1147923
1147924
1147925
1147926
1147927
1147928
1147929
1147930
1147931
1147932
1147933
1147934
1147935
1147936
1147937
1147938
1147939
1147940
1147941
1147942
1147943
1147944
1147945
1147946
1147947
1147948
1147949
1147950
1147951
1147952
1147953
1147954
1147955
1147956
1147957
1147958
1147959
1147960
1147961
1147962
1147963
1147964
1147965
1147966
1147967
1147968
1147969
1147970
1147971
1147972
1147973
1147974
1147975
1147976
1147977
1147978
1147979
1147980
1147981
1147982
1147983
1147984
1147985
1147986
1147987
1147988
1147989
1147990
1147991
1147992
1147993
1147994
1147995
1147996
1147997
1147998
1147999
1148000
1148001
1148002
1148003
1148004
1148005
1148006
1148007
1148008
1148009
1148010
1148011
1148012
1148013
1148014
1148015
1148016
1148017
1148018
1148019
1148020
1148021
1148022
1148023
1148024
1148025
1148026
1148027
1148028
1148029
1148030
1148031
1148032
1148033
1148034
1148035
1148036
1148037
1148038
1148039
1148040
1148041
1148042
1148043
1148044
1148045
1148046
1148047
1148048
1148049
1148050
1148051
1148052
1148053
1148054
1148055
1148183
1148184
1148185
1150343
1150731
1150777
1150778
1150779
1150780
1150781
1150877
1150879
1150880
1150955
1150956
1150957
1151043
1151761
1151762
1151763
1151773
1154581
1154684
1154685
1155010
1155011
1155056
1155057
1155058
1155059
1155060
1155061
1155062
1155396
1155397
1155398
1155399
1155400
1155401
1155402
1155403
1155404
1155405
1155406
1155407
1155408
1155409
1155410
1155411
1155412
1155413
1155414
1155415
1155416
1155417
1155418
1155419
1155785
1156048
1156049
1156402
1156502
1156503
1156970
1156971
1156972
1156973
1156974
1156975
1156976
1156977
1157303
1157304
1157603
1157604
1157612
1157613
1158025
1158026
1158027
1158028
1158029
1158030
1158031
1158032
1158037
1158431
1158432
1158433
1158434
1158435
1158436
1158437
1158438
1158439
1158440
1158441
1158442
1158443
1158444
1158445
1158446
1158447
1158448
1158449
1158765
1158766
1158767
1158768
1158769
1158770
1158771
1158772
1158773
1158774
1158775
1158776
1158777
1158778
1158779
1158780
1158781
1158782
1159226
1159227
1159557
1159558
1159874
1159875
1160951
1160952
1160976
1160977
1160978
1160979
1160980
1161211
1161212
1161213
1161214
1161215
1161216
1161217
1161218
1161219
1161220
1161221
1161222
1161223
1161224
1161225
1161226
1161227
1161228
1161229
1161230
1161231
1161232
1161233
1161234
1161235
1161236
1161237
1161238
1161239
1161240
1161241
1161242
1161243
1161244
1161245
1161246
1161247
1161248
1161249
1161250
1161251
1161252
1161253
1161254
1161255
1161256
1161257
1161258
1161259
1161260
1161261
1161262
1161263
1161264
1161265
1161266
1161267
1161268
1161269
1161270
1161271
1161272
1161273
1161274
1161275
1161276
1161277
1161278
1161279
1161280
1161281
1161282
1161283
1161284
1161285
1161286
1161287
1161288
1161289
1161290
1161291
1161292
1161293
1161387
1161389
1161947
1161948
1161949
1161950
1161951
1161952
1161953
1161954
1161955
1161956
1161957
1161958
1161959
1161960
1161961
1161962
1161963
1161964
1161965
1161966
1161967
1161968
1161969
1161970
1161971
1161972
1161973
1161974
1161975
1161976
1161977
1162035
1162036
1162037
1162038
1162039
1162693
1162694
1162696
1162697
1162699
1162700
1162701
1162702
1162703
1162704
1162705
1162706
1162707
1162708
1162709
1162710
1162711
1162730
1162731
1162732
1162733
1162734
1162735
1162736
1162737
1162847
1162848
1162849
1162850
1163342
1163343
1163347
1163348
1163349
1163350
1163351
1163352
1163353
1163358
1163359
1163360
1163361
1163362
1163363
1163366
1163367
1163488
1163489
1163490
1163491
1163711
1163712
1163713
1163714
1163716
1163717
1163719
1163724
1163726
1163728
1163772
1164562
1164567
1164568
1164592
1164593
1164606
1164607
1164988
1165162
1165164
1165165
1165166
1165167
1165452
1165453
1165530
1165531
1165532
1165533
1165534
1165535
1165536
1165538
1165539
1165540
1165541
1165542
1165543
1165544
1165545
1165546
1165547
1165548
1165549
1165550
1165551
1165552
1165553
1165554
1165555
1165556
1165557
1165558
1165559
1165560
1165561
1165562
1165563
1165564
1165565
1165566
1165567
1165568
1165569
1165570
1165571
1165572
1165573
1165574
1165575
1165576
1165577
1165578
1165579
1165580
1165581
1165582
1165583
1165584
1165585
1165586
1165740
1165741
1165742
1165743
1165744
1166674
1166675
1166679
1166684
1166700
1166701
1166727
1167011
1167012
1167013
1167014
1167015
1167016
1167017
1167018
1167019
1167020
1167021
1167022
1167023
1167024
1167025
1167026
1167027
1167028
1167029
1167030
1167031
1167032
1167203
1167226
1167306
1167609
1168092
1168093
1168310
1168537
1168538
1168539
1168540
1168813
1168814
1168816
1168818
1168819
1168820
1168825
1168828
1168831
1168832
1168833
1168834
1168835
1168837
1168838
1168847
1168848
1169047
1169645
1169646
1169740
1169993
1170209
1170210
1170211
1170212
1170365
1170366
1170367
1170869
1170870
1171045
1171046
1172157
1172158
1172159
1172160
1172161
1172162
1172163
1172164
1172165
1172166
1172210
1172211
1172212
1172213
1172214
1172215
1172216
1172217
1172218
1172219
1172220
1172221
1172222
1172223
1172224
1172659
1172660
1172661
1172662
1172663
1172664
1172665
1172666
1172667
1172668
1172669
1172670
1172671
1172672
1172673
1172674
1172675
1172676
1172677
1172678
1172679
1172680
1172681
1172682
1172683
1172684
1172685
1172686
1172687
1172688
1172689
1172690
1172691
1172692
1172693
1172694
1172695
1172696
1172697
1172698
1172699
1172700
1172701
1172702
1172703
1172704
1172705
1172706
1172707
1172708
1172709
1172710
1172711
1172712
1172713
1172714
1172715
1172716
1172717
1172718
1172719
1172720
1172721
1172722
1172723
1172724
1172725
1172726
1172727
1172728
1172729
1172730
1172731
1172732
1172733
1172734
1172735
1172736
1172737
1172738
1172739
1172740
1172741
1172742
1172743
1172744
1172745
1172746
1172747
1172748
1172749
1172750
1172751
1172752
1172753
1172754
1172755
1172756
1172757
1172758
1172759
1172760
1172761
1172762
1172763
1172764
1172765
1172766
1172767
1172768
1172769
1172770
1172771
1172772
1172773
1172774
1172775
1172776
1172777
1172778
1172779
1172780
1172781
1172782
1172783
1172784
1172785
1172786
1172787
1172788
1172789
1172790
1172791
1172792
1172793
1172794
1172795
1172796
1172797
1172798
1172799
1172800
1172801
1172802
1172803
1172804
1172805
1172806
1172807
1172808
1172809
1172810
1172811
1172812
1172813
1172814
1172815
1172816
1172817
1172818
1172819
1172820
1172821
1172822
1172823
1172824
1172825
1172826
1172827
1172828
1172829
1172830
1172831
1172832
1172833
1172834
1172835
1172836
1172837
1172838
1172839
1172840
1172841
1172842
1172843
1172844
1172845
1172846
1172847
1172848
1172849
1172850
1172851
1172852
1172853
1172854
1172855
1172856
1172857
1172858
1172859
1172860
1172861
1172862
1172863
1172864
1172865
1172866
1172867
1172868
1172869
1172870
1172871
1172872
1172873
1172874
1173113
1173114
1173115
1173116
1173117
1173118
1173119
1173120
1173121
1173122
1173123
1173124
1173125
1173126
1173127
1173128
1173129
1173130
1173131
1173132
1173133
1173134
1173238
1173239
1173240
1173241
1173242
1173243
1173244
1173245
1173246
1173247
1173248
1173249
1173250
1173251
1173252
1173253
1173254
1173255
1173256
1173605
1173606
1173621
1173622
1173711
1173712
1173717
1173718
1173719
1173720
1173721
1173722
1173723
1173733
1173734
1173735
1173736
1173737
1173996
1173997
1173998
1173999
1174000
1174001
1174002
1174003
1174004
1174005
1174006
1174007
1174008
1174009
1174010
1174011
1174012
1174013
1174014
1174015
1174016
1174017
1174018
1174019
1174020
1174021
1174022
1174023
1174024
1174025
1174026
1174027
1174028
1174029
1174030
1174031
1174032
1174033
1174034
1174523
1175228
1176138
1176139
1176140
1176141
1176142
1176307
1176308
1176309
1176310
1176311
1176312
1176313
1176314
1176315
1176316
1176317
1176318
1176319
1176744
1177663
1177664
1177665
1177666
1177667
1177668
1177669
1177670
1177671
1177672
1177673
1177674
1177675
1177676
1177677
1177678
1177679
1177680
1177681
1177682
1177683
1177684
1177685
1177686
1177687
1177688
1177689
1177690
1177691
1177692
1177693
1177694
1177695
1177696
1177697
1177698
1177699
1177700
1177701
1177702
1177703
1177704
1177705
1177706
1177707
1177708
1177709
1177710
1177711
1177713
1177714
1177715
1177716
1177717
1177719
1177720
1177739
1177740
1177746
1178391
1178466
1178467
1178575
1178576
1178803
1178804
1178811
1178812
1178813
1178814
1178815
1178816
1178817
1178818
1178819
1179481
1179482
1179483
1179484
1179485
1179486
1179487
1179488
1179489
1179490
1179491
1179492
1179493
1179494
1179495
1179590
1179591
1179592
1179593
1179594
1179595
1179596
1179597
1179598
1179599
1179600
1179601
1179602
1179603
1179604
1179605
1179606
1179607
1179608
1179609
1179610
1179611
1179612
1179613
1179614
1179615
1179616
1179617
1179618
1179619
1179620
1179621
1179622
1179623
1179624
1179625
1179626
1179627
1179628
1179629
1179630
1179631
1179632
1179633
1179634
1179635
1179676
1179677
1179679
1179681
1179819
1181266
1181267
1181493
1181494
1181495
1181496
1181497
1181498
1181499
1181500
1181501
1181502
1181503
1181504
1181505
1181506
1181507
1181508
1181509
1181510
1181511
1181512
1181513
1181514
1181515
1181516
1181517
1181518
1181519
1181520
1181521
1181522
1181523
1181524
1181525
1181526
1181527
1181528
1181529
1181530
1181531
1181532
1181533
1181534
1181535
1181536
1181537
1181538
1181539
1181540
1181541
1181542
1181543
1181544
1181545
1181546
1181547
1181548
1181549
1181550
1181551
1181552
1181553
1181554
1181555
1181556
1181557
1181558
1181559
1181560
1181561
1181562
1181563
1181564
1181565
1181566
1181567
1181568
1181569
1181570
1181571
1181572
1181573
1181574
1181575
1181576
1181577
1181578
1181579
1181580
1181581
1181582
1181583
1181584
1181585
1181586
1181587
1181588
1181590
1181591
1181592
1181593
1181594
1181595
1181596
1181597
1181598
1181599
1181600
1181601
1181602
1181603
1181604
1181605
1181606
1181607
1181608
1181609
1181610
1181611
1181612
1181613
1181614
1181615
1181616
1181617
1181618
1181619
1181620
1181621
1181622
1181623
1181624
1181625
1181626
1181627
1181628
1181629
1181630
1182305
1182306
1182652
1183331
1183332
1184160
1184161
1184399
1184400
1184602
1184603
1185409
1185410
1185416
1185417
1185768
1185769
1185770
1185771
1185772
1185773
1185774
1185775
1185776
1185777
1185778
1185779
1185780
1185781
1185782
1185783
1185784
1185785
1185786
1185787
1185788
1185789
1185790
1185791
1185792
1185793
1185794
1185795
1185796
1185797
1185798
1185799
1185800
1185801
1185802
1185803
1185804
1185805
1185806
1185807
1185808
1185809
1185810
1185811
1185812
1185813
1185814
1185815
1185816
1185817
1185818
1185819
1185820
1185821
1185822
1185823
1185824
1185825
1185826
1185827
1185828
1185830
1185831
1185832
1185833
1185834
1185835
1185836
1185837
1185838
1185839
1185840
1187014
1187015
1187016
1187017
1187134
1187135
1187136
1187137
1187138
1187139
1187140
1187141
1187142
1187143
1187144
1187145
1187146
1187147
1187148
1187885
1187886
1187981
1187982
1187983
1188044
1188045
1188749
1188750
1188751
1188752
1188753
1188754
1188755
1188756
1188757
1188758
1188759
1188760
1188761
1188762
1188763
1188764
1188765
1188766
1188767
1188768
1188769
1188770
1188771
1188772
1188773
1188774
1188775
1188776
1188777
1188778
1188779
1188780
1188781
1188782
1188783
1188784
1188785
1188786
1189042
1189043
1191019
1191059
1191060
1191112
1191113
1191114
1191115
1191374
1191375
1191417
1191418
1191433
1191434
1191435
1191436
1191437
1191438
1191518
1191519
1191520
1191521
1191682
1191683
1191684
1191685
1191686
1191687
1193504
1193505
1193512
1193513
1193516
1193517
1193519
1193520
1193523
1193524
1193525
1193526
1193527
1193528
1193529
1193530
1193531
1193532
1193533
1193534
1193535
1193536
1193537
1193538
1193539
1193540
1193541
1193542
1193581
1193582
1193583
1193584
1193585
1193586
1193587
1193588
1193589
1193590
1193591
1193592
1193695
1193696
1193697
1193698
1193699
1193700
1193701
1193702
1193703
1193704
1193705
1193706
1193707
1193708
1193710
1193711
1194030
1194031
1194169
1194214
1194347
1194412
1194413
1194442
1194443
1194681
1194682
1195148
1195149
1195150
1195151
1195747
1195748
1195749
1195750
1195751
1195752
1195753
1195771
1195772
1195773
1195955
1195956
1196394
1196665
1196666
1196667
1196668
1196669
1196670
1196686
1196695
1196696
1196697
1196698
1196699
1196700
1196701
1196702
1196703
1196704
1196705
1196706
1196707
1196708
1196709
1196710
1196711
1196712
1196713
1196714
1196715
1196716
1196717
1196718
1196719
1196720
1196721
1196722
1196723
1196730
1196731
1196732
1196733
1196734
1196735
1196736
1196737
1196738
1196739
1196740
1196741
1196742
1196743
1196744
1196745
1196746
1196747
1196748
1196749
1196750
1196751
1196752
1196753
1196754
1196755
1196756
1196757
1196758
1196759
1196760
1196761
1196762
1196763
1196764
1196765
1196766
1196767
1196768
1196769
1196823
1197431
1197432
1197433
1197434
1197435
1197436
1197437
1197438
1197439
1197440
1197441
1197442
1197443
1198328
1198330
1198331
1198332
1198333
1198334
1199138
1200390
1200391
1200392
1202133
1202134
1202446
1202720
1202721
1202722
1202739
1202740
1202741
1202742
1203252
1204176
1204294
1204477
1204478
1204479
1204480
1204481
1204482
1204484
1204485
1204486
1204487
1204488
1204489
1204490
1204491
1204492
1204493
1204494
1204495
1204496
1204497
1204499
1204500
1204501
1204502
1204503
1204504
1204505
1204506
1204507
1204508
1204561
1204562
1204563
1204707
1204708
1204709
1204710
1204739
1204740
1204741
1204742
1204743
1204744
1204745
1204746
1204747
1204748
1204749
1204750
1204751
1204752
1204753
1204754
1204755
1204756
1204757
1204758
1204759
1204760
1204761
1204762
1204763
1204764
1204765
1204766
1204767
1204768
1206314
1206388
1206389
1206390
1206391
1206718
1206719
1206899
1207033
1207436
1208327
1208328
1208578
1208579
1208588
1208589
1208594
1208595
1208596
1208620
1208621
1208758
1208759
1208760
1208808
1208809
1208810
1208811
1208840
1208841
1208888
1208889
1208906
1208907
1208908
1208910
1208911
1208912
1208983
1210117
1210118
1210120
1210121
1212463
1212464
1213622
1213874
1213875
1213876
1213877
1213878
1213879
1213880
1214080
1214081
1214127
1214588
1214589
1214590
1214591
1214592
1214953
1215292
1215293
1215294
1215295
1215882
1215883
1215884
1215885
1215886
1215887
1215888
1215889
1215890
1215891
1215893
1215894
1215895
1215896
1215897
1215898
1215899
1215900
1215901
1215902
1215905
1215906
1215907
1215908
1215909
1215910
1216060
1216061
1216322
1216323
1216324
1216325
1216326
1216327
1216328
1216329
1216330
1216331
1216332
1216333
1216334
1216335
1216336
1216337
1216338
1216339
1216340
1216341
1216342
1216343
1216939
1216983
1216984
1217275
1217366
1217367
1217368
1217369
1217370
1217371
1217372
1217373
1217374
1217375
1217376
1217377
1217378
1217379
1217380
1217381
1217382
1217383
1217384
1217385
1217386
1217387
1217388
1217389
1217390
1217391
1217392
1217393
1217394
1217395
1217396
1217397
1217398
1217399
1217788
1217789
1217790
1217885
1217886
1218240
1218241
1218275
1218751
1218752
1218753
1218754
1218755
1218756
1218757
1218758
1218759
1218760
1218761
1218762
1218763
1218764
1218765
1218766
1218767
1218768
1218769
1218770
1218771
1218772
1218773
1218774
1218775
1218778
1218779
1218780
1218781
1218782
1218783
1218784
1218785
1218786
1218787
1218788
1218789
1218790
1218791
1218792
1218793
1218794
1218795
1218796
1218797
1218798
1219480
1219481
1219482
1219486
1219887
1219888
1220183
1220184
1220185
1220186
1220190
1220736
1220737
1220738
1220739
1220740
1220741
1220742
1220743
1220744
1220745
1220746
1220747
1220748
1220749
1220750
1220751
1220752
1220773
1220774
1220775
1220776
1220777
1220778
1220779
1220821
1220822
1220823
1220824
1220825
1220826
1220827
1220828
1220829
1220830
1220831
1220832
1220833
1220834
1220835
1220836
1220837
1220838
1220839
1220840
1220841
1220842
1220843
1220844
1220845
1220846
1220847
1220848
1220849
1220850
1220851
1220852
1220853
1220854
1220855
1220856
1220857
1220858
1220859
1220860
1220861
1220862
1220863
1220864
1220865
1220866
1220867
1220868
1220869
1220870
1220871
1220872
1220873
1220874
1220875
1220876
1220877
1220878
1220879
1220880
1220881
1220882
1220883
1220884
1220885
1220886
1220887
1220888
1220889
1220890
1220891
1220892
1220893
1220894
1220895
1220896
1220897
1220898
1220899
1220900
1220901
1220902
1220903
1220904
1220905
1220906
1220907
1220908
1220909
1220910
1220911
1220912
1220913
1220914
1220915
1220916
1220917
1220918
1220919
1220920
1220921
1220922
1220928
1220929
1220930
1220931
1220932
1220933
1220934
1220935
1220936
1220937
1220938
1220939
1220940
1220941
1220942
1220943
1220944
1220945
1220946
1220947
1220948
1220949
1220950
1220951
1220952
1220953
1220954
1220955
1220956
1220957
1220958
1220959
1220960
1220961
1220962
1220963
1220964
1220965
1220966
1220967
1220968
1220969
1220970
1220971
1220972
1220973
1220974
1220975
1220976
1220977
1220978
1220979
1220980
1220981
1220982
1220983
1220984
1220985
1220986
1220987
1220988
1220989
1220990
1220991
1220992
1220998
1220999
1221000
1221001
1221182
1221183
1221184
1221378
1221379
1221380
1221381
1221830
1221831
1221867
1221997
1221998
1221999
1222000
1222254
1222255
1222256
1222257
1222258
1222259
1222260
1222261
1222262
1222263
1222264
1222265
1222266
1222267
1222268
1222269
1222270
1222271
1222272
1222273
1222274
1222275
1222276
1222277
1222278
1222279
1222280
1222281
1222282
1222283
1222284
1222285
1222286
1222287
1222288
1222289
1222290
1222291
1222292
1222293
1222294
1222295
1222296
1222297
1222298
1222299
1222300
1222301
1222302
1222303
1222304
1222305
1222306
1222307
1222308
1222309
1222310
1222311
1222312
1222313
1222314
1222315
1222316
1222317
1222318
1222319
1222320
1222321
1222322
1222323
1222324
1222325
1222326
1222327
1222328
1222329
1222330
1222331
1222332
1222333
1222334
1222339
1222340
1222341
1222342
1222343
1222344
1222345
1222346
1222347
1222348
1222349
1222350
1222351
1222352
1222353
1222354
1222355
1222356
1222357
1222358
1222359
1222360
1222361
1222362
1222363
1222364
1222365
1222366
1222367
1222368
1222369
1222370
1222371
1222372
1222373
1222374
1222375
1222376
1222377
1222378
1222379
1222380
1222381
1222382
1222383
1222384
1222385
1222386
1222387
1222388
1222389
1222390
1222391
1222392
1222393
1222394
1222395
1222396
1222397
1222398
1222399
1222400
1222401
1222402
1222403
1222404
1222405
1222406
1222407
1222408
1222409
1222410
1222411
1222412
1222413
1222414
1222415
1222416
1222417
1222418
1222419
1222420
1222421
1222422
1222423
1222424
1222425
1222426
1222427
1222428
1222429
1222430
1222431
1222432
1222433
1222434
1222435
1222436
1222437
1222438
1222439
1222440
1222441
1222442
1222443
1222444
1222445
1222446
1222447
1222448
1222449
1222450
1222451
1222452
1222453
1222454
1222455
1222456
1222457
1222458
1222459
1222460
1222461
1222462
1222463
1222464
1222465
1222466
1222467
1222468
1222469
1222470
1222471
1222472
1222473
1222474
1222475
1222476
1222477
1222478
1222479
1222480
1222481
1222482
1222483
1222484
1222485
1222486
1222487
1222488
1222489
1222490
1222491
1222492
1222493
1222494
1222495
1222496
1222497
1222498
1222499
1222500
1222501
1222502
1222503
1222504
1222505
1222506
1222507
1222508
1222509
1222510
1222511
1222512
1222513
1222514
1222515
1222516
1222517
1222518
1222519
1222520
1222521
1222522
1222523
1222524
1222525
1222526
1222527
1222528
1222529
1222530
1222531
1222532
1222533
1222534
1222535
1222536
1222537
1222538
1222539
1222540
1222541
1222542
1222543
1222544
1222545
1222546
1222547
1222548
1222549
1222550
1222551
1222552
1222553
1222554
1222555
1222556
1222557
1222558
1222559
1222560
1222561
1222562
1222563
1222564
1222565
1222566
1222567
1222568
1222569
1222570
1222571
1222572
1222573
1222574
1222575
1222576
1222577
1222578
1222579
1222580
1222581
1222582
1222583
1222584
1222585
1222586
1222587
1222588
1222589
1222590
1222591
1222592
1222593
1222594
1222595
1222596
1222597
1222598
1222599
1222600
1222601
1222602
1222603
1222604
1222605
1222606
1222607
1222608
1222609
1222610
1222611
1222612
1222613
1222614
1222615
1222616
1222617
1222618
1222619
1222620
1222621
1222622
1222623
1222624
1222625
1222626
1222627
1222628
1222629
1222630
1222631
1222632
1222633
1222634
1222635
1222636
1222637
1222638
1222639
1222640
1222641
1222642
1222643
1222644
1222645
1222646
1222647
1222648
1222649
1222650
1222651
1222652
1222653
1222654
1222655
1222656
1222657
1222658
1222659
1222660
1222661
1222662
1222663
1222664
1222665
1222666
1222667
1222668
1222669
1222670
1222671
1222672
1222673
1222674
1222675
1222676
1222677
1222678
1222679
1222680
1222681
1222682
1222683
1222684
1222685
1222686
1222687
1222688
1222689
1222690
1222691
1222692
1222693
1222694
1222695
1222696
1222697
1222698
1222699
1222700
1222701
1222702
1222703
1222704
1222705
1222706
1222707
1222708
1222709
1222710
1222711
1222712
1222713
1222714
1222715
1222716
1222717
1222718
1222719
1222720
1222721
1222722
1222723
1222724
1222725
1222726
1222727
1222728
1222729
1222730
1222731
1222732
1222733
1222734
1222735
1222736
1222737
1222738
1222739
1222740
1222741
1222742
1222743
1222744
1222745
1222746
1222747
1222748
1222749
1222750
1222751
1222752
1222753
1222754
1222755
1222756
1222757
1222758
1222759
1222760
1222761
1222762
1222763
1222764
1222765
1222766
1222767
1222768
1222769
1222770
1222771
1222772
1222773
1222774
1222775
1222776
1222777
1222778
1222779
1222780
1222781
1222782
1222783
1222784
1222785
1222786
1222787
1222788
1222789
1222790
1222791
1222792
1222793
1222794
1222795
1222796
1222797
1222798
1222799
1222800
1222801
1222802
1222803
1222804
1222805
1222806
1222807
1222808
1222809
1222810
1222811
1222812
1222813
1222814
1222815
1222816
1222817
1222818
1222819
1222820
1222821
1222822
1222823
1222824
1222825
1222826
1222827
1222828
1222829
1222830
1222831
1222832
1222833
1222834
1222835
1222836
1222837
1222838
1222839
1222840
1222841
1222842
1222843
1222844
1222845
1222846
1222847
1222848
1222849
1222850
1222851
1222852
1222853
1222854
1222855
1222856
1222857
1222858
1222859
1222860
1222861
1222862
1222863
1222864
1222865
1222866
1222867
1222868
1222869
1222870
1222871
1222872
1222873
1222874
1222875
1222876
1222877
1222878
1222879
1222880
1222881
1222882
1222883
1222884
1222885
1222886
1222887
1222888
1222889
1222890
1222891
1222892
1222893
1222894
1222895
1222896
1222897
1222898
1222899
1222900
1222901
1222902
1222903
1222904
1222905
1222906
1222907
1222908
1222909
1222910
1222911
1222912
1222913
1222914
1222915
1222916
1222917
1222918
1222919
1222920
1222921
1222922
1222923
1222924
1222925
1222926
1222927
1222928
1222929
1222930
1222931
1222932
1222933
1222934
1222935
1222936
1222937
1222938
1222939
1222940
1222941
1222942
1222943
1222944
1222945
1222946
1222947
1222948
1222949
1222950
1222951
1222952
1222953
1222954
1222955
1222956
1222957
1222958
1222959
1222960
1222961
1222962
1222964
1222965
1222966
1222967
1222968
1222969
1222970
1222971
1222972
1222973
1222974
1222975
1222976
1222977
1222978
1222979
1222980
1222981
1222982
1222983
1222984
1222985
1222986
1222987
1222988
1222989
1222990
1222991
1222992
1222993
1222994
1222995
1222996
1222997
1222998
1222999
1223000
1223001
1223002
1223003
1223004
1223005
1223006
1223007
1223008
1223009
1223010
1223011
1223012
1223013
1223014
1223015
1223016
1223017
1223018
1223019
1223020
1223021
1223022
1223023
1223024
1223025
1223026
1223027
1223028
1223029
1223030
1223031
1223032
1223033
1223034
1223035
1223036
1223037
1223038
1223039
1223040
1223041
1223042
1223043
1223044
1223045
1223046
1223047
1223048
1223049
1223050
1223051
1223052
1223053
1223054
1223055
1223056
1223057
1223058
1223059
1223060
1223061
1223062
1223063
1223064
1223065
1223066
1223067
1223068
1223069
1223070
1223071
1223072
1223073
1223074
1223075
1223076
1223077
1223078
1223079
1223080
1223081
1223082
1223083
1223084
1223085
1223086
1223087
1223088
1223089
1223090
1223091
1223092
1223093
1223094
1223095
1223096
1223097
1223098
1223099
1223100
1223101
1223102
1223103
1223104
1223105
1223106
1223107
1223108
1223109
1223110
1223111
1223112
1223113
1223114
1223115
1223116
1223117
1223118
1223119
1223120
1223121
1223122
1223123
1223124
1223125
1223126
1223127
1223128
1223129
1223130
1223131
1223132
1223133
1223134
1223135
1223136
1223137
1223138
1223139
1223140
1223141
1223142
1223143
1223144
1223145
1223146
1223147
1223148
1223149
1223150
1223151
1223152
1223153
1223154
1223155
1223156
1223157
1223158
1223159
1223160
1223161
1223162
1223163
1223164
1223165
1223166
1223167
1223168
1223169
1223170
1223171
1223172
1223173
1223174
1223175
1223176
1223177
1223178
1223179
1223180
1223181
1223182
1223183
1223184
1223185
1223186
1223187
1223188
1223189
1223190
1223191
1223192
1223193
1223194
1223195
1223196
1223197
1223198
1223199
1223200
1223201
1223202
1223203
1223204
1223205
1223206
1223207
1223208
1223209
1223210
1223211
1223212
1223213
1223214
1223215
1223216
1223217
1223218
1223219
1223220
1223221
1223222
1223223
1223224
1223225
1223304
1223305
1223306
1223311
1223312
1223313
1223314
1223315
1223638
1223639
1223640
1223641
1223643
1223644
1223645
1223646
1224229
1224230
1224231
1224232
1224233
1224234
1224235
1224236
1224237
1224238
1224239
1224240
1224241
1224242
1224243
1224324
1224325
1224326
1224353
1224354
1224355
1224356
1224357
1224358
1224948
1225118
1225119
1225120
1225121
1225122
1225123
1225124
1225125
1225126
1225523
1225524
1225525
1225526
1225527
1225528
1225882
1225883
1225884
1225885
1225886
1226397
1226398
1226399
1226400
1226407
1226541
1226542
1226543
1226544
1226545
1226546
1226547
1226548
1226549
1226550
1226551
1226552
1226553
1226554
1226555
1226556
1226557
1226558
1226559
1226560
1226561
1226562
1226563
1226564
1226565
1226566
1226567
1226568
1226569
1227532
1227533
1227534
1227552
1227572
1227573
1227574
1227575
1227576
1227577
1227578
1227579
1227580
1227581
1227582
1227583
1227584
1227585
1227586
1227587
1227588
1227589
1227590
1227591
1227592
1227593
1227594
1227595
1227596
1227597
1227598
1227599
1227600
1227601
1227602
1227603
1227604
1227605
1227606
1227607
1227608
1227609
1227610
1227611
1227613
1227767
1227768
1227769
1227770
1227771
1227772
1227773
1227774
1227775
1227776
1227777
1227778
1227779
1227780
1227781
1227783
1227815
1227816
1227817
1227818
1227819
1227820
1227821
1227822
1227823
1227824
1227825
1227826
1227827
1227828
1227829
1227830
1227831
1227832
1227833
1227834
1227835
1227836
1227837
1227838
1227839
1227840
1227841
1227842
1227843
1227844
1227845
1227846
1227847
1227848
1227849
1227850
1227851
1227852
1227853
1227854
1227855
1227856
1227857
1227858
1227859
1227860
1227861
1227862
1227863
1227864
1227865
1227866
1227867
1227868
1227869
1227870
1227871
1227872
1227873
1227874
1227875
1227876
1227877
1227878
1227879
1227880
1227881
1227882
1227883
1227884
1227885
1227886
1227887
1227888
1227889
1227890
1227891
1227892
1227893
1227894
1227895
1227896
1227897
1227898
1227899
1227900
1227901
1227902
1227903
1227904
1227905
1227906
1227907
1227908
1227909
1227910
1227911
1227912
1227913
1227914
1227915
1227916
1227917
1227918
1227919
1227920
1227921
1227922
1227923
1227960
1227961
1227963
1227964
1227965
1228056
1228057
1229078
1229085
1229086
1229087
1229252
1229253
1229254
1229255
1229256
1229257
1229258
1229259
1229260
1229261
1229262
1229275
1229458
1229459
1229511
1229740
1229848
1229849
1229850
1229851
1229852
1229853
1229854
1229855
1229856
1229857
1229858
1229859
1229860
1229861
1229862
1229863
1229864
1229865
1229866
1229867
1229868
1229869
1229870
1229871
1229872
1229873
1229874
1229875
1229876
1229877
1229878
1229879
1229880
1229881
1229882
1229883
1229884
1229885
1229886
1229887
1229888
1229889
1229890
1229891
1229892
1229893
1229894
1229895
1229896
1229897
1229898
1229899
1229900
1229901
1229902
1230344
1230345
1230346
1230361
1230362
1230363
1230364
1230370
1230371
1230372
1230373
1231191
1231192
1231195
1231196
1231197
1231198
1231586
1231587
1231588
1231589
1231590
1231591
1231592
1231593
1231594
1231595
1231596
1231597
1231598
1231599
1231600
1231601
1233115
1233116
1233117
1233118
1233119
1233120
1233121
1233122
1233123
1233326
1233327
1233328
1233397
1233398
1233399
1233400
1233401
1233402
1233405
1233406
1233489
1233490
1233491
1233493
1233496
1233497
1233499
1233500
1233502
1233503
1233504
1233505
1233506
1233507
1233508
1233509
1233512
1234023
1234635
1234636
1234637
1234638
1234904
1235295
1235297
1235298
1235299
1235300
1235301
1235302
1235303
1235305
1235306
1235307
1235308
1235309
1235310
1235311
1235312
1235484
1235485
1235486
1235487
1235488
1235489
1235490
1235491
1235492
1235493
1235494
1235495
1235496
1235497
1235498
1235499
1235500
1235502
1235503
1235504
1235505
1235506
1235507
1235509
1235512
1235513
1235514
1235515
1235516
1235517
1235518
1235519
1235520
1235521
1235522
1235523
1235524
1235525
1235561
1235562
1235737
1235738
1235749
1235750
1235851
1235852
1236177
1236210
1236211
1236212
1236213
1236604
1236605
1236606
1236607
1236690
1236744
1236759
1237096
1237861
1237862
1237970
1237971
1237972
1237973
1237974
1237975
1237976
1237977
1237978
1237979
1237980
1237981
1237982
1237983
1237984
1237985
1237986
1237987
1237988
1237989
1237990
1237991
1237992
1237993
1237994
1237995
1237996
1237997
1237998
1237999
1238000
1238001
1238002
1238003
1238004
1238005
1238006
1238007
1238008
1238009
1238010
1238011
1238012
1238013
1238014
1238015
1238016
1238017
1238018
1238019
1238020
1238021
1238022
1238023
1238024
1238025
1238026
1238027
1238028
1238029
1238030
1238031
1238032
1238033
1238034
1238035
1238036
1238037
1238038
1238039
1238040
1238041
1238042
1238043
1238044
1238045
1238046
1238047
1238048
1238049
1238050
1238051
1238052
1238053
1238054
1238055
1238056
1238057
1238058
1238059
1238060
1238061
1238062
1238063
1238064
1238065
1238066
1238067
1238068
1238069
1238070
1238071
1238072
1238073
1238074
1238075
1238076
1238077
1238078
1238079
1238080
1238081
1238082
1238083
1238084
1238085
1238086
1238087
1238088
1238089
1238090
1238091
1238092
1238093
1238094
1238095
1238096
1238097
1238098
1238099
1238100
1238101
1238102
1238103
1238104
1238105
1238106
1238107
1238108
1238109
1238110
1238111
1238112
1238113
1238114
1238115
1238116
1238117
1238118
1238119
1238120
1238121
1238122
1238123
1238124
1238125
1238126
1238127
1238128
1238684
1239298
1239299
1239303
1239304
1239442
1239443
1239453
1239454
1239455
1239456
1239457
1239458
1239459
1239460
1239461
1239462
1239463
1239464
1239465
1239466
1239467
1239468
1239469
1239470
1239471
1239472
1239473
1239474
1239475
1239476
1239477
1239478
1239479
1239480
1239481
1239482
1239483
1239484
1239485
1239486
1239487
1239488
1239489
1239490
1239491
1239492
1239493
1239494
1239495
1239496
1239497
1239498
1239499
1239500
1239501
1239502
1239503
1239504
1239505
1239506
1239507
1239508
1239509
1239510
1239511
1239512
1239513
1239514
1239515
1239516
1239517
1239518
1239519
1239520
1239521
1239522
1239523
1239524
1239525
1239526
1239527
1239528
1239529
1239530
1239531
1239532
1239533
1239534
1239535
1239536
1239537
1239538
1239539
1239540
1239541
1239542
1239543
1239544
1239545
1239546
1239547
1239548
1239549
1239550
1239551
1239552
1239553
1239554
1239555
1239556
1239557
1239558
1239559
1239560
1239561
1239562
1239563
1239564
1240598
1240680
1240681
1241324
1241325
1241327
1241328
1242155
1242156
1242248
1242249
1242250
1242251
1242252
1242254
1242255
1242256
1242257
1242258
1242259
1242260
1242261
1242262
1242263
1242264
1242265
1242276
1242277
1242278
1242279
1242280
1242281
1242282
1242283
1242284
1242285
1242286
1242287
1242288
1242289
1242290
1242291
1242292
1242293
1242294
1242295
1242296
1242297
1242298
1242299
1242300
1242301
1242302
1242303
1242304
1242305
1242306
1242307
1242308
1242309
1242310
1242311
1242312
1242313
1242314
1242315
1242316
1242317
1242318
1242319
1242320
1242321
1242322
1242323
1242324
1242325
1242326
1242327
1242328
1242329
1242330
1242331
1242332
1242333
1242334
1242335
1242336
1242337
1242338
1242339
1242340
1242341
1242342
1242343
1242344
1242345
1242346
1242347
1242348
1242349
1242350
1242351
1242352
1242353
1242354
1242355
1242356
1242357
1242358
1242359
1242360
1242361
1242362
1242363
1242364
1242365
1242366
1242367
1242368
1242369
1242370
1242371
1242372
1242373
1242374
1242375
1242376
1242377
1242378
1242379
1242380
1242381
1242382
1242383
1242384
1242385
1242386
1242387
1242388
1242389
1242390
1242391
1242392
1242393
1242394
1242395
1242396
1242397
1242398
1242399
1242400
1242401
1242402
1242403
1242404
1242405
1242406
1242407
1242408
1242409
1242410
1242411
1242412
1242413
1242414
1242415
1242416
1242417
1242418
1242419
1242420
1242421
1242422
1242423
1242424
1242425
1242426
1242427
1242428
1242429
1242430
1242431
1242432
1242433
1242434
1242435
1242436
1242437
1242438
1242439
1242440
1242441
1242442
1242443
1242444
1242445
1242446
1242447
1242448
1242449
1242450
1242451
1242452
1242453
1242454
1242455
1242456
1242457
1242458
1242459
1242460
1242461
1242462
1242463
1242464
1242465
1242466
1242467
1242468
1242469
1242470
1242471
1242472
1242473
1242474
1242475
1242476
1242477
1242478
1242479
1242480
1242481
1242482
1242483
1242484
1242485
1242486
1242487
1242488
1242489
1242490
1242491
1242492
1242493
1242494
1242495
1242496
1242497
1242498
1242499
1242500
1242501
1242502
1242503
1242504
1242505
1242506
1242508
1242509
1242510
1242511
1242512
1242513
1242514
1242515
1242516
1242517
1242518
1242519
1242520
1242521
1242522
1242523
1242524
1242525
1242526
1242527
1242528
1242529
1242530
1242531
1242532
1242533
1242534
1242535
1242536
1242537
1242538
1242539
1242540
1242541
1242542
1242543
1242544
1242545
1242546
1242547
1242548
1242549
1242550
1242551
1242552
1242553
1242554
1242555
1242556
1242557
1242558
1242559
1242560
1242561
1242562
1242563
1242564
1242565
1242566
1242567
1242568
1242569
1242570
1242571
1242572
1242573
1242574
1242575
1242576
1242577
1242578
1242579
1242580
1242581
1242582
1242583
1242584
1242585
1242586
1242587
1242588
1242589
1242590
1242591
1242592
1242593
1242594
1242595
1242596
1242597
1242598
1242599
1242600
1242601
1242602
1242603
1242604
1242605
1242606
1242607
1242608
1242609
1242610
1242611
1242612
1242613
1242614
1242615
1242616
1242617
1242618
1242619
1242620
1242621
1242622
1242623
1242624
1242625
1242626
1242627
1242628
1242629
1242630
1242631
1242632
1242633
1242634
1242635
1242636
1242637
1242638
1242639
1242640
1242641
1242642
1242643
1242644
1242645
1242646
1242647
1242648
1242649
1242650
1242651
1242652
1242653
1242654
1242655
1242656
1242657
1242658
1242659
1242660
1242661
1242662
1242663
1242664
1242665
1242666
1242667
1242668
1242669
1242670
1242671
1242672
1242673
1242674
1242675
1242676
1242677
1242678
1242679
1242680
1242681
1242682
1242683
1242684
1242685
1242686
1242687
1242688
1242806
1242807
1242898
1242899
1242900
1242901
1242902
1242903
1242904
1242905
1242906
1242907
1242908
1242909
1242910
1242911
1242912
1242913
1242914
1242915
1242916
1242917
1242918
1242919
1242920
1242921
1242922
1242923
1242924
1242925
1242926
1242927
1242928
1242929
1242930
1242931
1242932
1242933
1242934
1242935
1242936
1242937
1242938
1242939
1242940
1242941
1242942
1242943
1242944
1242945
1242946
1242947
1243006
1243007
1243909
1243910
1243911
1243912
1243988
1244198
1244512
1244514
1244951
1244952
1244953
1244954
1244956
1244957
1245594
1245595
1245596
1245597
1245790
1245791
1245880
1245881
1245883
1245884
1245936
1245937
1245938
1245939
1245940
1245941
1245942
1245943
1245944
1245945
1245946
1245947
1245948
1245949
1245950
1245951
1245952
1245953
1245954
1245955
1245956
1245957
1245958
1245959
1245960
1245961
1245962
1245963
1245964
1245965
1245966
1245967
1245968
1245969
1245970
1245971
1245972
1245973
1245974
1245975
1245976
1245977
1245978
1245979
1245980
1245981
1245982
1245983
1245984
1245985
1245986
1245987
1245988
1245989
1245990
1245991
1245992
1245993
1245994
1245995
1245996
1245997
1245998
1245999
1246000
1246001
1246002
1246003
1246004
1246005
1246006
1246007
1246008
1246009
1246010
1246011
1246012
1246013
1246014
1246015
1246016
1246017
1246018
1246019
1246020
1246021
1246022
1246023
1246024
1246025
1246026
1246027
1246028
1246029
1246030
1246031
1246032
1246033
1246034
1246035
1246036
1246037
1246038
1246039
1246040
1246041
1246042
1246043
1246044
1246045
1246046
1246047
1246048
1246049
1246050
1246051
1246052
1246053
1246054
1246055
1246056
1246057
1246058
1246059
1246060
1246061
1246062
1246063
1246064
1246065
1246066
1246067
1246068
1246069
1246070
1246071
1246072
1246073
1246074
1246075
1246076
1246077
1246078
1246079
1246080
1246081
1246082
1246083
1246084
1246085
1246086
1246087
1246088
1246089
1246090
1246091
1246092
1246093
1246094
1246095
1246096
1246097
1246098
1246099
1246100
1246101
1246102
1246103
1246104
1246105
1246106
1246107
1246108
1246109
1246110
1246111
1246112
1246527
1246528
1246604
1246892
1246893
1246894
1246895
1246896
1246897
1246898
1246899
1246900
1246901
1246902
1246903
1246904
1246905
1246906
1246907
1246908
1246909
1246910
1246911
1246912
1246913
1246914
1246915
1246916
1246917
1246989
1247521
1247522
1247652
1247653
1247842
1247843
1247845
1247848
1247849
1247850
1248000
1248001
1249455
1249885
1250304
1250305
1250306
1250307
1250308
1250309
1250310
1250311
1250312
1250313
1250314
1250317
1250318
1250319
1250320
1250321
1250322
1250323
1250324
1250325
1250326
1250327
1250328
1250329
1250427
1250428
1250429
1250430
1250431
1250432
1250433
1250434
1250435
1250436
1250437
1250438
1250439
1250440
1250441
1250442
1250443
1250444
1250445
1250446
1250447
1250448
1250449
1250450
1250451
1250452
1250453
1250454
1250455
1250456
1250457
1250458
1250459
1250460
1250461
1250462
1250463
1250464
1250465
1250466
1250467
1250468
1250469
1250470
1250471
1250472
1250473
1250474
1250475
1250476
1250477
1250478
1250479
1250480
1250481
1250482
1250483
1250484
1250485
1250486
1250487
1250488
1250489
1250490
1250491
1250492
1250493
1250494
1250495
1250496
1250497
1250498
1250499
1250500
1250501
1250502
1250503
1250504
1250505
1250506
1250507
1250508
1250509
1250510
1250511
1250512
1250513
1250514
1250515
1250516
1250517
1250518
1255057
1255058
1256027
1256028
1256029
1256049
1256050
1256227
1256536
1256537
1256538
1256539
1256540
1256541
1256542
1256543
1256544
1256545
1256546
1256547
1256548
1256549
1256550
1256551
1256552
1256553
1256554
1256555
1256556
1256557
1256558
1256559
1256560
1256561
1256562
1256563
1256564
1256565
1256566
1256567
1256568
1256569
1256570
1256571
1256572
1256573
1256574
1256575
1256576
1256577
1256578
1256579
1256580
1256581
1256582
1256583
1256584
1256585
1256586
1256587
1256588
1256589
1256590
1256591
1256592
1256593
1257022
1257023
1257024
1260396
1260398
1260400
1260401
1260402
1260403
1260404
1260405
1260406
1260407
1260408
1260409
1260410
1260411
1260412
1260413
1260414
1260415
1260416
1260417
1260418
1260419
1260420
1260421
1260422
1260423
1260424
1260425
1260426
1260427
1260428
1260429
1260430
1260431
1260432
1260433
1260434
1260435
1260436
1260438
1260439
1260440
1260441
1260443
1260444
1260445
1260446
1260450
1260451
1260555
1260556
1260558
1260559
1260560
1260561
1260562
1260563
1260630
1260631
1260632
1260633
1260732
1260760
1260761
1260765
1260767
1260771
1260772
1260773
1260774
1260775
1260777
1260778
1260779
1260780
1260781
1262072
1262073
1262074
1262075
1262609
1262691
1262761
1262767
1262864
1262866
1262869
1262870
1262871
1262910
1262911
1262912
1262913
1262916
1262971
1262973
1263096
1263098
1263197
1263255
1263257
1263626
1263731
1263732
1263733
1263734
1263854
1263941
1263942
1263943
1263944
1263945
1263946
1263947
1263948
1263949
1263950
1263951
1263954
1263960
1263961
1263966
1263967
1263968
1263969
1263970
1263971
1263972
1263973
1263974
1263975
1263976
1263977
1264531
1264532
1264533
1264534
1264535
1264536
1264537
1264538
1264539
1264540
1264541
1264542
1264543
1264544
1264545
1264546
1264547
1264548
1264549
1264551
1264552
1264553
1264576
1264577
1266540
1266541
1266542
1266961
1266962
1266963
1266964
1266965
1266966
1266974
1266975
1266976
1266980
1267198
1267199
1267200
1267201
1267202
1267203
1267204
1267445
1267446
1267447
1267448
1267449
1267450
1267451
1267455
1267456
1267554
1267555
1267571
1267901
1268629
1268784
1268785
1268838
1268839
1268840
1268841
1268842
1268843
1268844
1268845
1268846
1268847
1268848
1268849
1268850
1268851
1268852
1268853
1268854
1268855
1268856
1268857
1268858
1268859
1268860
1268861
1268862
1268863
1268864
1268865
1268866
1268867
1268868
1268869
1268870
1268871
1268872
1268873
1268874
1268875
1268876
1268877
1268878
1268879
1268880
1268881
1269027
1269871
1269872
1269873
1269874
1269875
1269876
1269877
1269878
1269879
1269880
1269881
1269882
1269883
1269884
1269885
1269886
1269887
1269888
1269889
1269890
1269891
1269892
1269893
1269894
1269895
1269896
1269897
1269898
1269899
1269900
1269901
1269902
1269903
1269904
1269905
1269906
1269907
1269908
1269909
1269910
1269911
1269912
1269913
1269914
1269915
1269916
1269917
1269918
1269919
1269920
1269921
1269922
1269923
1269924
1269925
1269951
1269952
1270023
1270024
1273136
1274624
1274625
1274669
1274670
1274671
1274672
1274673
1274674
1274675
1274676
1274677
1274678
1274679
1274680
1274681
1274682
1274683
1274684
1274685
1274686
1274687
1274688
1274689
1274690
1274691
1274692
1274693
1274694
1274695
1274696
1274697
1274698
1274699
1274700
1274701
1274702
1274703
1274704
1274705
1274706
1274707
1274708
1274709
1274710
1274711
1274712
1274713
1274714
1274715
1274716
1274717
1274718
1274719
1274720
1274721
1274739
1274795
1274796
1274797
1274798
1275948
1275949
1275950
1275951
1275954
1275955
1275956
1275957
1275958
1275959
1275960
1275961
1275984
1275985
1275986
1275987
1275988
1275990
1275991
1275994
1275995
1276114
1276115
1276116
1276117
1276118
1276119
1276120
1276121
1276122
1276123
1276124
1276125
1276126
1276128
1276129
1276130
1276131
1276132
1276133
1276550
1276551
1276552
1276553
1276554
1276555
1276556
1276557
1276558
1276559
1276560
1276561
1276562
1276563
1276564
1276565
1276566
1276567
1276568
1276569
1276570
1276571
1276572
1276573
1276574
1276575
1276576
1276577
1276578
1276579
1276580
1276581
1276582
1276583
1276584
1277570
1277571
1277572
1277573
1277574
1277575
1277576
1277577
1277578
1277579
1277580
1277581
1277582
1277583
1277584
1277585
1277586
1278003
1278004
1278005
1278022
1278023
1278024
1278025
1278026
1278027
1278028
1278029
1278030
1278039
1278040
1278041
1278042
1278043
1278044
1278045
1278046
1278047
1278048
1278049
1278052
1278053
1278054
1278055
1278056
1278242
1278243
1279052
1279053
1279054
1279071
1279072
1280058
1280059
1280060
1280061
1280062
1280063
1280064
1280065
1282347
1282348
1282349
1282350
1282351
1283314
1283315
1284209
1284210
1284211
1284212
1284213
1284214
1284242
1284243
1284244
1284245
1284246
1284247
1284248
1284249
1284250
1284251
1284252
1284253
1284254
1284255
1284256
1284257
1284258
1284259
1284260
1284261
1284262
1284263
1284264
1284265
1284266
1284267
1284268
1284269
1284270
1284271
1284272
1284273
1284274
1284275
1284276
1284277
1284280
1284281
1284368
1284369
1284376
1284377
1284378
1284384
1284385
1284386
1284387
1284388
1284390
1284391
1284405
1284406
1284407
1284408
1284409
1284410
1284411
1284413
1284414
1284415
1284416
1284417
1284418
1284419
1284420
1284421
1284422
1284423
1284424
1284425
1284426
1284427
1284428
1284429
1284430
1284431
1284432
1284433
1284434
1284595
1284596
1284597
1284598
1284616
1284617
1284618
1284619
1285959
1285960
1286327
1286328
1288399
1288503
1288504
1289487
1289542
1290370
1290371
1290372
1290373
1290374
1290375
1290376
1290377
1290378
1290379
1290380
1290381
1290382
1290383
1290444
1290446
1290447
1290801
1290802
1290803
1290805
1290807
1290808
1290987
1290988
1290989
1290990
1290991
1290992
1290993
1290994
1291003
1291004
1291017
1291018
1291021
1291039
1291040
1291041
1291042
1291043
1291044
1291149
1291156
1291183
1291563
1291564
1291565
1291566
1291726
1291727
1292053
1292054
1292055
1292099
1292206
1292207
1292208
1292209
1292210
1292211
1292212
1292213
1292216
1292217
1292218
1292219
1292220
1292221
1292222
1292240
1292241
1293423
1293443
1293444
1293445
1293446
1293447
1293448
1293449
1293450
1293451
1293452
1293453
1293454
1293455
1293456
1293457
1293458
1293459
1293460
1293461
1293462
1293463
1293464
1293465
1293466
1293467
1293468
1293469
1293470
1293471
1293472
1293473
1293474
1293475
1293476
1293477
1293478
1293479
1293480
1293481
1293482
1293483
1293484
1293485
1293486
1293487
1293488
1293489
1293490
1293491
1293492
1293493
1293514
1293875
1293876
1293877
1293878
1293879
1293880
1293881
1293882
1293883
1293884
1293885
1293886
1293887
1294145
1294146
1294147
1294148
1294149
1294150
1294196
1294197
1294198
1294200
1294201
1294202
1294203
1294204
1294258
1294392
1294393
1294394
1294395
1294396
1294744
1294792
1295078
1295142
1295143
1295328
1295329
1295391
1295627
1297026
1297027
1297028
1297041
1297557
1297558
1297559
1297560
1297795
1297796
1297797
1297798
1297858
1297885
1298623
1298624
1298625
1298626
1298627
1298628
1298629
1298715
1298716
1298717
1298718
1298719
1298720
1298721
1298798
1298799
1298800
1298801
1298802
1298823
1298824
1298825
1298826
1298827
1298828
1298829
1298830
1298831
1298832
1298833
1298834
1298835
1298836
1298837
1298838
1298839
1298840
1298841
1298842
1298843
1298844
1298845
1298846
1298847
1298848
1298849
1298850
1298948
1298950
1298972
1300124
1300127
1300128
1300146
1300250
1300251
1301195
1301196
1301197
1301198
1301201
1301229
1301230
1301231
1301232
1301233
1301234
1301235
1301284
1301285
1301286
1301287
1301288
1301289
1301290
1301291
1301292
1301293
1301294
1301295
1301296
1301311
1302227
1302228
1302229
1302230
1302231
1302232
1302233
1302714
1302715
1303068
1303069
1303070
1303071
1303072
1303073
1303074
1303075
1303076
1303077
1303078
1303079
1303080
1303081
1303082
1303083
1303189
1303190
1303191
1303192
1303193
1303194
1303195
1303196
1303345
1303376
1304212
1304213
1304214
1304215
1304216
1304217
1304218
1304219
1304220
1304221
1304222
1304223
1304224
1304225
1304226
1304227
1304228
1304229
1304230
1304231
1304232
1304233
1304234
1304235
1304236
1304237
1304238
1304239
1304691
1304692
1304913
1304914
1305747
1305748
1305749
1305750
1305751
1305752
1305753
1305754
1305755
1305756
1305757
1305758
1305759
1305760
1305761
1305762
1305763
1306123
1306140
1306141
1306859
1306866
1306867
1307959
1307960
1307961
1307962
1307963
1307964
1307965
1307970
1307971
1307972
1307973
1307974
1307975
1307976
1308371
1308372
1308373
1308374
1308375
1308376
1308391
1308392
1308765
1308766
1308767
1308768
1308769
1308770
1308771
1308772
1308773
1308774
1308775
1308776
1308777
1308778
1308779
1308780
1308781
1308782
1308783
1308784
1308785
1308786
1308787
1308788
1308789
1308790
1308791
1308792
1308793
1308794
1308795
1308796
1308797
1308798
1308799
1308800
1308801
1308802
1308803
1308804
1308805
1308806
1308807
1308810
1308811
1308812
1308813
1308825
1308826
1308827
1308828
1308829
1308830
1308831
1308832
1308833
1308834
1308835
1308836
1308837
1309631
1309632
1309796
1309797
1309798
1309799
1309800
1309801
1309802
1309803
1309804
1309805
1309821
1309822
1309823
1309824
1309825
1309826
1309827
1309828
1309829
1309830
1309831
1309832
1309833
1309834
1309835
1309836
1309837
1309838
1309839
1309840
1309841
1309842
1309843
1309844
1309845
1309846
1309847
1309848
1309849
1309850
1309851
1309852
1309853
1309854
1309855
1309856
1309857
1309858
1309859
1309860
1309861
1309862
1309863
1309864
1309865
1309866
1309867
1309868
1309869
1309870
1309871
1309872
1309873
1309874
1309875
1309876
1309877
1309878
1309879
1309880
1309881
1309882
1309883
1309884
1309885
1309886
1309887
1309888
1309889
1309890
1309891
1309892
1309893
1309894
1309895
1309896
1309897
1309898
1309899
1309900
1309901
1309902
1309903
1309904
1309905
1309906
1309907
1309908
1309909
1309910
1309911
1309912
1309913
1309914
1309915
1309916
1309917
1309918
1309919
1309920
1309921
1309922
1309923
1309924
1309925
1309926
1309927
1309928
1309929
1309930
1309931
1309932
1309933
1309934
1309935
1309936
1309937
1309938
1309939
1309940
1309941
1309942
1309943
1309944
1309945
1309946
1309947
1309948
1309949
1309950
1309951
1309952
1309953
1309954
1309955
1309956
1309957
1309958
1309959
1309960
1309961
1309962
1309963
1309964
1309965
1309966
1309967
1309968
1309969
1309970
1309971
1309972
1309973
1309974
1309975
1309976
1309977
1309978
1309979
1309980
1309981
1309982
1309983
1309984
1309985
1309986
1309987
1309988
1309989
1309990
1309991
1309992
1309993
1309994
1309995
1309996
1309997
1309998
1309999
1310000
1310086
1310087
1311624
1311626
1313251
1313252
1313253
1313254
1313318
1313319
1315257
1315258
1315710
1319611
1319612
1319613
1319614
1319615
1319616
1319617
1319618
1319619
1319620
1319621
1319622
1319623
1319624
1319625
1319626
1319627
1319628
1319629
1319630
1319631
1319632
1319633
1319634
1319635
1319636
1319637
1319638
1319639
1319640
1319641
1319642
1319643
1319644
1319645
1319646
1319647
1319833
1321265
1321266
1322358
1324405
1324406
1324407
1324408
1324802
1325448
1325449
1325876
1325877
1325879
1325974
1326787
1327954
1328260
1328261
1328262
1328263
1329395
1329396
1329397
1329399
1329400
1329401
1329522
1329523
1329546
1329547
1329634
1329635
1329636
1329637
1329646
1329647
1329774
1329775
1330469
1330470
1330492
1330493
1330494
1330495
1330496
1330497
1330498
1330499
1330500
1330501
1330502
1330503
1330504
1330505
1330506
1330507
1330508
1330509
1330510
1330511
1330512
1330513
1330712
1330713
1330714
1330715
1330716
1330717
1330718
1330719
1330720
1330721
1330722
1330723
1330724
1330725
1330726
1330727
1330728
1330729
1330730
1330731
1330732
1330733
1330734
1330735
1330736
1330737
1330738
1330739
1330740
1330741
1330742
1330743
1330744
1330745
1330746
1330747
1330748
1330749
1330750
1330751
1330752
1330753
1330754
1330755
1330756
1330757
1330758
1330759
1330760
1330761
1330762
1330763
1330764
1330765
1330766
1330767
1330768
1330769
1330770
1330771
1330772
1330773
1330774
1330775
1330776
1330777
1330778
1330779
1330780
1330781
1330782
1330783
1330784
1330785
1330786
1330787
1330788
1330789
1330790
1330791
1330792
1330793
1330794
1330795
1330796
1330797
1330798
1330799
1330800
1330801
1330802
1330803
1330804
1330805
1330806
1330807
1330808
1330809
1330810
1330811
1330812
1330813
1330814
1330815
1330816
1330817
1330818
1330819
1330820
1330821
1330822
1330823
1330824
1330825
1330826
1330827
1330828
1330829
1330830
1330831
1330832
1330833
1330834
1330835
1330836
1330837
1330838
1330839
1330840
1330841
1330842
1330843
1330844
1330845
1330846
1330847
1330848
1330849
1330850
1330851
1330852
1330853
1330854
1330855
1330856
1330857
1330858
1330859
1330860
1330861
1330862
1330863
1330864
1330865
1330866
1330867
1330868
1330869
1330870
1330871
1330872
1330873
1330874
1330875
1330876
1330877
1330878
1330879
1330880
1330881
1330882
1330883
1330884
1330885
1330886
1330887
1330888
1330889
1330890
1330891
1330892
1330893
1330894
1330895
1330896
1330897
1330898
1330899
1330900
1330901
1330902
1330903
1330904
1330905
1330906
1330907
1330908
1330909
1330910
1330911
1330912
1330913
1330914
1330915
1330916
1330917
1330918
1330919
1330920
1330921
1330922
1330923
1330924
1330925
1330926
1330927
1330928
1330929
1330930
1330931
1330932
1330933
1330934
1330935
1330936
1330937
1330938
1330939
1330940
1330941
1330942
1330943
1330944
1330945
1330946
1330947
1330948
1330949
1330950
1330951
1330952
1330953
1330954
1330955
1330956
1330957
1330958
1330959
1330960
1330961
1330962
1330963
1330964
1330965
1330966
1330967
1330968
1330969
1330970
1330971
1330972
1330973
1330974
1330975
1330976
1330977
1330978
1330979
1330980
1330981
1330982
1330983
1330984
1330985
1331039
1331040
1331296
1331297
1331509
1331582
1331583
1331678
1331698
1331699
1331700
1331701
1331702
1331704
1331705
1331706
1331707
1331708
1331710
1331711
1331712
1331713
1331714
1331715
1331716
1331717
1331718
1331719
1331720
1331721
1331724
1331725
1331726
1331727
1331728
1331729
1331906
1331907
1331908
1331909
1331993
1331994
1332305
1332761
1332762
1332763
1333316
1333338
1333339
1333340
1333341
1333343
1333344
1333345
1333346
1333348
1333349
1333350
1333351
1333352
1333353
1333354
1333355
1333356
1333357
1333377
1333378
1333380
1333381
1333705
1333706
1333707
1333708
1333709
1333710
1333717
1333718
1333767
1333768
1333823
1333824
1334013
1334014
1334115
1334116
1334620
1334622
1334810
1334811
1334813
1335077
1335078
1335079
1335080
1335081
1335082
1335083
1335084
1335086
1335087
1335088
1335089
1335090
1335091
1335092
1335093
1335094
1335095
1335105
1335106
1335591
1335606
1335607
1335625
1335803
1335804
1335805
1335806
1335807
1335808
1335809
1335810
1335811
1335812
1335813
1335814
1335815
1335816
1335817
1335818
1335819
1335820
1335821
1335822
1335823
1335824
1335825
1335826
1335827
1335828
1335829
1335830
1335831
1335832
1335833
1335834
1335835
1335836
1335837
1335838
1335839
1335840
1335841
1335842
1335843
1335844
1335845
1335846
1335847
1335848
1335849
1335850
1335851
1335852
1335853
1335854
1335855
1335856
1335857
1335858
1335859
1335860
1335861
1335862
1335863
1335864
1335865
1335866
1335867
1335868
1335869
1335870
1335871
1335872
1335873
1335874
1335875
1335876
1335877
1335878
1335879
1335880
1335881
1335882
1335883
1335884
1335885
1335886
1335887
1335888
1335889
1335890
1335891
1335959
1335960
1336168
1336169
1336170
1336171
1336172
1336173
1336691
1336692
1336693
1336694
1336695
1336696
1336698
1336699
1336700
1336705
1336708
1336710
1337069
1337070
1337071
1337072
1337898
1338477
1339140
1339141
1339142
1339143
1339144
1339145
1339146
1339147
1339148
1339149
1339150
1339151
1339152
1339153
1339154
1339157
1339158
1339160
1339161
1339162
1339163
1339164
1339165
1339166
1339167
1339168
1339169
1339172
1339173
1339174
1339175
1339176
1339177
1339178
1339179
1339180
1339181
1339182
1339183
1339184
1339185
1339186
1339187
1339190
1339191
1339192
1339193
1339194
1339195
1339380
1339731
1339732
1339733
1339734
1339735
1339736
1339737
1339738
1339739
1339740
1339741
1339742
1339743
1339744
1339745
1339746
1339747
1339748
1339749
1339750
1339751
1339752
1339753
1339754
1339755
1339756
1339757
1339758
1339759
1339760
1339761
1339762
1339763
1339764
1339765
1339766
1339767
1339768
1339769
1339770
1339771
1339772
1339773
1339774
1339775
1339776
1339777
1339778
1339779
1339780
1339781
1339782
1339783
1339784
1339785
1339786
1339787
1339788
1339789
1339790
1339791
1339792
1339793
1339794
1339795
1339796
1339797
1339798
1339799
1339800
1339801
1339802
1339803
1339804
1339805
1339806
1339807
1339808
1339809
1339810
1339811
1339812
1339813
1339814
1339815
1339816
1339817
1339818
1339819
1339820
1339821
1339822
1339823
1339824
1339825
1339826
1339827
1339828
1339829
1339830
1339831
1339832
1339833
1339834
1339835
1339836
1339837
1339838
1339839
1339840
1339841
1339842
1339843
1339844
1339845
1339846
1339847
1339848
1339849
1339850
1339851
1339852
1339853
1339854
1339855
1339856
1339857
1339858
1339859
1339860
1339861
1339862
1339863
1339864
1339865
1339866
1339867
1339868
1339869
1339870
1339871
1339872
1339873
1339874
1339875
1339876
1339877
1339878
1339879
1339880
1339881
1339882
1339883
1339884
1339885
1339886
1339887
1339888
1339889
1339890
1339891
1339892
1339893
1339894
1339895
1339896
1339897
1339898
1339899
1339900
1339901
1339902
1339903
1339904
1339905
1339906
1339907
1339908
1339909
1339910
1339911
1339912
1339913
1339914
1339915
1339916
1339917
1339918
1339919
1339920
1339921
1339922
1339923
1339924
1339925
1339926
1339927
1339928
1339929
1339930
1339931
1339932
1339933
1339934
1339935
1339936
1339937
1339938
1339939
1339940
1339941
1339942
1339943
1339944
1339945
1339946
1339947
1339948
1339949
1339950
1339951
1339952
1339953
1339954
1340024
1340025
1340026
1340030
1340031
1340893
1340894
1341595
1341596
1341597
1341598
1341599
1341691
1341724
1341725
1341877
1342372
1342373
1342374
1342375
1342376
1342751
1342841
1342842
1343691
1343837
1343838
1343839
1343840
1343841
1343842
1343843
1343844
1343845
1343846
1343847
1343848
1343849
1343850
1344392
1344393
1344394
1344395
1344396
1344397
1344398
1344399
1344400
1344401
1344402
1344404
1344405
1344406
1344407
1344408
1344409
1344410
1344411
1344412
1344413
1344415
1344417
1344419
1344420
1344421
1344423
1344424
1344425
1344426
1344427
1344428
1344429
1344430
1344431
1344432
1344433
1344434
1344435
1344436
1344437
1344438
1344439
1344440
1344441
1344442
1344443
1344444
1344445
1344446
1344447
1344448
1344449
1344450
1344451
1344452
1344453
1344455
1344456
1344457
1344458
1344459
1344460
1344461
1344462
1344463
1344465
1346487
1346488
1346744
1348305
1348306
1348307
1348308
1348309
1348310
1348311
1348312
1348313
1348569
1348570
1348571
1348572
1348573
1348574
1348575
1348782
1348791
1348792
1348793
1348794
1348795
1348796
1348798
1348854
1348855
1348856
1348857
1348858
1348910
1349456
1349457
1349458
1349459
1349460
1349461
1349462
1349463
1349603
1349604
1350035
1350313
1350314
1350397
1350522
1350523
1350524
1350525
1350527
1350545
1350546
1352297
1352375
1352376
1352377
1352378
1352379
1352380
1352381
1352382
1352383
1352384
1352385
1352386
1352387
1352388
1352871
1352872
1352873
1352874
1352875
1352876
1352877
1352878
1352879
1352880
1352881
1352882
1352883
1352884
1352885
1352886
1352887
1352888
1352889
1352890
1352891
1352892
1352893
1352894
1352895
1352896
1352897
1352898
1352899
1352900
1352901
1353782
1353783
1353786
1353787
1353788
1353789
1353894
1354747
1354748
1354749
1354750
1355460
1355513
1356638
1356639
1356640
1356641
1356642
1356643
1356644
1356645
1356646
1356647
1356648
1356649
1356650
1356651
1356652
1356653
1356654
1356655
1356656
1356657
1356658
1356659
1356660
1356661
1356662
1356663
1356664
1356665
1356666
1356667
1356668
1356669
1356670
1356671
1356672
1356673
1356674
1356675
1356676
1356677
1356678
1356679
1356680
1356681
1356682
1356683
1356684
1356685
1356686
1356687
1356688
1356689
1356690
1356691
1356692
1356693
1356694
1356695
1356696
1356697
1356698
1356699
1356700
1356701
1356702
1356703
1356704
1356705
1356706
1356707
1356708
1356709
1356710
1356711
1356712
1356713
1356714
1356715
1356716
1356717
1356718
1356719
1356720
1356721
1356722
1356723
1356724
1356725
1356726
1356727
1356728
1356729
1356730
1356731
1356732
1356733
1356734
1356735
1356736
1356737
1356738
1356739
1356740
1356741
1356742
1356743
1356744
1356745
1356746
1356747
1356748
1356749
1356750
1356751
1356752
1356753
1356754
1356755
1356756
1356757
1356758
1356759
1356760
1356761
1356762
1356763
1356764
1356765
1356766
1356767
1356768
1356769
1356770
1356771
1356772
1356773
1356774
1356775
1356776
1356777
1356778
1356779
1356780
1356781
1356782
1356783
1356784
1356785
1356786
1356787
1356788
1356789
1356790
1356791
1356792
1356793
1356794
1356795
1356796
1356797
1356798
1356799
1356800
1356801
1356802
1356803
1356804
1356805
1356806
1356807
1356808
1356809
1356810
1356811
1356812
1356813
1356814
1356815
1356816
1356817
1356818
1356819
1356820
1356821
1356822
1356823
1356824
1356825
1356826
1356827
1356828
1356829
1356830
1356831
1356832
1356833
1356834
1356835
1356836
1356837
1356838
1356839
1356840
1356841
1356842
1356843
1356844
1356845
1356846
1356847
1356848
1356849
1356850
1357939
1357940
1358126
1365012
1365013
1365097
1365668
1365669
1365835
1365836
1365855
1365856
1365859
1366064
1366065
1366066
1366067
1366068
1366069
1366070
1366071
1366072
1366073
1366074
1366075
1366076
1366077
1366078
1366079
1366080
1366081
1366588
1366589
1366590
1366591
1366592
1366593
1366594
1366595
1366596
1366597
1366598
1366599
1366600
1366601
1366602
1366603
1366604
1366605
1366606
1366607
1366608
1366609
1366610
1366611
1366612
1366613
1366614
1366615
1366616
1367375
1367377
1367378
1367382
1367384
1367385
1367386
1367387
1367392
1367393
1367394
1367395
1367397
1367399
1367404
1367405
1367406
1367407
1367408
1367409
1367423
1367543
1367544
1367719
1367720
1367721
1367722
1367723
1367724
1367725
1367726
1367727
1367728
1367729
1367730
1367731
1367732
1367733
1367734
1367735
1367736
1367737
1367738
1367739
1367740
1367741
1367742
1367743
1367744
1367745
1367746
1367747
1367748
1367749
1367750
1367751
1367752
1367753
1367754
1367755
1367756
1367850
1367851
1368239
1368720
1368721
1368722
1368723
1368724
1368725
1368726
1368727
1368728
1368729
1368730
1368731
1368732
1368733
1368734
1368735
1368736
1368737
1368738
1368739
1368740
1368741
1368742
1368743
1368744
1368745
1368746
1368747
1368748
1368749
1368750
1368751
1368752
1368753
1368754
1368755
1368756
1368757
1368758
1368759
1368760
1368761
1368762
1368763
1368764
1368765
1368766
1368767
1368768
1368769
1368770
1368771
1368772
1368773
1368774
1368775
1368776
1368777
1368778
1368779
1368780
1368781
1368782
1368783
1368784
1368785
1368786
1368787
1368788
1368789
1368790
1368791
1368792
1368793
1368794
1368795
1368796
1368797
1368798
1368799
1368800
1368801
1368802
1368803
1368804
1368805
1368806
1368807
1368808
1368809
1368810
1368811
1368812
1368813
1368814
1368815
1368816
1378561
1378562
1378563
1378564
1378565
1378566
1378567
1378568
1378569
1378570
1378571
1378572
1378573
1378574
1378575
1378576
1378577
1378578
1378579
1378580
1378581
1378582
1378583
1378584
1378585
1378586
1378587
1378588
1378589
1378590
1378591
1378592
1378593
1378594
1378595
1378596
1378597
1378598
1378599
1378600
1378601
1378602
1378603
1378604
1378605
1378606
1378607
1378608
1378609
1378610
1378611
1378612
1378613
1378614
1378615
1378616
1378617
1378618
1378619
1378620
1378621
1378622
1378623
1378624
1378625
1378626
1378627
1378628
1378629
1378630
1378631
1378632
1378633
1378634
1378635
1378636
1378637
1378638
1378639
1378640
1378641
1378642
1378643
1378644
1378645
1378646
1378647
1378648
1378649
1378650
1378651
1378652
1378653
1378654
1378655
1378656
1378657
1378658
1378659
1378660
1378661
1378662
1378663
1378664
1378665
1378666
1378667
1378668
1378669
1378670
1378671
1378672
1378673
1378674
1378675
1378676
1378677
1378678
1378679
1378680
1378681
1378682
1378683
1378684
1378685
1378686
1378687
1378688
1378689
1378690
1378691
1378692
1378693
1378694
1378695
1378696
1378697
1378698
1378699
1378700
1378701
1378702
1378703
1378704
1378705
1378793
1378794
1378795
1378796
1378797
1378798
1378799
1378800
1378801
1378802
1378803
1378804
1378805
1378806
1378807
1378808
1378809
1378810
1378811
1378812
1378813
1378814
1378815
1378816
1378817
1378818
1378819
1378820
1378821
1378822
1378823
1378824
1378825
1378826
1378827
1378828
1378829
1378830
1378831
1378832
1378833
1378834
1378835
1378836
1378837
1378838
1378839
1378840
1378841
1378842
1378843
1378844
1378845
1378846
1378847
1378848
1378849
1378850
1378851
1378852
1378853
1378854
1378855
1378856
1378857
1378858
1378859
1378860
1378861
1378862
1378863
1378864
1378865
1378866
1378868
1378869
1378870
1378871
1378872
1378873
1378874
1378875
1378876
1378877
1378878
1378879
1378880
1378881
1378882
1378883
1378884
1378885
1378886
1378887
1378888
1378889
1378890
1378891
1378892
1378893
1378894
1378895
1378896
1378897
1378898
1378899
1378900
1378901
1378902
1378903
1378904
1378905
1378906
1378907
1378908
1378909
1378910
1378911
1378912
1378913
1378914
1378915
1378916
1378917
1378918
1378919
1378920
1378921
1378922
1378923
1378924
1378925
1378926
1378927
1378928
1378929
1378930
1378931
1378932
1378933
1378934
1378935
1378936
1378937
1378938
1378939
1378940
1378941
1378942
1378943
1378944
1378945
1378946
1378947
1378948
1378949
1378950
1378951
1378952
1378953
1378954
1378955
1378956
1378957
1378958
1378959
1378960
1379260
1379407
1379408
1379692
1379693
1379695
1379707
1379708
1379709
1379710
1379711
1379712
1379713
1379714
1379715
1379717
1379718
1379719
1379720
1379721
1379723
1379724
1379725
1379788
1380740
1380741
1380742
1380743
1380744
1380745
1380746
1380747
1380748
1380749
1380750
1380751
1380752
1380753
1380788
1380789
1380790
1380791
1380792
1380793
1380794
1380795
1380796
1380797
1380798
1380799
1380800
1380801
1380802
1380834
1380835
1380836
1380837
1380852
1381340
1381341
1381342
1381343
1381396
1381397
1381499
1381500
1381501
1381502
1381503
1381504
1381505
1381506
1381507
1381508
1381509
1381510
1381511
1381512
1381513
1381514
1381515
1381516
1381593
1381594
1381956
1381957
1381958
1381959
1381960
1382208
1382267
1382268
1382419
1382579
1382580
1382581
1382582
1382583
1382584
1382585
1382586
1382587
1382588
1382589
1382590
1382591
1382664
1382665
1382666
1382667
1382833
1382834
1383044
1383045
1383437
1383438
1383440
1383441
1385639
1385640
1385641
1385642
1385643
1385645
1385646
1385647
1385648
1385659
1385665
1385725
1385726
1385736
1385737
1385738
1385740
1385741
1385742
1385743
1385744
1385745
1385746
1385747
1385748
1385750
1385752
1385754
1385960
1385961
1385965
1385966
1385967
1385981
1386093
1386094
1386095
1386096
1386097
1386099
1386100
1386101
1386102
1386103
1386104
1386105
1386106
1386107
1386108
1386109
1386110
1386111
1386112
1386113
1386114
1386117
1386118
1386119
1386123
1386124
1386125
1386126
1386127
1386128
1386129
1386130
1386131
1386132
1386133
1386134
1386135
1386136
1386137
1386138
1386139
1386140
1386141
1386142
1386143
1386144
1386145
1386146
1386147
1386148
1386149
1386150
1386151
1386152
1386153
1386154
1386155
1386156
1386157
1386158
1386159
1386160
1386161
1386162
1386163
1386164
1386165
1386178
1386978
1386979
1386980
1386981
1386982
1386983
1386984
1386985
1386986
1386987
1386988
1386989
1386990
1386991
1386992
1386993
1386994
1387506
1387507
1387964
1387965
1387968
1387969
1387970
1387971
1387972
1387973
1387974
1387975
1388786
1388787
1388788
1388789
1388791
1389136
1389137
1389210
1389211
1389212
1389213
1389214
1389215
1389642
1389643
1389644
1389645
1389646
1389647
1389648
1389649
1389650
1389651
1389652
1389653
1389654
1389655
1389657
1389658
1389659
1389660
1389661
1389662
1389663
1389664
1389665
1389666
1389667
1389668
1389697
1389698
1389782
1391701
1391712
1391713
1391714
1391715
1391716
1392111
1392112
1392385
1392393
1392394
1392395
1392396
1392422
1392423
1392479
1393213
1393214
1393367
1393368
1393369
1393370
1393371
1393372
1393373
1393374
1393375
1393376
1393377
1393378
1393379
1393380
1393381
1393382
1393383
1393384
1393385
1393386
1393387
1393388
1393389
1393390
1393391
1393392
1393393
1393394
1393395
1393396
1393397
1393398
1393399
1393400
1393401
1393402
1393403
1393404
1393405
1393406
1393407
1393408
1393409
1393410
1393411
1393412
1393413
1393414
1393415
1393416
1393417
1393418
1393419
1393420
1393421
1393422
1393423
1393424
1393425
1393426
1393427
1393428
1393429
1393430
1393431
1393432
1393433
1393434
1393435
1393436
1393437
1393438
1393439
1393440
1393441
1393442
1393443
1393444
1393445
1393446
1393447
1393448
1393449
1393450
1393451
1393452
1393453
1393454
1393455
1393456
1393457
1393458
1393459
1393460
1393461
1393462
1393463
1393464
1393465
1393466
1393467
1393468
1393469
1393470
1393471
1393472
1393473
1393474
1393475
1393476
1393477
1393478
1393479
1393480
1393481
1393482
1393483
1393484
1393485
1393486
1393487
1393488
1393489
1393490
1393491
1393492
1393493
1393494
1393495
1393496
1393497
1393498
1393499
1393500
1393501
1393502
1393503
1393504
1393505
1393506
1393507
1393508
1393509
1393510
1393511
1393512
1393513
1393514
1393515
1393516
1393517
1393518
1393519
1393520
1393521
1393522
1393523
1393524
1393525
1393526
1393527
1393528
1393529
1393530
1393531
1393532
1393533
1393534
1393535
1393536
1393537
1393538
1393539
1393540
1393541
1393542
1393543
1393544
1393545
1393546
1393547
1393548
1393549
1393550
1393551
1393552
1393553
1393554
1393555
1393556
1393557
1393558
1393559
1393560
1393561
1393562
1393563
1393564
1393565
1393566
1393567
1393568
1393569
1393570
1393571
1393572
1393573
1393574
1393575
1393576
1393577
1393578
1393579
1393580
1393581
1393582
1393583
1393584
1393585
1393586
1393587
1393588
1393589
1393590
1393591
1393592
1393593
1393594
1393595
1393596
1393597
1393598
1393599
1393600
1393601
1393602
1393603
1393604
1393605
1393606
1393607
1393608
1393609
1393610
1393611
1393612
1393613
1393614
1393615
1393616
1393617
1393618
1393619
1393620
1393621
1393622
1393623
1393624
1393625
1393626
1393627
1393628
1393629
1393630
1393631
1393632
1393633
1393634
1393635
1393636
1393637
1393638
1393639
1393640
1393641
1393642
1393643
1393644
1393645
1393646
1393647
1393648
1393649
1393650
1393651
1393652
1393653
1393654
1393655
1393656
1393657
1393658
1393659
1393660
1393661
1393662
1393663
1393664
1393665
1393666
1393667
1393668
1393669
1393670
1393671
1393672
1393673
1393674
1393675
1393676
1393677
1393678
1394171
1394888
1395127
1395128
1395129
1395131
1395597
1395601
1395602
1395603
1398088
1398089
1398090
1398091
1398092
1398093
1398094
1399868
1399869
1399873
1399874
1399875
1399876
1399877
1399878
1399879
1399880
1399881
1399882
1399884
1399885
1399886
1399887
1399888
1399889
1399890
1399891
1399895
1399897
1399898
1399899
1399900
1400254
1400613
1401001
1401128
1401129
1401130
1401131
1401132
1401133
1401134
1401135
1401136
1401137
1401138
1401139
1401140
1401141
1401142
1401143
1401144
1401145
1401146
1401147
1401148
1401149
1401150
1401151
1401152
1401218
1401219
1401220
1401221
1401222
1401223
1401329
1401342
1401343
1401344
1401345
1401346
1401347
1401424
1401425
1401428
1401429
1401430
1401435
1401437
1401440
1401552
1401553
1401554
1401555
1401556
1401557
1401558
1401559
1401560
1401561
1401562
1401563
1401564
1401565
1401566
1401567
1401568
1401569
1401570
1401571
1401572
1401573
1401574
1401575
1401576
1401577
1401578
1401579
1401580
1401581
1401582
1401583
1401584
1401585
1401586
1401587
1401588
1401589
1401590
1401591
1401592
1401593
1401594
1401595
1401596
1401597
1401598
1401599
1401600
1401601
1401602
1401603
1401604
1401605
1401606
1401607
1401608
1401609
1401610
1401611
1401612
1401613
1401614
1401615
1401616
1401617
1401618
1401619
1401620
1401621
1401622
1401623
1401624
1401625
1401626
1401627
1401628
1401629
1401630
1401640
1401641
1401816
1401817
1401818
1401819
1401820
1401821
1401823
1401824
1401826
1401827
1401828
1401829
1401830
1401831
1401832
1401988
1401989
1401990
1401991
1402011
1402012
1402013
1402014
1402121
1402122
1402443
1402444
1402445
1402446
1402447
1402448
1402449
1402450
1402451
1402452
1402453
1402454
1402455
1402456
1402457
1402458
1402459
1402460
1402461
1402462
1402463
1402464
1402465
1402467
1402468
1402469
1402470
1403000
1403001
1403002
1403446
1403447
1403518
1403519
1403521
1403522
1403832
1403833
1405673
1405674
1405675
1406888
1406889
1406890
1406891
1406892
1406893
1406894
1406895
1406896
1406897
1406898
1406899
1406900
1406901
1407671
1410573
1410574
1410575
1410576
1410945
1410946
1410947
1410948
1411139
1411140
1411990
1412153
1412154
1412155
1412156
1412157
1412158
1412159
1412160
1412161
1412162
1412163
1412164
1412165
1412166
1412167
1412168
1412169
1412170
1412171
1412172
1412173
1412174
1412175
1412176
1412177
1412178
1412179
1412180
1412181
1412182
1412183
1412184
1412185
1412186
1412187
1412188
1412189
1412190
1412191
1412192
1412193
1412194
1412195
1412196
1412197
1412198
1412199
1412200
1412201
1412202
1412203
1412204
1412205
1412206
1412207
1412208
1412209
1412210
1412211
1412212
1412213
1412214
1412215
1412216
1412217
1412218
1412219
1412220
1412221
1412222
1412223
1412224
1412225
1412226
1412227
1412228
1412229
1412230
1412231
1412232
1412233
1412234
1412235
1412236
1412237
1412238
1412239
1412240
1412241
1412242
1412243
1412244
1412245
1412246
1412247
1412248
1412249
1412250
1412251
1412252
1412253
1412254
1412255
1412256
1412257
1412258
1412259
1412260
1412261
1412262
1412263
1412264
1412265
1412266
1412267
1412268
1412269
1412270
1412271
1412272
1412273
1412274
1412275
1412276
1412277
1412278
1412279
1412280
1412281
1412282
1412283
1412284
1412285
1412286
1412287
1412288
1412289
1412290
1412291
1412292
1412293
1412294
1412295
1412296
1412297
1412298
1412299
1412300
1412301
1412302
1412303
1412304
1412305
1412306
1412307
1412308
1412309
1412310
1412311
1412312
1412313
1412314
1412315
1412316
1412317
1412318
1412319
1412320
1412321
1412322
1412323
1412324
1412325
1412326
1412327
1412328
1412329
1412330
1412331
1412332
1412333
1412334
1412335
1412336
1412337
1412338
1412339
1412340
1412341
1412342
1412343
1412344
1412345
1412346
1412347
1412348
1412349
1412350
1412351
1412352
1412353
1412354
1412355
1412356
1412357
1412358
1412359
1412360
1412871
1412872
1412873
1412874
1413111
1413112
1413113
1413114
1413115
1413116
1413318
1413772
1414712
1414713
1414768
1414769
1414770
1415150
1415785
1415795
1415796
1415797
1416629
1416630
1416917
1416933
1416934
1416942
1416944
1416945
1416946
1416947
1416948
1416949
1417310
1417311
1417312
1417313
1417691
1417692
1417693
1417694
1417695
1417696
1417697
1417698
1417699
1417700
1417701
1417702
1417703
1417704
1417705
1417706
1417707
1417708
1417709
1417710
1417711
1417712
1417713
1417714
1417715
1417716
1417717
1417718
1417719
1417720
1417721
1417722
1417723
1417724
1417725
1417726
1417727
1417728
1417729
1417730
1417731
1417732
1417733
1417734
1417735
1417736
1417737
1417738
1417739
1417740
1417741
1417742
1417798
1417940
1417941
1417942
1417943
1417944
1417945
1417946
1417947
1417948
1417949
1417950
1417951
1417952
1417953
1417954
1417955
1417956
1417957
1418080
1418081
1418082
1418083
1418084
1418097
1418098
1419080
1419081
1419082
1419083
1419084
1419085
1419086
1419087
1419088
1419089
1419090
1419091
1419092
1419093
1419094
1419095
1419096
1419097
1419098
1419099
1419100
1419101
1419102
1419103
1419104
1419328
1420084
1420085
1420839
1420878
1420879
1421433
1421483
1421484
1421492
1421493
1421552
1421564
1421565
1421572
1421573
1421591
1421712
1421713
1421719
1421772
1423345
1423990
1423991
1423992
1423993
1423994
1423995
1423996
1423997
1423998
1423999
1424000
1424001
1424002
1424003
1424004
1424005
1424006
1424007
1424008
1424009
1424010
1424011
1424012
1424013
1424014
1424015
1424016
1424017
1424018
1424019
1424020
1424021
1424022
1424023
1424024
1424025
1424026
1424027
1424028
1424029
1424030
1424031
1424032
1424033
1424034
1424035
1424036
1424037
1424038
1424039
1424040
1424041
1424207
1424208
1424268
1424269
1424270
1424271
1424272
1424273
1424505
1424506
1424782
1424783
1424784
1424785
1424786
1424787
1424788
1424789
1424790
1424791
1424792
1424793
1424794
1424795
1424796
1424797
1424798
1424799
1424800
1424801
1424802
1424803
1424804
1424805
1424806
1424807
1424808
1424809
1424810
1424811
1424812
1424813
1424814
1424815
1424816
1424817
1424818
1424819
1424820
1424821
1424822
1424823
1424824
1424825
1424826
1424827
1424828
1424829
1424830
1424831
1424832
1424833
1424834
1424835
1424836
1424837
1424838
1424839
1424840
1424841
1424842
1424843
1424844
1424845
1424846
1424847
1424848
1424849
1424850
1424851
1424852
1424853
1424854
1424855
1424856
1424857
1424858
1424859
1424860
1424861
1424862
1424863
1424864
1424865
1424866
1424867
1424868
1424869
1424870
1424871
1424872
1424873
1424874
1424875
1424876
1424877
1424878
1424879
1424880
1424881
1424882
1424883
1424884
1424885
1424886
1424887
1424888
1424889
1424890
1424891
1424892
1424893
1424894
1424895
1424896
1424897
1424898
1424899
1424900
1424901
1424902
1424903
1424904
1424905
1424906
1424907
1424908
1424909
1424910
1424911
1424912
1424913
1424914
1424915
1424916
1424917
1424918
1424919
1424920
1424921
1424922
1424923
1424924
1424925
1424926
1424927
1424928
1424929
1424930
1424931
1424932
1424933
1424934
1424935
1424936
1424937
1424938
1424939
1424940
1424941
1424942
1424943
1424944
1424945
1424946
1424947
1424948
1424949
1424950
1424951
1424952
1424953
1424954
1424955
1424956
1424957
1424958
1424959
1424960
1424961
1424962
1424963
1424964
1424965
1424966
1424967
1424968
1424969
1424970
1424971
1424972
1424973
1424974
1424975
1424976
1424977
1424978
1424979
1424980
1424981
1424982
1424983
1424984
1424985
1424986
1424987
1424988
1424989
1424990
1424991
1424992
1424993
1424994
1424995
1424996
1424997
1424998
1424999
1425000
1425001
1425002
1425003
1425004
1425005
1425006
1425007
1425008
1425009
1425010
1425011
1425012
1425013
1425014
1425015
1425016
1425017
1425018
1425019
1425020
1425021
1425022
1425023
1425024
1425025
1425026
1425027
1425028
1425029
1425030
1425031
1425032
1425033
1425034
1425035
1425036
1425037
1425038
1425039
1425040
1425041
1425042
1425043
1425044
1425045
1425046
1425047
1425048
1425049
1425050
1425051
1425052
1425053
1425054
1425055
1425056
1425057
1425058
1425059
1425060
1425061
1425062
1425063
1425064
1425065
1425066
1425067
1425068
1425069
1425070
1425071
1425072
1425073
1425074
1425075
1425076
1425077
1425078
1425079
1425080
1425081
1425082
1425083
1425084
1425085
1425086
1425087
1425088
1425089
1425090
1425091
1425092
1425093
1425094
1425095
1425096
1425097
1425098
1425099
1425100
1425101
1425102
1425103
1425104
1425105
1425106
1425107
1425108
1425109
1425110
1425111
1425112
1425113
1425114
1425115
1425116
1425117
1425118
1425119
1425120
1425121
1425122
1425123
1425124
1425125
1425126
1425127
1425128
1425129
1425130
1425131
1425132
1425133
1425134
1425135
1425136
1425137
1425138
1425139
1425140
1425141
1425142
1425143
1425144
1425145
1425146
1425147
1425148
1425149
1425150
1425151
1425152
1425153
1425154
1425155
1425156
1425157
1425158
1425159
1425160
1425161
1425162
1425163
1425164
1425165
1425166
1425167
1425168
1425169
1425374
1425856
1425875
1425876
1426737
1426738
1426739
1426740
1426741
1426742
1426743
1426744
1426760
1426761
1426762
1426763
1426764
1426765
1426766
1426767
1426768
1427533
1427534
1427740
1428333
1428334
1428335
1428336
1428337
1428338
1428339
1428340
1429592
1431342
1431343
1431550
1432426
1432427
1433136
1433137
1433138
1433139
1433140
1433142
1433143
1434373
1434374
1434375
1434376
1434377
1434378
1434379
1434380
1434381
1434382
1434383
1434384
1434385
1434386
1434387
1434388
1434389
1434390
1434391
1434392
1434393
1434394
1434395
1434396
1434397
1434681
1434682
1434683
1434684
1434687
1434688
1434689
1434690
1434691
1434692
1434693
1434694
1434695
1434696
1434697
1434698
1434733
1434734
1434774
1434775
1436149
1436150
1436151
1436152
1436153
1436154
1436155
1436156
1436157
1436158
1436159
1436160
1436161
1436162
1436163
1436164
1436165
1436166
1436167
1436168
1436169
1436170
1436171
1436172
1436173
1436733
1437267
1437268
1437269
1437270
1437271
1437272
1437273
1437274
1437275
1437276
1437277
1437278
1437279
1437281
1437282
1437283
1437284
1437285
1437286
1437287
1437288
1437289
1437290
1437291
1437292
1437293
1437294
1437295
1437296
1437297
1437298
1437299
1437300
1437301
1437302
1437303
1437304
1437305
1437306
1437472
1437819
1437820
1437821
1437822
1439756
1439866
1439867
1439868
1440065
1440066
1440470
1440779
1440780
1440781
1440782
1441063
1441064
1441065
1441066
1441287
1441288
1441782
1441783
1441784
1441785
1441786
1441884
1441885
1441886
1441887
1441888
1441889
1441890
1441891
1441892
1441893
1441894
1441895
1441896
1441897
1441898
1441899
1441900
1441901
1441902
1441903
1441904
1441905
1441906
1441907
1441908
1441909
1441910
1441911
1441912
1441913
1441914
1441915
1441916
1441917
1441918
1441919
1441920
1441921
1443970
1444018
1444019
1444020
1444021
1444022
1444023
1444024
1444025
1444342
1444344
1444345
1444346
1444979
1445028
1446055
1446769
1446770
1446771
1446772
1446773
1446774
1446775
1446776
1446777
1446778
1446779
1446780
1446781
1447086
1447087
1447233
1447234
1447235
1447236
1447237
1447238
1447239
1447240
1447241
1447242
1447243
1447244
1447245
1447246
1447247
1447248
1447249
1447250
1447251
1447863
1448057
1448058
1448270
1448355
1448931
1448932
1448935
1448936
1448985
1448986
1448987
1448988
1448989
1448990
1448991
1449794
1449795
1449796
1449797
1449896
1449897
1450698
1452364
1452365
1452366
1452368
1452556
1452557
1453592
1453593
1453800
1453801
1454154
1454155
1454156
1454157
1454158
1454159
1454160
1454161
1454162
1454163
1454164
1454165
1454166
1454167
1454168
1455617
1455618
1455636
1455666
1455717
1455718
1455719
1455720
1455721
1455722
1455878
1455879
1455880
1455881
1455882
1455883
1455884
1455885
1455886
1455887
1455888
1455889
1455890
1455891
1455892
1455893
1455894
1455895
1455896
1455897
1455898
1455899
1455900
1455901
1455902
1455903
1455904
1455905
1455906
1455907
1455908
1455909
1455910
1455911
1455912
1455913
1455914
1455915
1455916
1455917
1455918
1455919
1455920
1455921
1455922
1455923
1455924
1455925
1455926
1455927
1455928
1455929
1455930
1455931
1455932
1455933
1455934
1455935
1455936
1455937
1455938
1455939
1455940
1455941
1455942
1455943
1455944
1455945
1455946
1455947
1455948
1455949
1455950
1455951
1455952
1455953
1455954
1455955
1455956
1455957
1455958
1455959
1455960
1455961
1455962
1455963
1455964
1455965
1455966
1455967
1455968
1455969
1455970
1455971
1455972
1455973
1455974
1455975
1455976
1455977
1455978
1455979
1455980
1455981
1455982
1455983
1455984
1455985
1455986
1455987
1455988
1455989
1455990
1455991
1455992
1455993
1455994
1455995
1455996
1455997
1455998
1455999
1456000
1456001
1456002
1456003
1456004
1456005
1456006
1456007
1456008
1456009
1456010
1456011
1456012
1456013
1456014
1456015
1456016
1456017
1456018
1456019
1456020
1456021
1456022
1456023
1456024
1456025
1456026
1456027
1456028
1456029
1456030
1456031
1456032
1456033
1456034
1456035
1456036
1456037
1456038
1456039
1456040
1456041
1456042
1456043
1456044
1456045
1456046
1456047
1456048
1456049
1456050
1456051
1456052
1456053
1456054
1456055
1456056
1456057
1456058
1456059
1456060
1456061
1456062
1456063
1456064
1456065
1456066
1456067
1456068
1456069
1456070
1456071
1456072
1456073
1456074
1456075
1456076
1456077
1456078
1456079
1456080
1456081
1456082
1456083
1456084
1456085
1456086
1456087
1456088
1456089
1456090
1456091
1456092
1456093
1456094
1456095
1456096
1456097
1456098
1456099
1456100
1456101
1456102
1456103
1456104
1456105
1456106
1456107
1456108
1456109
1456110
1456111
1456112
1456113
1456114
1456115
1456116
1456117
1456118
1456119
1456120
1456121
1456122
1456123
1456124
1456125
1456126
1456127
1456128
1456129
1456130
1456131
1456132
1456133
1456134
1456135
1456136
1456137
1456138
1456139
1456140
1456141
1456142
1456143
1456144
1456145
1456146
1456147
1456148
1456149
1456150
1456151
1456152
1456153
1456154
1456155
1456156
1456157
1456158
1456159
1456160
1456161
1456162
1456163
1456164
1456165
1456166
1456167
1456168
1456169
1456170
1456171
1456172
1456173
1456174
1456175
1456176
1456177
1456178
1456179
1456180
1456181
1456182
1456183
1456184
1456185
1456186
1456187
1456188
1456189
1456190
1456191
1456192
1456193
1456194
1456195
1456196
1456197
1456198
1456199
1456200
1456201
1456202
1456203
1456204
1456205
1456206
1456207
1456208
1456209
1456210
1456211
1456212
1456213
1456214
1456215
1456216
1456217
1456218
1456219
1456220
1456221
1456222
1456223
1456224
1456225
1456226
1456227
1456228
1456229
1456230
1456231
1456232
1456233
1456234
1456235
1456236
1456237
1456238
1456239
1456240
1456241
1456242
1456243
1456244
1456245
1456246
1456247
1456248
1456249
1456250
1456251
1456252
1456253
1456254
1456255
1456256
1456257
1456258
1456259
1456260
1456261
1456262
1456263
1456264
1456265
1456266
1456267
1456268
1456269
1456270
1456271
1456272
1456273
1456274
1456275
1456276
1456277
1456278
1456279
1456280
1456281
1456282
1456283
1456284
1456285
1456286
1456287
1456288
1456289
1456290
1456291
1456292
1456293
1456294
1456295
1456296
1456297
1456298
1456299
1456300
1456301
1456302
1456303
1456304
1456305
1456306
1456307
1456308
1456309
1456310
1456311
1456312
1456313
1456314
1456315
1456316
1456317
1456318
1456319
1456320
1456321
1456322
1456323
1456324
1456325
1456326
1456327
1456328
1456329
1456330
1456331
1456332
1456333
1456334
1456335
1456336
1456337
1456338
1456339
1456340
1456341
1456342
1456343
1456344
1456345
1456346
1456347
1456348
1456349
1456350
1456351
1456352
1456353
1456354
1456355
1456356
1456357
1456358
1456359
1456360
1456361
1456362
1456363
1456364
1456365
1456366
1456367
1456368
1456369
1456370
1456371
1456372
1456373
1456374
1456375
1456376
1456377
1456378
1456379
1456380
1456381
1456382
1456383
1456384
1456385
1456386
1456387
1456388
1456389
1456390
1456391
1456392
1456393
1456394
1456395
1456396
1456397
1456398
1456399
1456400
1456401
1456402
1456403
1456404
1456405
1456406
1456407
1456408
1456409
1456410
1456411
1456412
1456413
1456414
1456415
1456416
1456417
1456418
1456419
1456420
1456421
1456422
1456423
1456424
1456425
1456426
1456427
1456428
1456429
1456430
1456431
1456432
1456433
1456434
1456435
1456436
1456437
1456438
1456439
1456440
1456441
1456442
1456443
1456444
1456445
1456446
1456447
1456448
1456449
1456450
1456451
1456452
1456453
1456454
1456455
1456456
1456457
1456458
1456459
1456460
1456461
1456462
1456463
1456464
1456465
1456466
1456467
1456468
1456469
1456470
1456471
1456472
1456473
1456474
1456475
1456476
1456477
1456478
1456479
1456480
1456481
1456482
1456483
1456484
1456485
1456486
1456487
1456488
1456489
1456490
1456491
1456492
1456493
1456494
1456495
1456496
1456497
1456498
1456499
1456500
1456501
1456502
1456503
1456504
1456505
1456506
1456507
1456508
1456509
1456510
1456511
1456512
1456513
1456514
1456515
1456516
1456517
1456518
1456519
1456520
1456521
1456522
1456523
1456524
1456525
1456526
1456527
1456528
1456529
1456530
1456531
1456532
1456533
1456534
1456535
1456536
1456537
1456538
1456539
1456540
1456541
1456542
1456543
1456544
1456545
1456546
1456547
1456548
1456549
1456550
1456551
1456552
1456553
1456554
1456555
1456556
1456557
1456558
1456559
1456560
1456561
1456562
1456563
1456564
1456565
1456566
1456567
1456568
1456569
1456570
1456571
1456572
1456573
1456574
1456575
1456576
1456577
1456578
1456579
1456580
1456581
1456582
1456583
1456584
1456585
1456586
1456587
1456588
1456589
1456590
1456944
1456945
1456947
1456948
1456949
1456950
1456951
1456952
1456953
1456954
1456955
1456956
1456957
1456958
1456982
1456983
1456984
1456985
1457235
1457366
1457367
1457368
1457369
1457370
1457371
1457372
1457373
1457374
1457375
1457376
1457377
1457378
1457379
1457380
1457381
1457382
1457383
1457384
1457506
1457507
1457551
1457698
1457699
1457700
1457701
1457702
1457703
1457704
1457705
1457706
1457707
1457708
1457709
1457710
1457711
1457712
1457713
1457714
1457715
1457716
1457717
1457718
1457719
1457720
1457721
1457722
1457723
1457724
1457725
1457726
1457727
1457728
1457729
1457730
1457731
1457732
1457733
1457734
1457735
1457736
1457737
1457738
1457739
1457740
1457741
1457742
1457743
1457744
1457745
1457746
1457747
1457748
1457749
1457750
1457751
1457752
1457753
1457754
1457755
1457756
1457757
1457758
1457759
1457760
1457761
1457762
1457763
1457764
1457765
1457766
1457767
1457768
1457769
1457770
1457771
1457772
1457773
1457774
1457775
1457776
1457777
1457778
1457779
1457780
1457781
1457782
1457783
1457784
1457785
1457786
1457787
1457788
1457789
1457790
1457791
1457792
1457793
1457794
1457795
1457796
1457797
1457798
1457799
1457800
1457801
1457802
1457803
1457804
1457805
1457806
1457807
1457808
1457809
1457810
1457811
1457812
1457813
1457814
1457815
1457816
1457817
1457818
1457819
1457820
1457821
1457822
1457823
1457824
1457825
1457826
1457827
1457828
1457829
1457830
1457831
1457832
1457833
1457834
1457835
1457836
1457837
1457838
1457839
1457840
1457841
1457842
1457843
1457844
1457845
1457846
1457847
1457848
1457849
1457850
1457851
1457852
1457853
1457854
1457855
1457856
1457857
1457858
1457859
1457860
1457861
1457862
1457863
1457864
1457865
1457866
1457867
1457868
1457869
1457870
1457871
1457872
1457873
1457874
1457875
1457876
1457877
1457878
1457879
1457880
1457881
1457882
1457883
1457884
1457885
1457886
1457887
1457888
1457889
1457890
1457891
1457892
1457893
1457894
1457895
1457896
1457897
1457898
1457899
1457900
1457901
1457902
1457903
1457904
1457905
1457906
1457907
1457908
1457909
1457910
1457911
1457912
1457913
1457914
1457915
1457916
1457917
1457918
1457919
1457920
1457921
1457922
1457923
1457924
1457925
1457926
1457927
1457928
1457929
1457930
1457931
1457932
1457933
1457934
1457935
1457936
1457937
1457938
1457939
1457940
1457941
1457942
1457943
1457944
1457945
1457946
1457947
1457948
1457949
1457950
1457951
1457952
1457953
1457954
1457955
1457956
1457957
1457958
1457959
1457960
1457961
1457962
1457963
1457964
1457965
1457966
1457967
1457968
1457969
1457970
1457971
1457972
1457973
1457974
1457975
1457976
1457977
1457978
1457979
1457980
1457981
1459807
1460080
1460081
1460360
1460379
1460514
1461238
1461239
1461240
1462202
1462420
1462426
1462470
1462471
1462472
1463167
1463168
1463169
1463170
1463171
1463172
1463173
1463360
1464147
1464149
1465624
1465625
1465626
1465627
1465628
1465629
1465630
1465631
1465632
1465633
1465705
1465706
1465707
1465708
1465709
1465710
1465711
1465712
1465713
1465714
1465715
1465716
1465717
1469316
1469317
1469368
1469369
1469370
1469371
1469405
1469406
1469407
1469408
1469409
1469410
1469411
1469412
1469413
1469414
1469415
1469416
1469417
1469419
1469420
1469421
1469422
1469423
1469424
1470310
1470627
1470628
1470629
1471050
1471051
1471052
1471053
1471054
1471055
1471056
1471057
1471058
1471059
1471060
1471061
1471062
1471063
1471064
1471297
1471298
1471651
1471652
1471653
1471654
1471655
1471656
1471901
1471902
1471903
1471904
1471905
1471906
1471907
1471908
1471909
1471910
1471911
1471912
1471913
1471914
1471915
1471916
1471917
1471918
1471919
1471920
1471921
1471922
1471923
1471924
1471925
1471926
1471927
1471928
1471929
1471930
1471931
1471932
1471933
1471934
1471935
1471936
1471937
1471938
1471939
1471940
1471941
1471942
1471943
1471944
1471945
1471946
1471947
1471948
1471949
1471950
1471951
1471952
1471953
1471954
1471955
1471956
1471957
1471958
1471959
1471960
1471961
1471962
1471963
1471964
1471965
1471966
1471967
1471968
1471969
1471970
1471971
1471972
1471973
1471974
1471975
1471976
1471977
1471978
1471979
1471980
1471981
1471982
1471983
1471984
1471985
1471986
1471987
1471988
1471989
1471990
1471991
1471992
1472210
1472211
1472419
1472420
1472421
1472696
1472697
1472731
1472732
1472940
1474863
1474972
1474973
1474974
1474975
1474976
1474977
1474978
1474979
1474980
1474981
1474982
1475341
1475342
1475343
1475344
1475345
1475346
1475347
1475348
1475349
1475350
1475351
1475352
1475353
1475354
1475355
1475356
1475357
1475358
1475359
1475360
1475361
1475362
1475363
1475365
1476389
1476392
1476393
1476397
1476398
1476399
1476400
1476401
1476402
1476403
1476404
1476715
1476749
1476750
1476890
1476891
1476892
1476893
1476894
1476895
1476896
1476897
1476898
1476899
1476900
1477004
1477005
1477400
1477504
1477854
1477855
1477856
1477857
1477858
1477859
1477860
1477861
1477862
1477863
1477864
1477865
1477866
1477867
1477868
1477869
1477870
1477871
1477872
1477873
1477874
1477875
1477876
1477877
1477878
1477879
1477880
1477881
1477882
1477883
1477884
1477885
1477886
1477887
1477888
1477891
1477892
1477893
1477894
1477895
1478040
1478041
1478042
1478043
1478044
1478045
1478046
1478047
1478049
1478050
1478051
1478052
1478053
1478054
1478055
1478056
1478057
1478058
1478059
1478060
1478061
1478062
1478063
1478064
1478065
1478066
1478067
1478068
1478069
1478070
1478071
1478072
1478073
1478074
1478075
1478285
1478972
1478973
1479038
1479070
1479071
1479083
1479084
1479085
1479086
1479240
1479241
1479242
1479243
1479244
1479245
1479246
1479247
1479248
1480114
1480115
1480116
1480117
1480183
1480290
1480431
1480564
1480565
1481096
1481464
1481712
1481713
1481714
1481715
1481716
1481717
1482072
1482073
1483678
1483679
1483680
1483682
1483683
1483684
1483953
1483963
1483964
1484052
1484103
1484104
1484171
1484172
1484173
1484174
1484175
1484176
1484177
1484178
1484179
1484180
1484181
1484182
1484183
1484184
1484185
1484277
1484278
1484690
1484691
1485689
1485690
1485691
1485692
1485693
1485694
1485695
1485696
1485697
1485698
1485699
1485700
1485701
1485702
1485703
1485704
1485705
1485706
1485707
1485708
1485709
1485710
1485711
1485712
1485713
1485714
1485715
1485716
1485717
1485718
1485719
1485720
1485721
1485722
1485723
1485724
1485725
1485726
1485727
1485728
1485729
1486446
1486447
1486450
1486467
1486468
1486722
1486723
1487175
1487176
1487177
1487178
1487179
1487603
1487604
1487605
1487606
1487607
1487608
1487609
1487610
1487611
1487612
1487613
1487614
1487615
1487616
1487617
1487618
1487619
1487620
1487621
1487622
1487623
1487624
1487625
1487626
1487627
1487628
1487629
1487630
1487631
1487632
1487633
1487634
1487635
1487636
1487637
1487638
1487639
1487640
1487641
1487642
1487643
1487644
1487645
1487646
1487647
1487648
1487649
1487650
1487651
1487652
1487653
1487654
1487655
1487656
1487657
1487658
1487659
1487660
1487661
1487662
1487663
1487664
1487665
1487666
1487667
1487668
1487669
1487670
1487671
1487672
1487673
1487674
1487675
1487676
1487677
1487678
1487679
1487680
1487681
1487682
1487683
1487684
1487685
1487686
1487687
1487688
1487689
1487690
1487691
1487692
1487693
1487694
1487695
1487696
1487697
1487698
1487699
1487818
1487819
1487820
1487844
1487845
1488261
1488262
1488263
1488264
1488265
1488266
1488267
1488268
1488269
1488270
1488271
1488272
1488273
1488274
1488275
1488276
1488526
1489281
1489282
1489283
1489284
1489285
1489286
1489287
1489288
1489289
1489290
1489291
1489292
1489293
1489294
1489295
1489296
1489297
1489298
1489299
1489300
1489301
1489302
1489303
1489304
1489305
1489306
1489307
1489308
1489309
1489692
1489693
1489694
1489695
1489696
1489697
1489698
1489699
1489700
1489701
1489702
1489703
1489704
1489705
1489706
1489707
1489708
1489709
1489710
1489711
1489712
1489713
1489715
1489716
1489717
1489718
1489719
1489720
1489721
1489722
1489723
1489725
1489726
1489727
1489728
1489730
1489732
1489970
1489971
1489972
1489973
1489974
1489975
1489976
1489977
1489978
1489979
1489980
1489981
1489982
1489983
1489984
1489985
1489986
1489987
1489988
1489989
1489990
1489991
1489992
1489993
1489994
1489995
1489996
1489997
1489998
1489999
1490000
1490001
1490002
1490003
1490004
1490005
1490006
1490007
1490008
1490009
1490010
1490011
1490012
1490013
1490015
1490087
1490088
1490089
1490265
1490266
1490267
1490268
1490453
1490454
1490863
1490864
1490865
1490866
1492712
1492713
1492948
1492949
1492950
1492951
1492952
1492953
1492954
1492955
1492956
1492957
1492958
1492959
1492960
1492961
1492962
1492963
1492964
1492965
1492966
1492967
1492968
1492969
1492970
1492971
1492972
1492973
1492974
1492975
1492976
1492977
1492978
1492979
1492980
1492981
1492982
1492983
1492984
1492985
1492986
1492987
1492988
1492989
1492990
1492991
1492992
1492993
1492994
1492995
1492996
1492997
1492998
1492999
1493000
1493001
1493002
1493003
1493004
1493005
1493006
1493007
1493008
1493009
1493010
1493011
1493012
1493013
1493014
1493015
1493016
1493017
1493018
1493019
1493020
1493021
1493022
1493023
1493024
1493025
1493026
1493027
1493028
1493029
1493030
1493031
1493032
1493033
1493034
1493035
1493036
1493037
1493038
1493039
1493040
1493041
1493042
1493043
1493044
1493045
1493046
1493047
1493048
1493049
1493050
1493051
1493052
1493053
1493054
1493055
1493056
1493057
1493058
1493059
1493060
1493061
1493062
1493063
1493064
1493065
1493066
1493067
1493068
1493069
1493070
1493071
1493072
1493073
1493074
1493075
1493076
1493077
1493078
1493079
1493080
1493081
1493082
1493083
1493084
1493085
1493086
1493087
1493088
1493089
1493090
1493091
1493092
1493093
1493094
1493095
1493096
1493097
1493098
1493099
1493100
1493101
1493102
1493103
1493104
1493105
1493106
1493107
1493108
1493109
1493110
1493111
1493112
1493113
1493114
1493115
1493116
1493117
1493118
1493119
1493120
1493121
1493122
1493123
1493124
1493125
1493126
1493127
1493128
1493129
1493130
1493131
1493132
1493133
1493134
1493135
1493136
1493137
1493138
1493139
1493140
1493141
1493142
1493143
1493144
1493145
1493146
1493147
1493148
1493149
1493150
1493151
1493152
1493153
1493154
1493155
1493156
1493157
1493158
1493159
1493160
1493161
1493162
1493163
1493164
1493165
1493166
1493167
1493168
1493169
1493170
1493171
1493172
1493173
1493174
1493175
1493176
1493177
1493178
1493179
1493180
1493181
1493182
1493183
1493184
1493185
1493186
1493187
1493188
1493189
1493190
1493191
1493192
1493193
1493194
1493195
1493196
1493197
1493198
1493199
1493200
1493201
1493202
1493203
1493204
1493205
1493206
1493207
1493208
1493209
1493210
1493211
1493212
1493213
1493214
1493215
1493216
1493217
1493218
1493219
1493220
1493221
1493222
1493223
1493224
1493225
1493226
1493227
1493228
1493229
1493230
1493231
1493232
1493233
1493234
1493235
1493236
1493237
1493238
1493239
1493240
1493241
1493242
1493243
1493244
1493245
1493246
1493247
1493248
1493249
1493250
1493251
1493252
1493253
1493254
1493255
1493256
1493257
1493258
1493259
1493260
1493261
1493262
1493263
1493264
1493265
1493266
1493267
1493268
1493269
1493270
1493271
1493272
1493273
1493274
1493275
1493276
1493277
1493278
1493279
1493280
1493281
1493282
1493283
1493284
1493285
1493286
1493287
1493288
1493289
1493290
1493291
1493292
1493293
1493294
1493295
1493296
1493297
1493298
1493299
1493300
1493301
1493302
1493303
1493304
1493305
1493306
1493307
1493308
1493309
1493310
1493311
1493312
1493313
1493314
1493315
1493316
1493317
1493318
1493319
1493320
1493321
1493322
1493323
1493324
1493325
1493326
1493327
1493328
1493329
1493330
1493331
1493332
1493333
1493334
1493335
1493336
1493337
1493338
1493339
1493340
1493341
1493342
1493343
1493344
1493345
1493346
1493347
1493348
1493349
1493350
1493351
1493352
1493353
1493354
1493355
1493356
1493357
1493358
1493359
1493360
1493361
1493362
1493363
1493364
1493365
1493366
1493367
1493368
1493369
1493370
1493371
1493372
1493373
1493374
1493375
1493376
1493377
1493378
1493379
1493380
1493381
1493382
1493383
1493384
1493385
1493386
1493387
1493388
1493389
1493390
1493391
1493392
1493393
1493394
1493395
1493396
1493397
1493398
1493399
1493400
1493401
1493402
1493403
1493404
1493405
1493406
1493407
1493408
1493409
1493410
1493411
1493412
1493413
1493414
1493415
1493416
1493417
1493418
1493419
1493420
1493421
1493422
1493423
1493424
1493425
1493426
1493427
1493428
1493429
1493430
1493431
1493432
1493433
1493434
1493435
1493436
1493437
1493438
1493439
1493440
1493441
1493442
1493443
1493444
1493445
1493446
1493447
1493448
1493449
1493450
1493451
1493452
1493453
1493454
1493455
1493456
1493457
1493458
1493459
1493460
1494859
1494860
1494861
1494862
1494863
1494864
1494865
1494866
1494867
1494868
1494869
1494870
1494871
1494872
1494873
1494874
1494891
1494894
1494954
1494955
1494956
1494957
1495117
1495118
1495119
1495154
1495155
1495156
1495570
1495571
1495599
1495600
1495601
1495602
1495603
1495604
1495605
1495606
1495607
1495615
1495636
1495637
1495790
1495791
1495792
1495793
1495794
1495795
1495796
1495797
1495798
1495799
1495800
1495801
1495802
1495803
1495804
1495805
1495806
1495807
1495808
1495809
1495810
1495811
1495812
1495813
1495814
1495815
1495816
1495817
1495818
1495819
1495820
1495821
1495822
1495823
1495824
1495825
1495826
1496099
1496100
1496298
1497341
1497342
1497343
1497495
1497500
1497501
1497504
1497505
1497506
1497507
1497524
1497525
1497526
1497552
1497553
1497554
1497771
1497772
1497773
1497774
1497872
1498118
1498119
1498120
1498121
1498122
1498123
1498124
1498768
1499969
1500222
1500350
1500351
1500352
1500353
1500355
1500356
1500357
1500358
1500359
1500362
1500363
1500364
1500365
1500367
1500370
1500372
1500373
1500374
1500375
1500377
1500382
1500387
1500392
1500393
1500394
1500395
1500396
1500397
1500398
1500399
1500400
1500401
1500402
1500403
1500404
1500405
1500406
1500407
1500408
1500409
1500410
1500411
1500412
1500413
1500414
1500415
1500421
1500422
1500423
1500426
1500445
1500446
1500449
1500450
1500511
1500512
1500541
1500542
1500544
1500545
1500546
1500547
1501330
1501331
1501382
1501411
1501668
1501669
1501692
1501851
1501908
1501909
1501910
1501911
1501912
1501914
1501950
1501951
1501952
1501954
1501955
1501960
1501961
1502017
1502018
1502019
1502020
1502021
1502022
1502023
1502024
1502025
1502026
1502027
1502028
1502029
1502030
1502031
1502032
1502033
1502034
1502035
1502036
1502037
1502038
1502039
1502040
1502041
1502042
1502043
1502044
1502045
1502046
1502047
1502048
1502049
1502050
1502051
1502052
1502053
1502054
1502055
1502056
1502057
1502058
1502059
1502060
1502061
1502062
1502063
1502064
1502065
1502066
1502067
1502068
1502069
1502070
1502071
1502072
1502073
1502357
1502674
1502675
1502830
1502831
1503069
1503099
1503100
1503101
1503202
1503203
1504697
1504698
1504969
1504975
1505244
1505245
1505246
1505251
1505252
1505253
1505254
1505255
1505256
1505257
1505258
1505259
1505260
1505261
1505262
1505263
1505264
1505265
1505266
1505267
1505268
1505269
1505270
1505271
1505272
1505273
1505274
1505275
1505276
1505277
1505278
1505279
1505280
1505281
1505282
1505283
1505284
1505285
1505286
1505287
1505288
1505289
1505290
1505291
1505292
1505293
1505294
1505295
1505296
1505297
1505298
1505299
1505300
1505301
1505302
1505303
1505304
1505305
1505306
1505307
1505308
1505309
1505310
1505311
1505312
1505313
1505314
1505315
1505316
1505317
1505318
1505319
1505320
1505321
1505322
1505323
1505324
1505325
1505326
1505327
1505328
1505329
1505330
1505331
1505332
1505333
1505334
1505335
1505336
1505337
1505338
1505339
1505340
1505341
1505342
1505343
1505344
1505345
1505346
1505347
1505348
1505349
1505350
1505351
1505352
1505353
1505354
1505355
1505356
1505357
1505358
1505359
1505360
1505361
1505362
1505363
1505364
1505365
1505366
1505367
1505368
1505369
1505370
1505371
1505372
1505373
1505374
1505375
1505376
1505377
1505378
1505379
1505380
1505381
1505382
1505383
1505384
1505385
1505386
1505387
1505388
1505389
1505390
1505391
1505392
1505393
1505394
1505395
1505396
1505397
1505398
1505399
1505400
1505401
1505402
1505403
1505404
1505405
1505406
1505407
1505408
1505409
1505410
1505411
1505412
1505413
1505414
1505415
1505416
1505417
1505418
1505419
1505420
1505421
1505422
1505423
1505424
1505425
1505426
1505427
1505428
1505429
1505430
1505431
1505432
1505433
1505434
1505435
1505436
1505437
1505438
1505439
1505440
1505441
1505442
1505443
1505444
1505445
1505446
1505447
1505448
1505449
1505450
1505451
1505452
1505453
1505454
1505455
1505456
1505457
1505458
1505459
1505460
1505461
1505462
1505463
1505464
1505465
1505466
1505467
1505468
1505469
1505470
1505471
1505472
1505473
1505474
1505475
1505476
1505477
1505478
1505479
1505480
1505481
1505482
1505483
1505484
1505485
1505486
1505487
1505488
1505489
1505490
1505491
1505492
1505493
1505494
1505495
1505496
1505497
1505498
1505499
1505500
1505501
1505502
1505503
1505504
1505505
1505506
1505507
1505508
1505509
1505510
1505511
1505512
1505513
1505514
1505515
1505516
1505517
1505518
1505653
1505654
1505655
1505656
1505658
1505659
1505661
1505662
1506296
1506297
1506298
1506299
1506300
1506301
1506302
1506303
1506304
1506598
1506599
1506600
1506601
1506602
1506603
1506628
1506629
1506630
1506819
1506820
1506821
1506822
1506823
1506824
1506825
1506826
1506827
1506828
1506829
1506830
1506831
1506832
1506833
1506834
1506835
1506836
1506837
1506838
1506839
1506840
1506841
1506842
1506843
1506844
1506845
1506846
1506847
1506848
1506849
1506850
1506851
1506852
1506853
1506854
1506855
1506856
1506857
1506858
1506859
1506860
1506861
1506862
1506863
1506864
1506865
1506866
1506867
1506868
1506869
1506870
1506871
1506872
1506873
1506874
1506875
1506876
1506877
1506878
1506879
1506880
1506881
1506882
1506883
1506884
1506885
1506886
1506887
1506888
1506889
1506890
1506892
1506893
1506894
1506895
1506896
1506897
1506898
1506899
1506902
1506903
1506904
1506905
1506906
1506907
1506908
1506909
1506910
1506911
1506912
1506913
1506915
1506916
1506917
1506918
1506919
1506920
1506921
1506922
1506923
1506924
1506925
1506926
1506927
1506928
1506929
1506930
1506931
1506932
1506935
1506936
1506937
1506938
1506939
1506940
1506941
1506942
1506943
1506944
1506945
1506959
1506960
1506961
1506962
1506963
1506964
1506965
1506966
1506967
1506968
1506969
1506970
1506971
1506972
1506973
1506974
1506975
1506976
1506977
1506978
1506979
1506980
1506981
1506982
1506983
1506984
1506985
1506986
1506987
1506988
1506989
1507055
1507056
1507057
1507058
1507182
1507183
1507447
1508044
1508114
1508115
1508116
1508117
1508118
1508119
1508120
1508121
1508122
1508123
1508124
1508125
1508126
1508127
1508128
1508129
1508422
1508423
1508456
1508457
1508459
1508460
1508464
1508465
1508466
1508467
1508468
1508469
1508470
1508471
1510822
1510985
1510986
1510987
1510988
1510989
1510990
1510991
1510992
1510993
1510994
1510995
1510996
1510997
1510998
1510999
1511000
1511001
1511002
1511003
1511004
1511005
1511006
1511007
1511008
1511009
1511010
1511011
1511012
1511013
1511014
1511015
1511016
1511017
1511018
1511019
1511020
1511021
1511022
1511023
1511024
1511025
1511026
1511027
1511028
1511029
1513301
1513302
1513303
1513304
1513305
1513306
1513307
1513478
1513479
1513480
1513481
1513482
1513483
1513484
1513485
1513488
1513704
1513857
1513858
1513859
1514183
1514184
1514185
1514186
1515678
1515737
1517451
1517452
1518171
1518510
1518511
1518512
1518513
1518514
1518515
1518516
1518517
1518518
1518519
1519208
1519209
1519210
1519211
1519212
1519213
1519214
1519215
1519216
1519217
1519218
1519219
1519220
1519221
1519222
1519223
1519224
1519225
1519226
1519227
1519228
1519229
1519230
1519231
1519232
1519233
1519234
1519235
1519236
1519237
1519238
1519239
1519240
1519241
1519242
1519243
1519244
1519245
1519246
1519247
1519248
1519249
1519250
1519251
1519252
1519253
1519254
1519255
1519256
1519257
1519258
1519259
1519260
1519261
1519262
1519263
1519264
1519265
1519266
1519267
1519268
1519269
1519270
1519271
1519272
1519273
1519274
1519275
1519276
1519277
1519278
1519279
1519280
1519281
1519282
1519283
1519284
1519285
1519286
1519287
1519288
1519289
1519290
1519291
1519292
1519293
1519294
1519295
1519296
1519297
1519298
1519299
1519300
1519301
1519302
1519303
1519304
1519305
1519306
1519307
1519308
1519309
1519310
1519311
1519312
1519313
1519314
1519315
1519316
1519317
1519318
1519319
1519320
1519321
1519322
1519323
1519324
1519325
1519326
1519327
1519328
1519329
1519330
1519331
1519332
1519333
1519355
1519356
1519372
1519447
1519779
1519780
1519781
1519782
1519783
1519784
1519785
1520792
1520793
1520795
1520796
1520798
1520799
1521111
1521146
1521147
1521148
1521149
1521150
1521151
1521152
1521153
1521154
1522990
1522991
1522992
1522993
1522994
1522995
1522996
1522997
1522998
1522999
1523000
1523001
1523896
1523897
1525471
1525472
1527257
1527414
1529906
1530089
1530090
1530091
1530092
1530341
1530342
1530343
1530344
1530345
1530346
1530347
1530348
1530349
1530350
1530351
1530352
1530353
1530354
1530355
1530356
1530357
1530358
1530359
1530360
1530361
1530362
1530363
1530364
1530365
1530366
1530367
1530368
1530391
1530392
1530393
1530394
1531857
1533820
1533821
1534570
1534571
1534749
1534750
1534751
1535341
1535342
1535343
1535344
1535345
1535346
1535349
1535350
1536614
1536713
1536715
1536899
1537156
1537506
1537591
1537592
1537593
1537594
1537595
1537596
1537599
1537600
1537601
1537602
1537603
1537667
1537703
1538528
1538529
1538551
1538573
1538579
1538580
1538581
1538582
1538583
1538584
1538585
1538586
1538587
1538588
1538589
1538590
1538591
1538592
1538593
1538594
1538595
1538596
1538597
1538598
1538599
1538600
1538601
1538602
1538620
1538621
1538622
1539106
1539107
1539677
1539678
1539679
1539680
1539681
1539682
1539683
1539684
1539685
1539686
1539687
1539688
1539689
1539690
1539691
1539692
1539693
1539694
1539695
1539696
1539697
1539698
1539699
1539700
1539701
1539702
1539703
1539704
1539705
1539706
1539707
1539708
1539709
1539710
1539711
1539712
1539713
1539714
1539715
1540814
1540815
1540818
1540834
1540835
1540836
1540837
1540838
1540839
1540840
1540841
1540842
1540843
1540844
1540845
1540846
1540847
1540848
1540849
1541066
1541744
1542445
1542446
1543393
1543394
1543395
1543396
1543397
1543916
1543917
1544296
1544297
1544459
1544460
1544461
1544462
1544463
1544464
1544465
1544466
1544467
1544468
1544469
1544470
1544471
1544472
1544473
1544474
1544475
1544476
1544477
1544478
1544479
1544480
1544481
1544482
1544483
1544484
1544486
1544487
1544488
1544489
1544490
1544491
1544492
1544493
1544494
1544495
1544496
1544497
1544498
1544499
1544500
1544501
1544502
1544503
1544504
1544505
1544506
1544818
1544819
1544820
1545499
1545741
1545742
1545898
1545899
1545902
1545903
1545906
1547254
1547255
1547256
1547257
1547900
1547915
1547916
1547917
1547918
1547919
1547920
1548032
1548033
1548390
1548391
1548392
1548393
1548460
1548461
1548462
1548463
1548464
1548465
1548466
1548467
1548468
1548469
1548470
1548471
1548472
1548473
1548474
1548475
1548476
1548477
1548478
1548479
1548480
1548481
1548482
1548483
1548484
1548485
1548486
1548487
1548488
1548489
1548490
1548491
1548492
1548493
1548701
1548702
1548703
1548704
1548705
1548706
1548707
1548958
1548959
1548960
1549348
1549349
1549354
1549355
1549356
1549676
1549677
1549678
1549679
1549680
1549681
1549682
1549683
1549684
1549685
1549686
1549687
1549688
1549689
1549690
1549691
1549733
1549736
1549788
1549789
1549796
1549797
1549798
1549799
1549800
1549801
1549802
1549803
1549805
1549861
1550504
1551584
1551585
1552128
1552129
1552130
1552131
1552132
1552133
1552134
1552135
1552136
1552137
1552138
1552139
1552140
1552141
1552142
1552143
1552144
1552145
1552146
1552147
1552237
1552684
1552685
1552954
1552955
1552956
1552957
1552958
1552959
1552960
1552961
1552962
1552963
1552964
1552965
1552966
1552967
1552969
1552970
1552971
1552972
1552973
1552982
1553421
1553426
1553427
1553904
1553905
1554473
1555243
1559983
1559984
1559985
1559986
1560003
1560218
1560694
1561020
1561046
1561063
1561146
1561147
1561227
1561228
1561230
1561231
1561369
1561370
1561972
1561979
1561980
1562172
1562304
1562390
1562520
1562521
1562567
1562568
1562569
1562570
1562582
1562962
1563401
1563402
1563403
1563410
1563411
1563415
1563416
1563417
1563418
1563421
1563422
1563640
1563641
1563642
1563643
1563644
1563645
1563646
1563647
1563648
1563649
1563650
1563651
1563652
1563653
1563654
1563655
1563656
1563657
1564148
1564248
1564249
1564682
1564961
1564962
1564963
1564964
1564965
1564966
1564967
1564968
1564969
1564970
1564971
1564972
1564973
1564974
1564975
1564976
1564977
1564978
1564979
1564980
1564981
1564982
1564983
1564984
1564985
1564986
1564987
1564988
1564989
1564990
1564991
1564992
1564993
1565304
1565305
1565458
1565459
1565460
1565461
1565593
1565594
1565595
1565596
1565597
1565599
1565600
1565601
1565602
1565603
1565604
1565736
1565737
1565738
1565739
1565740
1565741
1565742
1565743
1565744
1565745
1565746
1565747
1565748
1565749
1565750
1565751
1565752
1565753
1565754
1565755
1565756
1565757
1565758
1565759
1565760
1565761
1565762
1565763
1565764
1565765
1566338
1566629
1566732
1566733
1569254
1569255
1569256
1569257
1569260
1569261
1569262
1569263
1569328
1569329
1569626
1569627
1569942
1570134
1570135
1570136
1570149
1570150
1570394
1570395
1570462
1570470
1570946
1570947
1571227
1572235
1572322
1572323
1572324
1572325
1572326
1572328
1572338
1572669
1572670
1572705
1572706
1572708
1572711
1572713
1573071
1573072
1573818
1573819
1573820
1573821
1573822
1573823
1573824
1573825
1573835
1574477
1574478
1574479
1574480
1574481
1576597
1576797
1576798
1576844
1576845
1576912
1576913
1578965
1578966
1578967
1578969
1579005
1579744
1579745
1579746
1579747
1579748
1579749
1579980
1579981
1579995
1579996
1579997
1579998
1579999
1580000
1580001
1580551
1581553
1582021
1582068
1582069
1582070
1582092
1582093
1582101
1582102
1582147
1582148
1582169
1582170
1582220
1582221
1582258
1582792
1582810
1582811
1582812
1582813
1582814
1582815
1582816
1582817
1582818
1582819
1583101
1583102
1583280
1583281
1583329
1583330
1583376
1585465
1585922
1585923
1586094
1586095
1586188
1586189
1586190
1586191
1586265
1586266
1586269
1586336
1586337
1586338
1586339
1586341
1586342
1586778
1586779
1587513
1587514
1587525
1587526
1587530
1587531
1587532
1587535
1587536
1587539
1587540
1587541
1587542
1587543
1587544
1587545
1587546
1587561
1587562
1588645
1588646
1588647
1588648
1588881
1588924
1588925
1588926
1588927
1590014
1590015
1590016
1590017
1590018
1590019
1590183
1590184
1590210
1590211
1591089
1591422
1592073
1592074
1592075
1592076
1592077
1592078
1592318
1592319
1592321
1592332
1592514
1592701
1592702
1592703
1592704
1592705
1592706
1592707
1592708
1592709
1592710
1592711
1592715
1592716
1592786
1592787
1592788
1593443
1594167
1594168
1594593
1594789
1594790
1594791
1594792
1595893
1595894
1595895
1595896
1595979
1598098
1602165
1602388
1602747
1603288
1603289
1603369
1603370
1603430
1603431
1604016
1604023
1604661
1604662
1604866
1604867
1606873
1606874
1607656
1607746
1607747
1607787
1607788
1607789
1607791
1607793
1607794
1607795
1607796
1607798
1607799
1607800
1607801
1607802
1607803
1607804
1607805
1607946
1607948
1607994
1608260
1608423
1608424
1608459
1608460
1608626
1609234
1609235
1609556
1609557
1609558
1609628
1609629
1609964
1609965
1610746
1610747
1611255
1611256
1611405
1611406
1611407
1612509
1612510
1612511
1612512
1612513
1612514
1615759
1615829
1615830
1615831
1615832
1615833
1615834
1615835
1615836
1615837
1615838
1616037
1616491
1616492
1616493
1616494
1616495
1616496
1616497
1616498
1616499
1616500
1616501
1616502
1616503
1616504
1616505
1616506
1616507
1616508
1616509
1616510
1616511
1616512
1616513
1616514
1616515
1616516
1616517
1616518
1616519
1616520
1616521
1616522
1616523
1616524
1616525
1616526
1616527
1616528
1616529
1616530
1616531
1616532
1616533
1616534
1616535
1616536
1616537
1616538
1616539
1616540
1616541
1616542
1616543
1616544
1616545
1616546
1616547
1616548
1616549
1616550
1616551
1616552
1616553
1616554
1616555
1616556
1616557
1616558
1616559
1616560
1616561
1616562
1616563
1616564
1616565
1616566
1616567
1616568
1616569
1616570
1616571
1616572
1616573
1616574
1616575
1616576
1616577
1616578
1616579
1616580
1616581
1616582
1616583
1616584
1616585
1616586
1616587
1616588
1616589
1616590
1616591
1616592
1616593
1616594
1616595
1616596
1616597
1616598
1616599
1616600
1616601
1616602
1616603
1616604
1616605
1616606
1616607
1616608
1616609
1616610
1616611
1616612
1616613
1616614
1616615
1616616
1616617
1616618
1616619
1616620
1616621
1616622
1616623
1616624
1616625
1616626
1616627
1616628
1616629
1616630
1616631
1616632
1616633
1616663
1616776
1616777
1616791
1616792
1616795
1617257
1617258
1617280
1617281
1617642
1617643
1617806
1617807
1617887
1617888
1618101
1618102
1618103
1618104
1618105
1618106
1618107
1618108
1618109
1618110
1618114
1618115
1619323
1620422
1620703
1620704
1621536
1621537
1621538
1621539
1621540
1621541
1621543
1621544
1621545
1621546
1621547
1621548
1621549
1621550
1621690
1621691
1621692
1621694
1621695
1621696
1621697
1622021
1622240
1622241
1622242
1623314
1623315
1623316
1623317
1623318
1623319
1623320
1623321
1623322
1623323
1623324
1623325
1623326
1623327
1623328
1623329
1623330
1623331
1623332
1623333
1623334
1623335
1623336
1623338
1623339
1623340
1623341
1623342
1623343
1623344
1623345
1623401
1623404
1623475
1623476
1623477
1623478
1623480
1623481
1623489
1623490
1623491
1623492
1623493
1623494
1623495
1623690
1623691
1623692
1623693
1623694
1623695
1623696
1623697
1623698
1623699
1623700
1623701
1623702
1623703
1623704
1623705
1623706
1623707
1623708
1623709
1623710
1623711
1623712
1623713
1623714
1623715
1623716
1623717
1623718
1623719
1623720
1623721
1623722
1623723
1623724
1623725
1623726
1623727
1623728
1623729
1623730
1623731
1623732
1623733
1623734
1623735
1623736
1623737
1623738
1623739
1623740
1623741
1623742
1623743
1623744
1623745
1623746
1623747
1623748
1623749
1623750
1623751
1623752
1623753
1623754
1623755
1623756
1623757
1623758
1623759
1623760
1623761
1623762
1623763
1623764
1623765
1623766
1623767
1623768
1623769
1623770
1623771
1623772
1623773
1623774
1623775
1623776
1623777
1623778
1623779
1623780
1623781
1623782
1623783
1623784
1623785
1623786
1623787
1623788
1623789
1623790
1623791
1623792
1623793
1623794
1623795
1623796
1623797
1623798
1623799
1623800
1623801
1623802
1623803
1623804
1623805
1623806
1623807
1623808
1623809
1623810
1623811
1623812
1623813
1623814
1623815
1623816
1623817
1623818
1623819
1623820
1623821
1623822
1623823
1623824
1623825
1623826
1623827
1623828
1623829
1623830
1623831
1623832
1623833
1623834
1623835
1623836
1623837
1623838
1623839
1623840
1623841
1623842
1623843
1623844
1623845
1623846
1623847
1623848
1623849
1623850
1623851
1623852
1623853
1623854
1623855
1623856
1623857
1623858
1623859
1623860
1623861
1623862
1623863
1623864
1623865
1623866
1623867
1623868
1623869
1623870
1623871
1623872
1623873
1623874
1623875
1623876
1623877
1623878
1623879
1623880
1623881
1623882
1623883
1623884
1623885
1623886
1623887
1623888
1623889
1623890
1623891
1623892
1623893
1623894
1623895
1623896
1623897
1623898
1623899
1623900
1623901
1623902
1623903
1623904
1623905
1623906
1623907
1623908
1623909
1623910
1623911
1623912
1623913
1623914
1623915
1623916
1623917
1623918
1623919
1623920
1623921
1623922
1623923
1623924
1623925
1623926
1623927
1623928
1623929
1623930
1623931
1623932
1623933
1623934
1623935
1623936
1623937
1623938
1623939
1623940
1623941
1623942
1623943
1623944
1623945
1623946
1623947
1623948
1623949
1623950
1623951
1623952
1623953
1623954
1623955
1623956
1623957
1623958
1623959
1623960
1623961
1623962
1623963
1623964
1623965
1623966
1623967
1623968
1623969
1623970
1623971
1623972
1623973
1623974
1623975
1623976
1623977
1623978
1623979
1623980
1623981
1623982
1623983
1623984
1623985
1623986
1623987
1623988
1623989
1623990
1623991
1623992
1623993
1623994
1623995
1623996
1623997
1623998
1623999
1624000
1624001
1624002
1624003
1624004
1624005
1624006
1624007
1624008
1624009
1624010
1624011
1624012
1624013
1624014
1624015
1624016
1624017
1624018
1624019
1624020
1624021
1624022
1624023
1624024
1624025
1624026
1624027
1624028
1624029
1624030
1624031
1624032
1624033
1624034
1624035
1624036
1624037
1624038
1624039
1624040
1624041
1624042
1624043
1624044
1624045
1624046
1624047
1624048
1624049
1624050
1624051
1624052
1624053
1624054
1624055
1624056
1624057
1624058
1624059
1624060
1624061
1624062
1624063
1624064
1624065
1624066
1624067
1624068
1624069
1624070
1624071
1624072
1624073
1624074
1624075
1624076
1624077
1624078
1624079
1624080
1624081
1624082
1624083
1624084
1624085
1624086
1624087
1624088
1624089
1624090
1624091
1624092
1624093
1624094
1624095
1624096
1624097
1624098
1624099
1624100
1624101
1624102
1624103
1624104
1624105
1624106
1624107
1624108
1624109
1624110
1624111
1624112
1624113
1624114
1624115
1624116
1624117
1624118
1624119
1624120
1624121
1624122
1624123
1624124
1624125
1624126
1624127
1624128
1624129
1624130
1624131
1624132
1624133
1624134
1624135
1624136
1624137
1624138
1624139
1624140
1624141
1624142
1624143
1624144
1624145
1624146
1624147
1624148
1624149
1624150
1624151
1624152
1624153
1624154
1624155
1624156
1624157
1624158
1624159
1624160
1624161
1624162
1624163
1624164
1624165
1624166
1624167
1624168
1624169
1624170
1624171
1624172
1624173
1624174
1624175
1624176
1624177
1624178
1624179
1624180
1624181
1624182
1624183
1624184
1624185
1624186
1624187
1624188
1624189
1624190
1624191
1624192
1624193
1624194
1624195
1624196
1624197
1624198
1624199
1624200
1624201
1624202
1624203
1624204
1624205
1624206
1624207
1624208
1624209
1624210
1624211
1624212
1624213
1624214
1624215
1624216
1624217
1624218
1624219
1624220
1624221
1624222
1624223
1624224
1624225
1624226
1624227
1624228
1624229
1624230
1624231
1624232
1624233
1624234
1624235
1624236
1624237
1624238
1624239
1624240
1624241
1624242
1624243
1624244
1624245
1624246
1624247
1624248
1624249
1624250
1624251
1624252
1624253
1624254
1624255
1624256
1624257
1624258
1624259
1624260
1624261
1624262
1624263
1624264
1624265
1624266
1624267
1624268
1624269
1624270
1624271
1624272
1624273
1624274
1624275
1624276
1624277
1624278
1624279
1624280
1624281
1624282
1624283
1624284
1624285
1624286
1624287
1624288
1624289
1624290
1624291
1624292
1624293
1624294
1624295
1624296
1624297
1624298
1624299
1624300
1624301
1624302
1624303
1624304
1624305
1624306
1624307
1624308
1624309
1624310
1624311
1624312
1624313
1624314
1624315
1624316
1624317
1624318
1624319
1624320
1624321
1624322
1624323
1624324
1624325
1624326
1624327
1624328
1624329
1624330
1624331
1624332
1624333
1624334
1624335
1624336
1624337
1624338
1624339
1624340
1624341
1624342
1624343
1624344
1624345
1624346
1624347
1624348
1624349
1624350
1624351
1624352
1624353
1624354
1624355
1624356
1624357
1624358
1624359
1624360
1624361
1624362
1624363
1624364
1624365
1624366
1624367
1624368
1624369
1624370
1624371
1624372
1624373
1624374
1624375
1624376
1624377
1624378
1624379
1624380
1624381
1624382
1624383
1624384
1624385
1624386
1624387
1624388
1624389
1624390
1624391
1624392
1624393
1624394
1624395
1624396
1624397
1624398
1624399
1624400
1624401
1624402
1624403
1624404
1624405
1624406
1624407
1624408
1624409
1624410
1624411
1624412
1624413
1624414
1624415
1624416
1624417
1624418
1624419
1624420
1624421
1624422
1624423
1624424
1624425
1624426
1624427
1624428
1624429
1624430
1624431
1624432
1624433
1624434
1624435
1624436
1624437
1624438
1624439
1624440
1624441
1624442
1624443
1624444
1624445
1624446
1624447
1624448
1624449
1624450
1624451
1624452
1624453
1624454
1624455
1624456
1624457
1624458
1624459
1624460
1624461
1624462
1624463
1624464
1624465
1624466
1624467
1624468
1624469
1624470
1624471
1624472
1624473
1624474
1624475
1624476
1624477
1624478
1624479
1624480
1624481
1624482
1624483
1624484
1624485
1624486
1624487
1624488
1624489
1624490
1624491
1624492
1624493
1624494
1624495
1624496
1624497
1624498
1624499
1624500
1624501
1624502
1624503
1624504
1624505
1624506
1624507
1624508
1624509
1624510
1624511
1624512
1624513
1624514
1624515
1624516
1624517
1624518
1624519
1624520
1624521
1624522
1624523
1624524
1624525
1624526
1624527
1624528
1624529
1624530
1624531
1624532
1624533
1624534
1624535
1624536
1624537
1624538
1624539
1624540
1624541
1624542
1624543
1624544
1624545
1624546
1624547
1624548
1624549
1624550
1624551
1624552
1624553
1624554
1624555
1624556
1624557
1624558
1624559
1624560
1624561
1624562
1624563
1624564
1624565
1624566
1624567
1624568
1624569
1624570
1624571
1624572
1624573
1624574
1624575
1624576
1624577
1624578
1624579
1624580
1624581
1624582
1624583
1624584
1624585
1624586
1624587
1624588
1624589
1624590
1624591
1624592
1624593
1624594
1624595
1624596
1624597
1624598
1624599
1624600
1624601
1624602
1624603
1624604
1624605
1624606
1624607
1624608
1624609
1624610
1624611
1624612
1624613
1624614
1624615
1624616
1624617
1624618
1624619
1624620
1624621
1624622
1624623
1624624
1624625
1624626
1624627
1624628
1624629
1624630
1624631
1624632
1624633
1624634
1624635
1624636
1624637
1624638
1624639
1624640
1624641
1624642
1624643
1624644
1624645
1624646
1624647
1624648
1624649
1624650
1624651
1624652
1624653
1624654
1624655
1624656
1624657
1624658
1624659
1624660
1624661
1624662
1624663
1624664
1624665
1624666
1624667
1624668
1624669
1624670
1624671
1624672
1624673
1624674
1624675
1624676
1624677
1624678
1624679
1624680
1624681
1624682
1624683
1624684
1624685
1624686
1624687
1624688
1624689
1624690
1624691
1624692
1624693
1624694
1624695
1624696
1624697
1624698
1624699
1624700
1624701
1624702
1624703
1624704
1624705
1624706
1624707
1624708
1624709
1624710
1624711
1624712
1624713
1624714
1624715
1624716
1624717
1624718
1624719
1624720
1624721
1624722
1624723
1624724
1624725
1624726
1624727
1624728
1624729
1624730
1624731
1624732
1624733
1624734
1624735
1624736
1624737
1624738
1624739
1624740
1624741
1624742
1624743
1624744
1624745
1624746
1624747
1624748
1624749
1624750
1624751
1624752
1624753
1624754
1624755
1624756
1624757
1624758
1624759
1624760
1624761
1624762
1624763
1624764
1624765
1624766
1624767
1624768
1624769
1624770
1624771
1624772
1624773
1624774
1624775
1624776
1624777
1624778
1624779
1624780
1624781
1624782
1624783
1624784
1624785
1624786
1624787
1624788
1624789
1624790
1624791
1624792
1624793
1624794
1624795
1624796
1624797
1624798
1624799
1624800
1624801
1624802
1624803
1624804
1624805
1624806
1624807
1624808
1624809
1624810
1624811
1624812
1624813
1624814
1624815
1624816
1624817
1624818
1624819
1624820
1624821
1624822
1624823
1624824
1624825
1624826
1624827
1624828
1624829
1624830
1624831
1624832
1624833
1624834
1624835
1624836
1624837
1624838
1624839
1624840
1624841
1624842
1624843
1624844
1624845
1624846
1624847
1624848
1624849
1624850
1624851
1624852
1624853
1624854
1624855
1624856
1624857
1624858
1624859
1624860
1624861
1624862
1624863
1624864
1624865
1624866
1624867
1624868
1624869
1624870
1624871
1624872
1624873
1624874
1624875
1624876
1624877
1624878
1624879
1624880
1624881
1624882
1624883
1624884
1624885
1624886
1624887
1624888
1624889
1624890
1624891
1624892
1624893
1624894
1624895
1624896
1624897
1624898
1624899
1624900
1624901
1624902
1624903
1624904
1624905
1624906
1624907
1624908
1624909
1624910
1624911
1624912
1624913
1624914
1624915
1624916
1624917
1624918
1624919
1624920
1624921
1624922
1624923
1624924
1624925
1624926
1624927
1624928
1624929
1624930
1624931
1624932
1624933
1624934
1624935
1624936
1624937
1624938
1624939
1624940
1624941
1624942
1624943
1624944
1624945
1624946
1624947
1624948
1624949
1624950
1624951
1624952
1624953
1624954
1624955
1624956
1624957
1624958
1624959
1624960
1624961
1624962
1624963
1624964
1624965
1624966
1624967
1624968
1624969
1624970
1624971
1624972
1624973
1624974
1624975
1624976
1624977
1624978
1624979
1624980
1624981
1624982
1624983
1624984
1624985
1624986
1624987
1624988
1624989
1624990
1624991
1624992
1624993
1624994
1624995
1624996
1624997
1624998
1624999
1625000
1625001
1625002
1625003
1625004
1625005
1625006
1625007
1625008
1625009
1625010
1625011
1625012
1625013
1625014
1625015
1625016
1625017
1625018
1625019
1625020
1625021
1625022
1625023
1625024
1625025
1625026
1625027
1625028
1625029
1625030
1625031
1625032
1625033
1625034
1625035
1625036
1625037
1625038
1625039
1625040
1625041
1625042
1625043
1625044
1625045
1625046
1625047
1625048
1625049
1625050
1625051
1625052
1625053
1625054
1625055
1625056
1625057
1625058
1625059
1625060
1625061
1625062
1625063
1625064
1625065
1625066
1625067
1625068
1625069
1625070
1625071
1625072
1625073
1625074
1625075
1625076
1625077
1625078
1625079
1625080
1625081
1625082
1625083
1625084
1625085
1625086
1625087
1625088
1625089
1625090
1625091
1625092
1625093
1625094
1625095
1625096
1625097
1625098
1625099
1625100
1625101
1625102
1625103
1625104
1625105
1625106
1625107
1625108
1625109
1625110
1625111
1625112
1625113
1625114
1625115
1625116
1625117
1625118
1625119
1625120
1625121
1625122
1625123
1625124
1625125
1625126
1625127
1625128
1625129
1625130
1625131
1625132
1625133
1625134
1625135
1625136
1625137
1625138
1625139
1625140
1625141
1625142
1625143
1625144
1625145
1625146
1625147
1625148
1625149
1625150
1625151
1625152
1625153
1625154
1625155
1625156
1625157
1625158
1625159
1625160
1625161
1625162
1625163
1625164
1625165
1625166
1625167
1625168
1625169
1625170
1625171
1625172
1625173
1625174
1625175
1625176
1625177
1625178
1625179
1625180
1625181
1625182
1625183
1625184
1625185
1625186
1625187
1625188
1625189
1625190
1625191
1625192
1625193
1625194
1625195
1625196
1625197
1625198
1625199
1625200
1625201
1625202
1625203
1625204
1625205
1625206
1625207
1625208
1625209
1625210
1625211
1625212
1625213
1625214
1625215
1625216
1625217
1625218
1625219
1625220
1625221
1625222
1625223
1625224
1625225
1625226
1625227
1625228
1625229
1625230
1625231
1625232
1625233
1625234
1625235
1625236
1625237
1625238
1625239
1625240
1625241
1625242
1625243
1625244
1625245
1625246
1625247
1625248
1625249
1625250
1625251
1625252
1625253
1625254
1625255
1625256
1625257
1625258
1625259
1625260
1625261
1625262
1625263
1625264
1625265
1625266
1625267
1625268
1625269
1625270
1625271
1625272
1625273
1625274
1625275
1625276
1625277
1625278
1625279
1625280
1625281
1625282
1625283
1625284
1625285
1625286
1625287
1625288
1625289
1625290
1625291
1625292
1625293
1625294
1625295
1625296
1625297
1625298
1625299
1625300
1625301
1625302
1625303
1625304
1625305
1625306
1625307
1625308
1625309
1625310
1625311
1625312
1625313
1625314
1625315
1625316
1625317
1625318
1625319
1625320
1625321
1625322
1625323
1625324
1625325
1625326
1625327
1625328
1625329
1625330
1625331
1625332
1625333
1625334
1625335
1625336
1625337
1625338
1625339
1625340
1625341
1625342
1625343
1625344
1625345
1625346
1625347
1625348
1625349
1625350
1625351
1625352
1625353
1625354
1625355
1625356
1625357
1625358
1625359
1625360
1625361
1625362
1625363
1625364
1625365
1625366
1625367
1625368
1625369
1625370
1625371
1625372
1625373
1625374
1625375
1625376
1625377
1625378
1625379
1625380
1625381
1625382
1625383
1625384
1625385
1625386
1625387
1625388
1625389
1625390
1625391
1625392
1625393
1625394
1625395
1625396
1625397
1625398
1625399
1625400
1625401
1625402
1625403
1625404
1625405
1625406
1625407
1625408
1625409
1625410
1625411
1625412
1625413
1625414
1625415
1625416
1625417
1625418
1625419
1625420
1625421
1625422
1625423
1625424
1625425
1625426
1625427
1625428
1625429
1625430
1625431
1625432
1625433
1625434
1625435
1625436
1625437
1625438
1625439
1625440
1625441
1625442
1625443
1625444
1625445
1625446
1625447
1625448
1625449
1625450
1625451
1625452
1625453
1625454
1625455
1625456
1625457
1625458
1625459
1625460
1625461
1625462
1625463
1625464
1625465
1625466
1625467
1625468
1625469
1625470
1625471
1625472
1625473
1625474
1625475
1625476
1625477
1625478
1625479
1625480
1625481
1625482
1625483
1625484
1625485
1625486
1625487
1625488
1625489
1625490
1625491
1625492
1625493
1625494
1625495
1625496
1625497
1625498
1625499
1625500
1625501
1625502
1625503
1625504
1625505
1625506
1625507
1625508
1625509
1625510
1625511
1625512
1625513
1625514
1625515
1625516
1625517
1625518
1625519
1625520
1625521
1625522
1625523
1625524
1625525
1625526
1625527
1625528
1625529
1625530
1625531
1625532
1625533
1625534
1625535
1625536
1625537
1625538
1625539
1625540
1625541
1625542
1625543
1625544
1625545
1625546
1625547
1625548
1625549
1625550
1625551
1625552
1625553
1625554
1625555
1625556
1625557
1625558
1625559
1625560
1625561
1625562
1625563
1625564
1625565
1625566
1625567
1625568
1625569
1625570
1625571
1625572
1625573
1625574
1625575
1625576
1625577
1625578
1625579
1625580
1625581
1625582
1625583
1625584
1625585
1625586
1625587
1625588
1625589
1625590
1625591
1625592
1625593
1625594
1625595
1625596
1625597
1625598
1625599
1625600
1625601
1625602
1625603
1625604
1625605
1625606
1625607
1625608
1625609
1625610
1625611
1625612
1625613
1625614
1625615
1625616
1625617
1625618
1625619
1625620
1625621
1625622
1625623
1625624
1625625
1625626
1625627
1625628
1625629
1625630
1625631
1625632
1625633
1625634
1625635
1625636
1625637
1625638
1625639
1625640
1625641
1625642
1625643
1625644
1625645
1625646
1625647
1625648
1625649
1625650
1625651
1625652
1625653
1625654
1625655
1625656
1625657
1625658
1625659
1625660
1625661
1625662
1625663
1625664
1625665
1625666
1625667
1625668
1625669
1625670
1625671
1625672
1625673
1625674
1625675
1625676
1625677
1625678
1625679
1625680
1625681
1625682
1625683
1625684
1625685
1625686
1625687
1625688
1625689
1625690
1625691
1625692
1625693
1625694
1625695
1625696
1625697
1625698
1625699
1625700
1625701
1625702
1625703
1625704
1625705
1625706
1625707
1625708
1625709
1625710
1625711
1625712
1625713
1625714
1625715
1625716
1625717
1625718
1625719
1625720
1625721
1625722
1625723
1625724
1625725
1625726
1625727
1625728
1625729
1625730
1625731
1625732
1625733
1625734
1625735
1625736
1625737
1625738
1625739
1625740
1625741
1625742
1625743
1625744
1625745
1625746
1625747
1625748
1625749
1625750
1625751
1625752
1625753
1625754
1625755
1625756
1625757
1625758
1625759
1625760
1625761
1625762
1625763
1625764
1625765
1625766
1625767
1625768
1625769
1625770
1625771
1625772
1625773
1625774
1625775
1625776
1625777
1625778
1625779
1625780
1625781
1625782
1625783
1625784
1625785
1625786
1625787
1625788
1625789
1625790
1625791
1625792
1625793
1625794
1625795
1625796
1625797
1625798
1625799
1625800
1625801
1625802
1625803
1625804
1625805
1625806
1625807
1625808
1625809
1625810
1625811
1625812
1625813
1625814
1625815
1625816
1625817
1625818
1625819
1625820
1625821
1625822
1625823
1625824
1625825
1625826
1625827
1625828
1625829
1625830
1625831
1625832
1625833
1625834
1625835
1625836
1625837
1625838
1625839
1625840
1625841
1625842
1625843
1625844
1625845
1625846
1625847
1625848
1625849
1625850
1625851
1625852
1625853
1625854
1625855
1625856
1625857
1625858
1625859
1625860
1625861
1625862
1625863
1625864
1625865
1625866
1625867
1625868
1625869
1625870
1625871
1625872
1625873
1625874
1625875
1625876
1625877
1625878
1625879
1625880
1625881
1625882
1625883
1625884
1625885
1625886
1625887
1625888
1625889
1625890
1625891
1625892
1625893
1625894
1625895
1625896
1625897
1625898
1625899
1625900
1625901
1625902
1625903
1625904
1625905
1625906
1625907
1625908
1625909
1625910
1625911
1625912
1625913
1625914
1625915
1625916
1625917
1625918
1625919
1625920
1625921
1625922
1625923
1625924
1625925
1625926
1625927
1625928
1625929
1625930
1625931
1625932
1625933
1625934
1625935
1625936
1625937
1625938
1625939
1625940
1625941
1625942
1625943
1625944
1625945
1625946
1625947
1625948
1625949
1625950
1625951
1625952
1625953
1625954
1625955
1625956
1625957
1625958
1625959
1625960
1625961
1625962
1625963
1625964
1625965
1625966
1625967
1625968
1625969
1625970
1625971
1625972
1625973
1625974
1625975
1625976
1625977
1625978
1625979
1625980
1625981
1625982
1625983
1625984
1625985
1625986
1625987
1625988
1625989
1625990
1625991
1625992
1625993
1625994
1625995
1625996
1625997
1625998
1625999
1626000
1626001
1626002
1626003
1626004
1626005
1626006
1626007
1626008
1626009
1626010
1626011
1626012
1626013
1626014
1626015
1626016
1626017
1626018
1626019
1626020
1626021
1626022
1626023
1626024
1626025
1626026
1626027
1626028
1626029
1626030
1626031
1626032
1626033
1626034
1626035
1626036
1626037
1626038
1626039
1626040
1626041
1626042
1626043
1626044
1626045
1626046
1626047
1626048
1626049
1626050
1626051
1626052
1626053
1626054
1626055
1626056
1626057
1626058
1626059
1626060
1626061
1626062
1626063
1626064
1626065
1626066
1626067
1626068
1626069
1626070
1626071
1626072
1626073
1626074
1626075
1626076
1626077
1626078
1626079
1626080
1626081
1626082
1626083
1626084
1626085
1626086
1626087
1626088
1626089
1626090
1626091
1626092
1626093
1626094
1626095
1626096
1626097
1626098
1626099
1626100
1626101
1626102
1626103
1626104
1626105
1626106
1626107
1626108
1626109
1626110
1626111
1626112
1626113
1626114
1626115
1626116
1626117
1626118
1626119
1626120
1626121
1626122
1626123
1626124
1626125
1626126
1626127
1626128
1626129
1626130
1626131
1626132
1626133
1626134
1626135
1626136
1626137
1626138
1626139
1626140
1626141
1626142
1626143
1626144
1626145
1626146
1626147
1626148
1626149
1626150
1626151
1626152
1626153
1626154
1626155
1626156
1626157
1626158
1626159
1626160
1626161
1626162
1626163
1626164
1626165
1626166
1626167
1626168
1626169
1626170
1626171
1626172
1626173
1626174
1626175
1626176
1626177
1626178
1626179
1626180
1626181
1626182
1626183
1626184
1626185
1626186
1626187
1626188
1626189
1626190
1626191
1626192
1626193
1626194
1626195
1626196
1626197
1626198
1626199
1626200
1626201
1626202
1626203
1626204
1626205
1626206
1626207
1626208
1626209
1626210
1626211
1626212
1626213
1626214
1626215
1626216
1626217
1626218
1626219
1626220
1626221
1626222
1626223
1626224
1626225
1626226
1626227
1626228
1626229
1626230
1626231
1626232
1626233
1626234
1626235
1626236
1626237
1626238
1626239
1626240
1626241
1626242
1626243
1626244
1626245
1626246
1626247
1626248
1626249
1626250
1626251
1626252
1626253
1626254
1626255
1626256
1626257
1626258
1626259
1626260
1626261
1626262
1626263
1626264
1626265
1626266
1626267
1626268
1626269
1626270
1626271
1626272
1626273
1626274
1626275
1626276
1626277
1626278
1626279
1626280
1626281
1626282
1626283
1626284
1626285
1626286
1626287
1626288
1626289
1626290
1626291
1626292
1626293
1626294
1626295
1626296
1626297
1626298
1626299
1626300
1626301
1626302
1626303
1626304
1626305
1626306
1626307
1626308
1626309
1626310
1626311
1626312
1626313
1626314
1626315
1626316
1626317
1626318
1626319
1626320
1626321
1626322
1626323
1626324
1626325
1626326
1626327
1626328
1626329
1626330
1626331
1626332
1626333
1626334
1626335
1626336
1626337
1626338
1626339
1626340
1626341
1626342
1626343
1626344
1626345
1626346
1626347
1626348
1626349
1626350
1626351
1626352
1626353
1626354
1626355
1626356
1626357
1626358
1626359
1626360
1626361
1626362
1626363
1626364
1626365
1626366
1626367
1626368
1626369
1626370
1626371
1626372
1626373
1626374
1626375
1626376
1626377
1626378
1626379
1626380
1626381
1626382
1626383
1626384
1626385
1626386
1626387
1626388
1626389
1626390
1626391
1626392
1626393
1626394
1626395
1626396
1626397
1626398
1626399
1626400
1626401
1626402
1626403
1626404
1626405
1626406
1626407
1626408
1626409
1626410
1626411
1626412
1626413
1626414
1626415
1626416
1626417
1626418
1626419
1626420
1626421
1626422
1626423
1626424
1626425
1626426
1626427
1626428
1626429
1626430
1626431
1626432
1626433
1626434
1626435
1626436
1626437
1626438
1626439
1626440
1626441
1626442
1626443
1626444
1626445
1626446
1626447
1626448
1626449
1626450
1626451
1626452
1626453
1626454
1626455
1626456
1626457
1626458
1626459
1626460
1626461
1626462
1626463
1626464
1626465
1626466
1626467
1626468
1626469
1626470
1626471
1626472
1626473
1626474
1626475
1626476
1626477
1626478
1626479
1626480
1626481
1626482
1626483
1626484
1626485
1626486
1626487
1626488
1626489
1626490
1626491
1626492
1626493
1626494
1626495
1626496
1626497
1626498
1626499
1626500
1626501
1626502
1626503
1626504
1626505
1626506
1626507
1626508
1626509
1626510
1626511
1626512
1626513
1626514
1626515
1626516
1626517
1626518
1626519
1626520
1626521
1626522
1626523
1626524
1626525
1626526
1626527
1626528
1626529
1626530
1626531
1626532
1626533
1626534
1626535
1626536
1626537
1626538
1626539
1626540
1626541
1626542
1626543
1626544
1626545
1626546
1626547
1626548
1626549
1626550
1626551
1626552
1626553
1626554
1626555
1626556
1626557
1626558
1626559
1626560
1626561
1626562
1626563
1626564
1626565
1626566
1626567
1626568
1626569
1626570
1626571
1626572
1626573
1626574
1626575
1626576
1626577
1626578
1626579
1626580
1626581
1626582
1626583
1626584
1626585
1626586
1626587
1626588
1626589
1626590
1626591
1626592
1626593
1626594
1626595
1626596
1626597
1626598
1626599
1626600
1626601
1626602
1626603
1626604
1626605
1626606
1626607
1626608
1626609
1626610
1626611
1626612
1626613
1626614
1626615
1626616
1626617
1626618
1626619
1626620
1626621
1626622
1626623
1626624
1626625
1626626
1626627
1626628
1626629
1626630
1626631
1626632
1626633
1626634
1626635
1626636
1626637
1626638
1626639
1626640
1626641
1626642
1626643
1626644
1626645
1626646
1626647
1626648
1626649
1626650
1626651
1626652
1626653
1626654
1626655
1626656
1626657
1626658
1626659
1626660
1626661
1626662
1626663
1626664
1626665
1626666
1626667
1626668
1626669
1626670
1626671
1626672
1626673
1626674
1626675
1626676
1626677
1626678
1626679
1626680
1626681
1626682
1626683
1626684
1626685
1626686
1626687
1626688
1626689
1626690
1626691
1626692
1626693
1626694
1626695
1626696
1626697
1626698
1626699
1626700
1626701
1626702
1626703
1626704
1626705
1626706
1626707
1626708
1626709
1626710
1626711
1626712
1626713
1626714
1626715
1626716
1626717
1626718
1626719
1626720
1626721
1626722
1626723
1626724
1626725
1626726
1626727
1626728
1626729
1626730
1626731
1626732
1626733
1626734
1626735
1626736
1626737
1626738
1626739
1626740
1626741
1626742
1626743
1626744
1626745
1626746
1626747
1626748
1626749
1626750
1626751
1626752
1626753
1626754
1626755
1626756
1626757
1626758
1626759
1626760
1626761
1626762
1626763
1626764
1626765
1626766
1626767
1626768
1626769
1626770
1626771
1626772
1626773
1626774
1626775
1626776
1626777
1626778
1626779
1626780
1626781
1626782
1626783
1626784
1626785
1626786
1626787
1626788
1626789
1626790
1626791
1626792
1626793
1626794
1626795
1626796
1626797
1626798
1626799
1626800
1626801
1626802
1626803
1626804
1626805
1626806
1626807
1626808
1626809
1626810
1626811
1626812
1626813
1626814
1626815
1626816
1626817
1626818
1626819
1626820
1626821
1626822
1626823
1626824
1626825
1626826
1626827
1626828
1626829
1626830
1626831
1626832
1626833
1626834
1626835
1626836
1626837
1626838
1626839
1626840
1626841
1626842
1626843
1626844
1626845
1626846
1626847
1626848
1626849
1626850
1626851
1626852
1626853
1626854
1626855
1626856
1626857
1626858
1626859
1626860
1626861
1626862
1626863
1626864
1626865
1626866
1626867
1626868
1626869
1626870
1626871
1626872
1626873
1626874
1626875
1626876
1626877
1626878
1626879
1626880
1626881
1626882
1626883
1626884
1626885
1626886
1626887
1626888
1626889
1626890
1626891
1626892
1626893
1626894
1626895
1626896
1626897
1626898
1626899
1626900
1626901
1626902
1626903
1626904
1626905
1626906
1626907
1626908
1626909
1626910
1626911
1626912
1626913
1626914
1626915
1626916
1626917
1626918
1626919
1626920
1626921
1626922
1626923
1626924
1626925
1626926
1626927
1626928
1626929
1626930
1626931
1626932
1626933
1626934
1626935
1626936
1626937
1626938
1626939
1626940
1626941
1626942
1626943
1626944
1626945
1626946
1626947
1626948
1626949
1626950
1626951
1626952
1626953
1626954
1626955
1626956
1626957
1626958
1626959
1626960
1626961
1626962
1626963
1626964
1626965
1626966
1626967
1626968
1626969
1626970
1626971
1626972
1626973
1626974
1626975
1626976
1626977
1626978
1626979
1626980
1626981
1626982
1626983
1626984
1626985
1626986
1626987
1626988
1626989
1626990
1626991
1626992
1626993
1626994
1626995
1626996
1626997
1626998
1626999
1627000
1627001
1627002
1627003
1627004
1627005
1627006
1627007
1627008
1627009
1627010
1627011
1627012
1627013
1627014
1627015
1627016
1627017
1627018
1627019
1627020
1627021
1627022
1627023
1627024
1627025
1627026
1627027
1627028
1627029
1627030
1627031
1627032
1627033
1627034
1627035
1627036
1627037
1627038
1627039
1627040
1627041
1627042
1627043
1627044
1627045
1627046
1627047
1627048
1627049
1627050
1627051
1627052
1627053
1627054
1627055
1627056
1627057
1627058
1627059
1627060
1627061
1627062
1627063
1627064
1627065
1627066
1627067
1627068
1627069
1627070
1627071
1627072
1627073
1627074
1627075
1627076
1627077
1627078
1627079
1627080
1627081
1627082
1627083
1627084
1627085
1627086
1627087
1627088
1627089
1627090
1627091
1627092
1627093
1627094
1627095
1627096
1627097
1627098
1627099
1627100
1627101
1627102
1627103
1627104
1627105
1627106
1627107
1627108
1627109
1627110
1627111
1627112
1627113
1627114
1627115
1627116
1627117
1627118
1627119
1627120
1627121
1627122
1627123
1627124
1627125
1627126
1627127
1627128
1627129
1627130
1627131
1627132
1627133
1627134
1627135
1627136
1627137
1627138
1627139
1627140
1627141
1627142
1627143
1627144
1627145
1627146
1627147
1627148
1627149
1627150
1627151
1627152
1627153
1627154
1627155
1627156
1627157
1627158
1627159
1627160
1627161
1627162
1627163
1627164
1627165
1627166
1627167
1627168
1627169
1627170
1627171
1627172
1627173
1627174
1627175
1627176
1627177
1627178
1627179
1627180
1627181
1627182
1627183
1627184
1627185
1627186
1627187
1627188
1627189
1627190
1627191
1627192
1627193
1627194
1627195
1627196
1627197
1627198
1627199
1627200
1627201
1627202
1627203
1627204
1627205
1627206
1627207
1627208
1627209
1627210
1627211
1627212
1627213
1627214
1627215
1627216
1627217
1627218
1627219
1627220
1627221
1627222
1627223
1627224
1627225
1627226
1627227
1627228
1627229
1627230
1627231
1627232
1627233
1627234
1627235
1627236
1627237
1627238
1627239
1627240
1627241
1627242
1627243
1627244
1627245
1627246
1627247
1627248
1627249
1627250
1627251
1627252
1627253
1627254
1627255
1627256
1627257
1627258
1627259
1627260
1627261
1627262
1627263
1627264
1627265
1627266
1627267
1627268
1627269
1627270
1627271
1627272
1627273
1627274
1627275
1627276
1627277
1627278
1627279
1627280
1627281
1627282
1627283
1627284
1627285
1627286
1627287
1627288
1627289
1627290
1627291
1627292
1627293
1627294
1627295
1627296
1627297
1627298
1627299
1627300
1627301
1627302
1627303
1627304
1627305
1627306
1627307
1627308
1627309
1627310
1627311
1627312
1627313
1627314
1627315
1627316
1627317
1627318
1627319
1627320
1627321
1627322
1627323
1627324
1627325
1627326
1627327
1627328
1627329
1627330
1627331
1627332
1627333
1627334
1627335
1627336
1627337
1627338
1627339
1627340
1627341
1627342
1627343
1627344
1627345
1627346
1627347
1627348
1627349
1627350
1627351
1627352
1627353
1627354
1627355
1627356
1627357
1627358
1627359
1627360
1627361
1627362
1627363
1627364
1627365
1627366
1627367
1627368
1627369
1627370
1627371
1627372
1627373
1627374
1627375
1627376
1627377
1627378
1627379
1627380
1627381
1627382
1627383
1627384
1627385
1627386
1627387
1627388
1627389
1627390
1627391
1627392
1627393
1627394
1627395
1627396
1627397
1627398
1627399
1627400
1627401
1627402
1627403
1627404
1627405
1627406
1627407
1627408
1627409
1627410
1627411
1627412
1627413
1627414
1627415
1627416
1627417
1627418
1627419
1627420
1627421
1627422
1627423
1627424
1627425
1627426
1627427
1627428
1627429
1627430
1627431
1627432
1627433
1627434
1627435
1627436
1627437
1627438
1627439
1627440
1627441
1627442
1627443
1627444
1627445
1627446
1627447
1627448
1627449
1627450
1627451
1627452
1627453
1627454
1627455
1627456
1627457
1627458
1627459
1627460
1627461
1627462
1627463
1627464
1627465
1627466
1627467
1627468
1627469
1627470
1627471
1627472
1627473
1627474
1627475
1627476
1627477
1627478
1627479
1627480
1627481
1627482
1627483
1627484
1627485
1627486
1627487
1627488
1627489
1627490
1627491
1627492
1627493
1627494
1627495
1627496
1627497
1627498
1627499
1627500
1627501
1627502
1627503
1627504
1627505
1627506
1627507
1627508
1627509
1627510
1627511
1627512
1627513
1627514
1627515
1627516
1627517
1627518
1627519
1627520
1627521
1627522
1627523
1627524
1627525
1627526
1627527
1627528
1627529
1627530
1627531
1627532
1627533
1627534
1627535
1627536
1627537
1627538
1627539
1627540
1627541
1627542
1627543
1627544
1627545
1627546
1627547
1627548
1627549
1627550
1627551
1627552
1627553
1627554
1627555
1627556
1627557
1627558
1627559
1627560
1627561
1627562
1627563
1627564
1627565
1627566
1627567
1627568
1627569
1627570
1627571
1627572
1627573
1627574
1627575
1627576
1627577
1627578
1627579
1627580
1627581
1627582
1627583
1627584
1627585
1627586
1627587
1627588
1627589
1627590
1627591
1627592
1627593
1627594
1627595
1627596
1627597
1627598
1627599
1627600
1627601
1627602
1627603
1627604
1627605
1627606
1627607
1627608
1627609
1627610
1627611
1627612
1627613
1627614
1627615
1627616
1627617
1627618
1627619
1627620
1627621
1627622
1627623
1627624
1627625
1627626
1627627
1627628
1627629
1627630
1627631
1627632
1627633
1627634
1627635
1627636
1627637
1627638
1627639
1627640
1627641
1627642
1627643
1627644
1627645
1627646
1627647
1627648
1627649
1627650
1627651
1627652
1627653
1627654
1627655
1627656
1627657
1627658
1627659
1627660
1627661
1627662
1627663
1627664
1627665
1627666
1627667
1627668
1627669
1627670
1627671
1627672
1627673
1627674
1627675
1627676
1627677
1627678
1627679
1627680
1627681
1627682
1627683
1627684
1627685
1627686
1627687
1627688
1627689
1627690
1627691
1627692
1627693
1627694
1627695
1627696
1627697
1627698
1627699
1627700
1627701
1627702
1627703
1627704
1627705
1627706
1627707
1627708
1627709
1627710
1627711
1627712
1627713
1627714
1627715
1627716
1627717
1627718
1627719
1627720
1627721
1627722
1627723
1627724
1627725
1627726
1627727
1627728
1627729
1627730
1627731
1627732
1627733
1627734
1627735
1627736
1627737
1627738
1627739
1627740
1627741
1627742
1627743
1627744
1627745
1627746
1627747
1627748
1627749
1627750
1627751
1627752
1627753
1627754
1627755
1627756
1627757
1627758
1627759
1627760
1627761
1627762
1627763
1627764
1627765
1627766
1627767
1627768
1627769
1627770
1627771
1627772
1627773
1627774
1627775
1627776
1627777
1627778
1627779
1627780
1627781
1627782
1627783
1627784
1627785
1627786
1627787
1627788
1627789
1627790
1627791
1627792
1627793
1627794
1627795
1627796
1627797
1627798
1627799
1627800
1627801
1627802
1627803
1627804
1627805
1627806
1627807
1627808
1627809
1627810
1627811
1627812
1627813
1627814
1627815
1627816
1627817
1627818
1627819
1627820
1627821
1627822
1627823
1627824
1627825
1627826
1627827
1627828
1627878
1628014
1628015
1628016
1628017
1628019
1628020
1628154
1628155
1628156
1628184
1628185
1628186
1628187
1628188
1628367
1628368
1628369
1628372
1628828
1628839
1628840
1628859
1629125
1629126
1629127
1629128
1629145
1629146
1630009
1630010
1630011
1630012
1630013
1630014
1630015
1630016
1630017
1630018
1630019
1630020
1630596
1631354
1631355
1631760
1631761
1631762
1631763
1631764
1631765
1631783
1631784
1631785
1631786
1631804
1631805
1631807
1631808
1631809
1631810
1631813
1631814
1631815
1631817
1631818
1631850
1631851
1631852
1631853
1632022
1632023
1632283
1632284
1632356
1632357
1632839
1632871
1633146
1633147
1633148
1633571
1633892
1633893
1633894
1633895
1634038
1634039
1634181
1634182
1634183
1634184
1634461
1634462
1634471
1634472
1634473
1634474
1634518
1634519
1634520
1634521
1634934
1634936
1634937
1634938
1634939
1634951
1634952
1635111
1635113
1635150
1635151
1636078
1636079
1636080
1636081
1636533
1636534
1636619
1636620
1636857
1636858
1637258
1637259
1637487
1637528
1637529
1637646
1637647
1638019
1638020
1638021
1638022
1638024
1638025
1638034
1638035
1638974
1638975
1638976
1638977
1638978
1638979
1639349
1639350
1639534
1639535
1639813
1640213
1640214
1640666
1640667
1640668
1640669
1640670
1640671
1640990
1640992
1640993
1640994
1640995
1640996
1640997
1640998
1640999
1641201
1641202
1641203
1641204
1641205
1641206
1641700
1641701
1641809
1641810
1641950
1641951
1641978
1642287
1642288
1642289
1642290
1642291
1642292
1642408
1642636
1642637
1642638
1642639
1642640
1642641
1642642
1642643
1642644
1642645
1642696
1642697
1642893
1642894
1642921
1642922
1642925
1642926
1642927
1642928
1642930
1642931
1642954
1642956
1643554
1643555
1643557
1643571
1643572
1643811
1643959
1643960
1644058
1644059
1644063
1644064
1644067
1644068
1644069
1644070
1644071
1645564
1645565
1645727
1645728
1645729
1645730
1645731
1645732
1645733
1645734
1645735
1645736
1645737
1645738
1645739
1645740
1645741
1645742
1645743
1645744
1645745
1645746
1645909
1645910
1646380
1646381
1646382
1646383
1646512
1647561
1647562
1647577
1647578
1647579
1647580
1647738
1647739
1647740
1647741
1647742
1647743
1647744
1647745
1647746
1647747
1647748
1647749
1647750
1647751
1647752
1647806
1648056
1648481
1648482
1648483
1648484
1648493
1648494
1648495
1648496
1648498
1648499
1648501
1648502
1648504
1648506
1648507
1648509
1648510
1648512
1648513
1648518
1648519
1648521
1648522
1648956
1649185
1649186
1649189
1649190
1649191
1649273
1649274
1649289
1649290
1649296
1649297
1649299
1649300
1649318
1649319
1649332
1649333
1649645
1649646
1650276
1650277
1650278
1650279
1650287
1650288
1650289
1651086
1651087
1651109
1651110
1651118
1651119
1651178
1651179
1651180
1651181
1651182
1651183
1651185
1651186
1651187
1651188
1651189
1651190
1651191
1651192
1651193
1651194
1651195
1651848
1651850
1652136
1652137
1652141
1652142
1653169
1653769
1653862
1653863
1653864
1654742
1654743
1654777
1654778
1654783
1654784
1654788
1654789
1654935
1654936
1654937
1654938
1655027
1655028
1655236
1655237
1655421
1655422
1655430
1655431
1655482
1655483
1655484
1655485
1656921
1656922
1657069
1657070
1657806
1657807
1658459
1658460
1658751
1658752
1658763
1658764
1658780
1658782
1658783
1658784
1658785
1658788
1658789
1658790
1658791
1659218
1659306
1659307
1659308
1659309
1659311
1659312
1659336
1659337
1659431
1659432
1659701
1659702
1659838
1659839
1660082
1660347
1661029
1661931
1661932
1661933
1661934
1661950
1661951
1661976
1661977
1662274
1662275
1662276
1662277
1662442
1662498
1662499
1663409
1663410
1663718
1663719
1664184
1664185
1664186
1664344
1664345
1664346
1664347
1664349
1664350
1664351
1664352
1664378
1664379
1664381
1664382
1664384
1664385
1664386
1664387
1664547
1664548
1664555
1664556
1664691
1664693
1664808
1665019
1665020
1665021
1665022
1665031
1665056
1665057
1665058
1665059
1665060
1665061
1665062
1665063
1665064
1665065
1665066
1665067
1665068
1665069
1665070
1665071
1665072
1665073
1665074
1665075
1665076
1665077
1665078
1665079
1665080
1665081
1665082
1665083
1665084
1665085
1665086
1665087
1665088
1665089
1665090
1665091
1665092
1665093
1665094
1665095
1665096
1665097
1665098
1665099
1665100
1665101
1665102
1665103
1665104
1665105
1665106
1665107
1665108
1665109
1665110
1665111
1665112
1665113
1665114
1665115
1665116
1665117
1665118
1665119
1665120
1665121
1665122
1665123
1665124
1665125
1665126
1665127
1665128
1665129
1665130
1665131
1665132
1665133
1665134
1665135
1665136
1665137
1665138
1665139
1665140
1665141
1665142
1665143
1665144
1665145
1665146
1665147
1665148
1665149
1665150
1665151
1665152
1665153
1665154
1665155
1665156
1665157
1665158
1665159
1665160
1665161
1665162
1665163
1665164
1665165
1665166
1665167
1665168
1665169
1665170
1665171
1665172
1665173
1665174
1665175
1665176
1665177
1665178
1665179
1665180
1665181
1665182
1665183
1665184
1665185
1665186
1665187
1665188
1665189
1665190
1665191
1665192
1665193
1665194
1665195
1665196
1665197
1665198
1665199
1665200
1665201
1665202
1665203
1665204
1665205
1665206
1665207
1665208
1665209
1665638
1665639
1666987
1666988
1667027
1667028
1667031
1667032
1667034
1667035
1667036
1667037
1667039
1667040
1667041
1667042
1667043
1667044
1667045
1667046
1667047
1667048
1667049
1667050
1667051
1667052
1667053
1667167
1667236
1667237
1667238
1667246
1667247
1667285
1667286
1667360
1667361
1667362
1667363
1670435
1670436
1670444
1670445
1670453
1670454
1670605
1670606
1670748
1670749
1671258
1671259
1671324
1671325
1671606
1671699
1671873
1671874
1671921
1671922
1671926
1671927
1672390
1672391
1672610
1672611
1672636
1672638
1672639
1672641
1673632
1673698
1673699
1674308
1674309
1675031
1675032
1675033
1675540
1675541
1675623
1675624
1675625
1675626
1675631
1675632
1675697
1676130
1676131
1676144
1676145
1676258
1676259
1676653
1676654
1676793
1676794
1676795
1676796
1676797
1676799
1676800
1676801
1676803
1676805
1676806
1676808
1676987
1677051
1677052
1677960
1677961
1678683
1678684
1678685
1678686
1678687
1678688
1678689
1678690
1678691
1678692
1678693
1678694
1678695
1678696
1678921
1679457
1679458
1679718
1680104
1680105
1680138
1680915
1681198
1681215
1681216
1681217
1681218
1681226
1681227
1681831
1681832
1682178
1682179
1682200
1682201
1682347
1682348
1682743
1682744
1683814
1683817
1683856
1683857
1683874
1683875
1684150
1684151
1684293
1684294
1684302
1684303
1685902
1685929
1685930
1686013
1686028
1686029
1686105
1686106
1686107
1686108
1686109
1686110
1686314
1686315
1688490
1688491
1688610
1688761
1688762
1688766
1688767
1688768
1688769
1688770
1688771
1688772
1688773
1688774
1688775
1688777
1688778
1688779
1688780
1688781
1688782
1688783
1688784
1688785
1689120
1689121
1689136
1689137
1689138
1689139
1689141
1689142
1689143
1689144
1689145
1689147
1689148
1689152
1689155
1689156
1689158
1689160
1689161
1689162
1689163
1689164
1689165
1689177
1689178
1689251
1689252
1689264
1689265
1689687
1689688
1689969
1689970
1689975
1689976
1689983
1689984
1690257
1692043
1692044
1692114
1692115
1695214
1695215
1695216
1695217
1695220
1696178
1696179
1696901
1696958
1696959
1696960
1696961
1697135
1697142
1697143
1697222
1697223
1697228
1697229
1697230
1697231
1697487
1697488
1697595
1697596
1697732
1697733
1698289
1698494
1698495
1698514
1698515
1698740
1698741
1698765
1698766
1698769
1698770
1698772
1698773
1699119
1699120
1699123
1699124
1699125
1699126
1699418
1699419
1699420
1699421
1699855
1699888
1701323
1701324
1701325
1701326
1701327
1701349
1701350
1701351
1701352
1701353
1701354
1701355
1701356
1701357
1701358
1701359
1701360
1701361
1701362
1701363
1701364
1701365
1701366
1701367
1701368
1701369
1701370
1701371
1701372
1701373
1701374
1701375
1701376
1701377
1701378
1701379
1701380
1701381
1701382
1701383
1701384
1701385
1701386
1701387
1701388
1701389
1701390
1701613
1701671
1701728
1701729
1701730
1701731
1701746
1701747
1701748
1701749
1701911
1702069
1702070
1702071
1702072
1702219
1702220
1702243
1702244
1702270
1702271
1702288
1703252
1703253
1703815
1703816
1703817
1703818
1703876
1703877
1704043
1704045
1704554
1705094
1705095
1705139
1705356
1705357
1705411
1705412
1705991
1705994
1706008
1706009
1706010
1706011
1706012
1706013
1706014
1706015
1706016
1706017
1706018
1706019
1706020
1706021
1706022
1706023
1706024
1706025
1706026
1706030
1706031
1706034
1706035
1706037
1706038
1706228
1706229
1706380
1706381
1706382
1706383
1707097
1707098
1708383
1708384
1708701
1708704
1708705
1708706
1709414
1709415
1709456
1709457
1709463
1709464
1710348
1710349
1710350
1710351
1710357
1710981
1711619
1711620
1711999
1712032
1712423
1712424
1712573
1714345
1714346
1714347
1714348
1714349
1714350
1715799
1715800
1715804
1715805
1715863
1716616
1716617
1717877
1717878
1717881
1717882
1717883
1717884
1717885
1717886
1717887
1717888
1717889
1717890
1717891
1717892
1717893
1717894
1717895
1717896
1717897
1717898
1717899
1717900
1717901
1717902
1717903
1717904
1717905
1717906
1717907
1717908
1717909
1717910
1717911
1717912
1717913
1717914
1717915
1717916
1717917
1717918
1717919
1717920
1717921
1717922
1717923
1717924
1717925
1717926
1717927
1717928
1717929
1717930
1717931
1717932
1717933
1717934
1717935
1717936
1717937
1717938
1717939
1717940
1717941
1717942
1717943
1717944
1717945
1717946
1717947
1717948
1717949
1717950
1717951
1717952
1717953
1717954
1717955
1717956
1717957
1717958
1717959
1717960
1717961
1717962
1717963
1717964
1717965
1717966
1717967
1717968
1717969
1717970
1717971
1717972
1717973
1717974
1717975
1717976
1717977
1717978
1717979
1717980
1717981
1717982
1717983
1717984
1717985
1717986
1717987
1717988
1717989
1717990
1717991
1717992
1717993
1717994
1717995
1717996
1717997
1717998
1717999
1718000
1718001
1718002
1718003
1718004
1718005
1718006
1718007
1718008
1718009
1718010
1718011
1718012
1718013
1718014
1718015
1718016
1718017
1718018
1718019
1718020
1718021
1718022
1718023
1718024
1718025
1718026
1718027
1718028
1718029
1718030
1718031
1718032
1718033
1718034
1718035
1718036
1718037
1718038
1718039
1718040
1718041
1718042
1718043
1718044
1718045
1718046
1718047
1718048
1718049
1718050
1718051
1718052
1718053
1718054
1718055
1718056
1718057
1718058
1718059
1718060
1718061
1718062
1718063
1718064
1718065
1718066
1718067
1718068
1718069
1718070
1718071
1718072
1718073
1718074
1718075
1718076
1718077
1718078
1718079
1718080
1718081
1718082
1718083
1718084
1718085
1718086
1718087
1718088
1718089
1718090
1718091
1718092
1718093
1718094
1718095
1718096
1718097
1718099
1718100
1718101
1718102
1718103
1718104
1718105
1718106
1718107
1718108
1718109
1718110
1718111
1718112
1718113
1718114
1718115
1718116
1718117
1718118
1718119
1718120
1718121
1718122
1718123
1718124
1718125
1718126
1718127
1718128
1718129
1718130
1718131
1718132
1718133
1718134
1718135
1718136
1718137
1718138
1718139
1718140
1718141
1718142
1718144
1718145
1718146
1718147
1718148
1718149
1718150
1718151
1718152
1718153
1718154
1718155
1718156
1718157
1718163
1718164
1718438
1718439
1718440
1718441
1718442
1718443
1718444
1718446
1718447
1718448
1718857
1718858
1718877
1718878
1718883
1718884
1719059
1719060
1719061
1719062
1720549
1720550
1723648
1725060
1725061
1729359
1729360
1729361
1729680
1729681
1730864
1730865
1732297
1732513
1732514
1734215
1734921
1734922
1735265
1735458
1735459
1735563
1735564
1735567
1735568
1735569
1735570
1735571
1735593
1735594
1735984
1736706
1737140
1737556
1737557
1737587
1737588
1738605
1738646
1738647
1738652
1738653
1738656
1738657
1738659
1738660
1739783
1739784
1739788
1739975
1740160
1740161
1740329
1740330
1740605
1740606
1740631
1740632
1740633
1740634
1740707
1740709
1742597
1742653
1742654
1742863
1742864
1742975
1742976
1742978
1742979
1742984
1742985
1742987
1742988
1743147
1743148
1743149
1743150
1743151
1743152
1744841
1744842
1744882
1744883
1747241
1747242
1747778
1747779
1747781
1747782
1747799
1747800
1748190
1748191
1748192
1748247
1748248
1748252
1748254
1748255
1748256
1748257
1748258
1748259
1748260
1748266
1748267
1748268
1748269
1748270
1748271
1748272
1748273
1748274
1748275
1748276
1748277
1748278
1748279
1748280
1748281
1748282
1748283
1748284
1748285
1748286
1748287
1748299
1748301
1748302
1748303
1748304
1748305
1748306
1748307
1748308
1748309
1748310
1748311
1748312
1748313
1748314
1748315
1748316
1748317
1748318
1748319
1748321
1748322
1748323
1748324
1748325
1748326
1748327
1748545
1748546
1748547
1748765
1748766
1748769
1748770
1748964
1748965
1749399
1749406
1750509
1750510
1750511
1750512
1750593
1750594
1750595
1750596
1750605
1750989
1750990
1751878
1751879
1751880
1751881
1751882
1751883
1752603
1752780
1752781
1752782
1752783
1754008
1755691
1755818
1755819
1755821
1755822
1755826
1755827
1755870
1755871
1755872
1755873
1755876
1755877
1755949
1755950
1755951
1755952
1756208
1756209
1756221
1756222
1756329
1756330
1756331
1756332
1756333
1756334
1756335
1756336
1756337
1756338
1756339
1756340
1756341
1756342
1756343
1756344
1756345
1756346
1756347
1756348
1756446
1756447
1756448
1756449
1756841
1756842
1757165
1757166
1757933
1757934
1757947
1757948
1758079
1758080
1758081
1758082
1758091
1758092
1758093
1758094
1758097
1758098
1758207
1758235
1758236
1759366
1759367
1759384
1759385
1759397
1759398
1759404
1759405
1759406
1759415
1759416
1759418
1759419
1759420
1759421
1759422
1759423
1759424
1759425
1759530
1759688
1759689
1760810
1760811
1760989
1760990
1761665
1761666
1761913
1762012
1762013
1762900
1762901
1762902
1762903
1762904
1762933
1762934
1763040
1763041
1763042
1763043
1763044
1763045
1763046
1763047
1763048
1763049
1763050
1763051
1763052
1763053
1763054
1763055
1763056
1763057
1763058
1763059
1763060
1763061
1763062
1763063
1763064
1763065
1763066
1763067
1763068
1763069
1763070
1763071
1763072
1763073
1763074
1763075
1763076
1763270
1763271
1763272
1763273
1763274
1763275
1763276
1763277
1763278
1763279
1763280
1763281
1763282
1763283
1763284
1763285
1763286
1763287
1763288
1763289
1763290
1763291
1763295
1763296
1763297
1763298
1763299
1763300
1763301
1763302
1763303
1763304
1763305
1763306
1763307
1763308
1763309
1763310
1763312
1763313
1763314
1763315
1763316
1763317
1763318
1763319
1763320
1763321
1763322
1763323
1763324
1763325
1763326
1763327
1763328
1763329
1763330
1763331
1763332
1763333
1763334
1763335
1763336
1763337
1763338
1763339
1763340
1763341
1763342
1763343
1763344
1763345
1763346
1763347
1763348
1763349
1763350
1763351
1763352
1763353
1763354
1763355
1763356
1763357
1763358
1763359
1763360
1763361
1763362
1763364
1763365
1763366
1763367
1763368
1763369
1763370
1763371
1763372
1763373
1763374
1763375
1763376
1763392
1763393
1763394
1763395
1763396
1763397
1763398
1763399
1763400
1763401
1763402
1763403
1763404
1763405
1763406
1763407
1763408
1763409
1763411
1763412
1763453
1763454
1763510
1763511
1763522
1763523
1763544
1763548
1763549
1763556
1763557
1763561
1763562
1763566
1763567
1763568
1763569
1763571
1763572
1764031
1764032
1764033
1764034
1764541
1764542
1764546
1764547
1764554
1764557
1765019
1765020
1765021
1765022
1765023
1765024
1765030
1765033
1765034
1765747
1765748
1765749
1765750
1765751
1765965
1765966
1766116
1766117
1766201
1766255
1766256
1766624
1766625
1766628
1766629
1768116
1768117
1768118
1768189
1768190
1768197
1768198
1768199
1768200
1768201
1768202
1768203
1768204
1768205
1768206
1768207
1768876
1769009
1769010
1769013
1769014
1769711
1769712
1769714
1769715
1769721
1769722
1769730
1769731
1771357
1771358
1771873
1771874
1771899
1771900
1771901
1771902
1771903
1771904
1771905
1771906
1772215
1772216
1773451
1773452
1774108
1774109
1774114
1774115
1774129
1774130
1774132
1774133
1774134
1774135
1774142
1774167
1774230
1774274
1774275
1774978
1774981
1774982
1774983
1774984
1774985
1774986
1774987
1775122
1775123
1775124
1775125
1775425
1775426
1775469
1775470
1775472
1775473
1775686
1775687
1775706
1775707
1775950
1776158
1776268
1776335
1776336
1776337
1776338
1776339
1776341
1776485
1776486
1776487
1776488
1776489
1776490
1776491
1776875
1776876
1776960
1776961
1776962
1776963
1776964
1776965
1776966
1776967
1776968
1776969
1776970
1776971
1776972
1776973
1776974
1776975
1776976
1776977
1776978
1776979
1776980
1776981
1776982
1776983
1776984
1776985
1776986
1776987
1776988
1776989
1776990
1776991
1776992
1776993
1776994
1776995
1776996
1776997
1776998
1776999
1777000
1777823
1778260
1778615
1778616
1778654
1778655
1779142
1779143
1779350
1780076
1780300
1780301
1780302
1780303
1780304
1781152
1781153
1781154
1781155
1781156
1781157
1781158
1781159
1781160
1781161
1781162
1781163
1781330
1781331
1781332
1781333
1781334
1781335
1781336
1781337
1781338
1781339
1781340
1781341
1781342
1781343
1781344
1781345
1781346
1781347
1781348
1781349
1781350
1781351
1781352
1781353
1781354
1781355
1781356
1781357
1781358
1781359
1781360
1781361
1781362
1781363
1781364
1781365
1781366
1781367
1781368
1781369
1781370
1781371
1781372
1781373
1781374
1781375
1781376
1781377
1781378
1781379
1781380
1781381
1781382
1781383
1781384
1781385
1781386
1781387
1781388
1781389
1781390
1781391
1781392
1781393
1781394
1781395
1781396
1781397
1781398
1781399
1781400
1781401
1781402
1781403
1781404
1781405
1781406
1781407
1781408
1781409
1781410
1781411
1781412
1781413
1781414
1781415
1781416
1781417
1781418
1781419
1781420
1781421
1781422
1781423
1781424
1781425
1781426
1781427
1781428
1781429
1781430
1781431
1781432
1781433
1781434
1781435
1781436
1781437
1781438
1781439
1781440
1781441
1781442
1781443
1781444
1781445
1781446
1781447
1781448
1781449
1781450
1781451
1781452
1781453
1781454
1781455
1781456
1781457
1781458
1781459
1781460
1781461
1781462
1781463
1781464
1781465
1781466
1781467
1781468
1781469
1781470
1781471
1781472
1781473
1781474
1781475
1781476
1781477
1781478
1781479
1781480
1781481
1781482
1781483
1781484
1781485
1781486
1781487
1781488
1781489
1781490
1781491
1781492
1781493
1781494
1781495
1781496
1781497
1781498
1781499
1781500
1781501
1781502
1781503
1781504
1781505
1781506
1781507
1781508
1781509
1781510
1781511
1781512
1781513
1781514
1781515
1781516
1781517
1781518
1781519
1781520
1781521
1781522
1781523
1781524
1781525
1781526
1781527
1781528
1781529
1781530
1781531
1781532
1781533
1781534
1781535
1781536
1781537
1781538
1781539
1781540
1781541
1781542
1781543
1781544
1781545
1781546
1781547
1781548
1781549
1781550
1781551
1781552
1781553
1781554
1781555
1781556
1781557
1781558
1781559
1781560
1781561
1781562
1781563
1781564
1781565
1781566
1781567
1781568
1781569
1781570
1781571
1781572
1781573
1781574
1781575
1781576
1781577
1781578
1781579
1781580
1781581
1781582
1781583
1781584
1781585
1781586
1781587
1781588
1781589
1781590
1781591
1781592
1781593
1781594
1781595
1781596
1781597
1781598
1781599
1781600
1783271
1783489
1783490
1784727
1784728
1784837
1784838
1785763
1785764
1785765
1785766
1789651
1789653
1789662
1792145
1792240
1792241
1792292
1792293
1792503
1792592
1792593
1793144
1793145
1794983
1794984
1794985
1795034
1795035
1795036
1795309
1795364
1795365
1795370
1795371
1795660
1795661
1795662
1795731
1795732
1795733
1795815
1795817
1798044
1798876
1798889
1798890
1798891
1798892
1798907
1798908
1798909
1798910
1798911
1798912
1798914
1798915
1798916
1798917
1798918
1798919
1798923
1799666
1799672
1799687
1799764
1799766
1799767
1799768
1799769
1799770
1799772
1804158
1804163
1804182
1804183
1804995
1804996
1805579
1805580
1805581
1805582
1805583
1805584
1805585
1805586
1805587
1805588
1805589
1805590
1805591
1805592
1805778
1805779
1806075
1806076
1806453
1806454
1806884
1807007
1807008
1807009
1807010
1807011
1807012
1807013
1807014
1807016
1807017
1807018
1807517
1807843
1807844
1807845
1807846
1807936
1807937
1807938
1808295
1808963
1809622
1809623
1810506
1810507
1810508
1810509
1810869
1810870
1810934
1810935
1811427
1812154
1812155
1812173
1812174
1812290
1812291
1812292
1812293
1812753
1812754
1812755
1812756
1812757
1812758
1812761
1812762
1813636
1813818
1813819
1814074
1814075
1814130
1814131
1814132
1814133
1814134
1814135
1814136
1814137
1814138
1814139
1814140
1814141
1814142
1814143
1814144
1814145
1814146
1814147
1814148
1814149
1814150
1814151
1814152
1814153
1814155
1814156
1814157
1814158
1814159
1814160
1814161
1814162
1814211
1814212
1816008
1816009
1816089
1817398
1817399
1817400
1817401
1817402
1817585
1817586
1817679
1817953
1817954
1818000
1818001
1818002
1818003
1818005
1818006
1818007
1818008
1818012
1818013
1818014
1818015
1818016
1819329
1820338
1820339
1821054
1821055
1821241
1821242
1821250
1821251
1821252
1821253
1821254
1821255
1821256
1821257
1821258
1821259
1822003
1822004
1822005
1822423
1822424
1822465
1822466
1822482
1824562
1824563
1824564
1824565
1824863
1824864
1824865
1824866
1824912
1824913
1824916
1824917
1824958
1825055
1825129
1825131
1825132
1825133
1825134
1825135
1825136
1825524
1825859
1825860
1825912
1825913
1825914
1825915
1825916
1825923
1827197
1827198
1827280
1827281
1827308
1827309
1827482
1827483
1827485
1827486
1829938
1829939
1830148
1833763
1834579
1834580
1835334
1835335
1835663
1835664
1835665
1835666
1835667
1835668
1835669
1835670
1835671
1835672
1835673
1835674
1835675
1835676
1835677
1835678
1835679
1835680
1835681
1835682
1835683
1835684
1835685
1835687
1835688
1835689
1835690
1835691
1835692
1835693
1835694
1835695
1835696
1835697
1836674
1836675
1836788
1836789
1836800
1836801
1836866
1836870
1836873
1836880
1836887
1837104
1837105
1837106
1837932
1839947
1840215
1840216
1841659
1841660
1841661
1841662
1841939
1841940
1842734
1842869
1842870
1842953
1843186
1843187
1843208
1843209
1843211
1843212
1844499
1844500
1844629
1846216
1846217
1846234
1847387
1847726
1847727
1848041
1848161
1849550
1849554
1849555
1849823
1849824
1849829
1849830
1849974
1849975
1850221
1850240
1850241
1851193
1851817
1853262
1853263
1853702
1853703
1854459
1854460
1854483
1854484
1855417
1855418
1855715
1855716
1856687
1856688
1857946
1857947
1858565
1858566
1859930
1860078
1860079
1861712
1861713
1861841
1861975
1861976
1867792
1867793
1867794
1867795
1867798
1867799
1868147
1868148
1868149
1868150
1868151
1868152
1868153
1868154
1868155
1868156
1868157
1868158
1868330
1868331
1868480
1868660
1868661
1868662
1868664
1868665
1868666
1868667
1868668
1868669
1868670
1868671
1868672
1868673
1868674
1868675
1868676
1868677
1868678
1868679
1868680
1868681
1868682
1868684
1868685
1868686
1868687
1868704
1868732
1868733
1869250
1869256
1869257
1870823
1870824
1870980
1871083
1871084
1871085
1871100
1871447
1871448
1871449
1871450
1871464
1872080
1872081
1872590
1872591
1872674
1872675
1872676
1872677
1872715
1872716
1872717
1872718
1872723
1873886
1874364
1874627
1874628
1874687
1879001
1879002
1879003
1879004
1879009
1879011
1879012
1879287
1879288
1881867
1882650
1882651
1882652
1882653
1882654
1882655
1882656
1882657
1882658
1882930
1882932
1884211
1884212
1884481
1884482
1884794
1884795
1884936
1884937
1885342
1885343
1886414
1886415
1886416
1886417
1886418
1886584
1886585
1886586
1888894
1888895
1890062
1890063
1890248
1890249
1890250
1890251
1890252
1890283
1890284
1890690
1891287
1891288
1891917
1891918
1891927
1891974
1892068
1892389
1892390
1892431
1895579
1895580
1895581
1895986
1895987
1895988
1895989
1896055
1896064
1896065
1896160
1896161
1896162
1896163
1896338
1896339
1897453
1897463
1897733
1898090
1898091
1898092
1898095
1898096
1898097
1898220
1898462
1898463
1898464
1898465
1898466
1898467
1898468
1898469
1898470
1898471
1898472
1898473
1898475
1898476
1898477
1898478
1898479
1898480
1898481
1898482
1898483
1898484
1898485
1898486
1898487
1898488
1898489
1898490
1898491
1898492
1898493
1898494
1898495
1898496
1898497
1898498
1898499
1898500
1898501
1898502
1898506
1898507
1898511
1898512
1898513
1898514
1898515
1898519
1898522
1898526
1898527
1898528
1898529
1898530
1898531
1898532
1898533
1898534
1898536
1898537
1898538
1898539
1898540
1898541
1898616
1898943
1898966
1899260
1899261
1899262
1899263
1899264
1899265
1899266
1899496
1899497
1899535
1903159
1903160
1903175
1903176
1903474
1903475
1903508
1903509
1903850
1903851
1904379
1904380
1904483
1904484
1905317
1905318
1905346
1905347
1905587
1905588
1906357
1906787
1907576
1907579
1908202
1908203
1908548
1909793
1909794
1909795
1910926
1910927
1911363
1911364
1911551
1911552
1911558
1911559
1911568
1911569
1911583
1911584
1912089
1912219
1912220
1912222
1912223
1913601
1913602
1914231
1914232
1914236
1914237
1914238
1914239
1914262
1914263
1914451
1914452
1914459
1914460
1914523
1915403
1915404
1917397
1917425
1917426
1917974
1917975
1918606
1918607
1918609
1918610
1918612
1918613
1918619
1918620
1918621
1918622
1918625
1918626
1918628
1918629
1918634
1918635
1918637
1918638
1920243
1920244
1920253
1920254
1920463
1920464
1920465
1920467
1920468
1920470
1920471
1920472
1920473
1920496
1920497
1920506
1920507
1920639
1920721
1920730
1920731
1920732
1920733
1920734
1920735
1920736
1920738
1920739
1920740
1920741
1920742
1920743
1920744
1920814
1920857
1920858
1921416
1921417
1921571
1921572
1921584
1921585
1922301
1922302
1924064
1924065
1924085
1924086
1924095
1924096
1924107
1924108
1924112
1924113
1924152
1924153
1924154
1924155
1924156
1924157
1924740
1926255
1926256
1926261
1926262
1926558
1926559
1926653
1926654
1926661
1926662
1926669
1926670
1926675
1926676
1926679
1926680
1928577
1928822
1928823
1929047
1929048
1929086
1929087
1929092
1929093
1929299
1929300
1929307
1929308
1929478
1929479
1929487
1930589
1930590
1930615
1930616
1930858
1930859
1931226
1931227
1931409
1933064
1933065
1933090
1933091
1933118
1933119
1933216
1934004
1934005
1934007
1934008
1934949
1934950
1935020
1935178
1935179
1935194
1935195
1935202
1935203
1935378
1935458
1935459
1935933
1935953
1935954
1935971
1935972
1935981
1935982
1936016
1936017
1936082
1936121
1936122
1936123
1936124
1936125
1936126
1936127
1936128
1936129
1936130
1936131
1936133
1936134
1936135
1936136
1936137
1936138
1936139
1936140
1936141
1936142
1936143
1936144
1936145
1936146
1936147
1936148
1936149
1936150
1936160
1936161
1936162
1936163
1936164
1936165
1936166
1936167
1936168
1936169
1936170
1936171
1936172
1936173
1936174
1936175
1936177
1936186
1936187
1936188
1936189
1936190
1936191
1936192
1936193
1936194
1936195
1937010
1937011
1937013
1937014
1937018
1937019
1937666
1937667
1937807
1937808
1937813
1937814
1938132
1938133
1938134
1938135
1938136
1938137
1938138
1938139
1938140
1938337
1938338
1938394
1938395
1938396
1938398
1938434
1938436
1938437
1938448
1938450
1938451
1938457
1938458
1938459
1938460
1938461
1938468
1938471
1938474
1938475
1938476
1938480
1938481
1938484
1938485
1938486
1938487
1938489
1938494
1938495
1938496
1938497
1938499
1938501
1938502
1938509
1938510
1938513
1938514
1938524
1938525
1940206
1940207
1940208
1940212
1940257
1940258
1941281
1954187
1954188
1954189
1954190
1954191
1954192
1954193
1954194
1954208
1954210
1960113
1960247
1961219
1961220
1961807
1961808
1962127
1962128
1962932
1962933
1963276
1963277
1963760
1964349
1964402
1964403
1964404
1965017
1965228
1965229
1966731
1967633
1967634
1967939
1968542
1969832
1971759
1971760
1972135
1972136
1973008
1973422
1973423
1973499
1973500
1977907
1978567
1978777
1978778
1978779
1978780
1978781
1978830
1978831
1978832
1978833
1978834
1978836
1978837
1978838
1978839
1978840
1978842
1978845
1978846
1978847
1978848
1978849
1978850
1978851
1978852
1978853
1978854
1978855
1978856
1978857
1978858
1978859
1978860
1978861
1978862
1978863
1978864
1978865
1978868
1978869
1978871
1978873
1978876
1978877
1978880
1978881
1978882
1978883
1978884
1978885
1978886
1978887
1978888
1978889
1978890
1978891
1978892
1978893
1978894
1978896
1978897
1978898
1978899
1978900
1978901
1978902
1978903
1978904
1978905
1978906
1978907
1978910
1978911
1978912
1978913
1978914
1978915
1978916
1979845
1979846
1980042
1980531
1980532
1980647
1980648
1980682
1980683
1980686
1980688
1980695
1980696
1980698
1980699
1980987
1980988
1981030
1981031
1981035
1981036
1981052
1981053
1981201
1982662
1982663
1983265
1983266
1983274
1983275
1983276
1983277
1983278
1983279
1983302
1983303
1983304
1983305
1983404
1983405
1983455
1983723
1983747
1983748
1983761
1983766
1983767
1983768
1983769
1985110
1985111
1985112
1985113
1985114
1985115
1985117
1985118
1985119
1986199
1986200
1986201
1986286
1986287
1986288
1986364
1986366
1986371
1986372
1986373
1986374
1986376
1986377
1986382
1986383
1986384
1986385
1986386
1986388
1986389
1986390
1986391
1986395
1986396
1986398
1986400
1986401
1986404
1986405
1986408
1986409
1986410
1986411
1986412
1986464
1986465
1986543
1986546
1986566
1986579
1986581
1986582
1986583
1986899
1986900
1986901
1986902
1986903
1986904
1986905
1986906
1986907
1986908
1986909
1986910
1986911
1986912
1986913
1986914
1986915
1986916
1986917
1986918
1986919
1986920
1986921
1986922
1986923
1986924
1986925
1986926
1986927
1986928
1986929
1986930
1986931
1986932
1986933
1986934
1986936
1986937
1986938
1986939
1986940
1986941
1986942
1986943
1986944
1986945
1986946
1986947
1986948
1986949
1987480
1987481
1987482
1987483
1987484
1987485
1987486
1987487
1987585
1993765
2002779
2002780
2002782
2002783
2002784
2002785
2002786
2002787
2002788
2002789
2002790
2002791
2002792
2002799
2002802
2002803
2002804
2002805
2002810
2002811
2002812
2002813
2002814
2002815
2002819
2002821
2002822
2002823
2002824
2002825
2002827
2002828
2002829
2002830
2002976
2002977
2003122
2004663
2004664
2004665
2004666
2004798
2004799
2005357
2005358
2005361
2005362
2005369
2005370
2006127
2006128
2008783
2008784
2011160
2012637
2012638
2012859
2013864
2013865
2014072
2014073
2014237
2014368
2014369
2014370
2014371
2014372
2014373
2014374
2014375
2014376
2014611
2015751
2015752
2015753
2015754
2015755
2015756
2015907
2016284
2016285
2017761
2017762
2017967
2017968
2018039
2018040
2018665
2018666
2019485
2019486
2020293
2020294
2020305
2020306
2020336
2020337
2020341
2020342
2020343
2020344
2020345
2020346
2020347
2020348
2020349
2020350
2020351
2020352
2020353
2020354
2020355
2020356
2020357
2020358
2020359
2020360
2020361
2020362
2020363
2020364
2020365
2020366
2020367
2020368
2020369
2020370
2020376
2020378
2020379
2020380
2020381
2020382
2020383
2020384
2020385
2020387
2020388
2020389
2020390
2020391
2020392
2020393
2020394
2020395
2020396
2020397
2020398
2020399
2020400
2020401
2020402
2020403
2020404
2020405
2020406
2020424
2020425
2020687
2020688
2020691
2020692
2020693
2020694
2020695
2020696
2020697
2020699
2020700
2020704
2020705
2020706
2020707
2020708
2020709
2020710
2020711
2020712
2020799
2020800
2020801
2020802
2020803
2020804
2020805
2020806
2020807
2020808
2020809
2020810
2020811
2020812
2020813
2020814
2020815
2020816
2020817
2020818
2020819
2020820
2020821
2020822
2020823
2020824
2020825
2020826
2020827
2020828
2020832
2020833
2020834
2020839
2020840
2020842
2020843
2020844
2020845
2020846
2020847
2020849
2021197
2021198
2021199
2021988
2021989
2022335
2022338
2022339
2022340
2022341
2022459
2022460
2022748
2023268
2023269
2023706
2023707
2024008
2024009
2024012
2024013
2024375
2024384
2024385
2024431
2024967
2024968
2024977
2024978
2025496
2025615
2025616
2025951
2026181
2026182
2026351
2026352
2026567
2026568
2027103
2027104
2028094
2028095
2028096
2028097
2028098
2028099
2028100
2028101
2028208
2028213
2028215
2028219
2028221
2028223
2028224
2028342
2029862
2029863
2030028
2030920
2031150
2031151
2031152
2031153
2031154
2031155
2031156
2031157
2031158
2033017
2033018
2033619
2033620
2033641
2033642
2033658
2033659
2033660
2033662
2033663
2034148
2034158
2034159
2034247
2034248
2034845
2034846
2035737
2035738
2035846
2035847
2035857
2035858
2036003
2036004
2036013
2036014
2036023
2036024
2036057
2036788
2036789
2038069
2038070
2038140
2038169
2038170
2038171
2038282
2038283
2038472
2038477
2038479
2038586
2038605
2038606
2038607
2038626
2038630
2038631
2038633
2038637
2038638
2038678
2038679
2039222
2039223
2039238
2039239
2039242
2039243
2039716
2039717
2039725
2039726
2040256
2040257
2040479
2040480
2040488
2040489
2041176
2041177
2041197
2041198
2041762
2041763
2042068
2042069
2042530
2042532
2042656
2042657
2042897
2042898
2042990
2042991
2042992
2042993
2043201
2043202
2043203
2043204
2043205
2043206
2043207
2043208
2043209
2043210
2043211
2043212
2043213
2043372
2043373
2043385
2043386
2043387
2043388
2043389
2043390
2043391
2043392
2043393
2043394
2043395
2043396
2043397
2043398
2043399
2043400
2043401
2043402
2043403
2043404
2043405
2043406
2043407
2043408
2043409
2043410
2043411
2043412
2043413
2043414
2043415
2043416
2043417
2043418
2043419
2043425
2044478
2044479
2044480
2044481
2044598
2044599
2044600
2044601
2044850
2044851
2044874
2045101
2045102
2045359
2045413
2045414
2046254
2047713
2047732
2047733
2047935
2048118
2048119
2048120
2048121
2048125
2048127
2048128
2048130
2048131
2048139
2048140
2048281
2048913
2048914
2049316
2049402
2049403
2049914
2049915
2049936
2050683
2050684
2051673
2051674
2052810
2052811
2052812
2052958
2052991
2052992
2053188
2053462
2053463
2053596
2053597
2055882
2055883
2056698
2056699
2056704
2056769
2056770
2056910
2056911
2056912
2056913
2056914
2056915
2056916
2057236
2057237
2058171
2058172
2058177
2058178
2058391
2058392
2058622
2058776
2058777
2060096
2060097
2060724
2060725
2060879
2060880
2065076
2065077
2065331
2065332
2065333
2065335
2065336
2065337
2065339
2065340
2065341
2066060
2066062
2066063
2066064
2066065
2066437
2066438
2066481
2066482
2066529
2066530
2066533
2066534
2067936
2068106
2068107
2068108
2068109
2068110
2068111
2068113
2068114
2068118
2068120
2068230
2068231
2068790
2069570
2071603
2071604
2072508
2072647
2072648
2072649
2072650
2072690
2072691
2072699
2072700
2072701
2072702
2072703
2072704
2072705
2072706
2072732
2072733
2072734
2072735
2077316
2077317
2080987
2081902
2081903
2081963
2082082
2082083
2082402
2083007
2083008
2083196
2083197
2083302
2083488
2083785
2093337
2093338
2093354
2093355
2093988
2094117
2094580
2094709
2094732
2094733
2099659
2099660
2099661
2099662
2099725
2099726
2099727
2099729
2099730
2100117
2100121
2100122
2100123
2100420
2100743
2100744
2107766
2107767
2107768
2107769
2107770
2108012
2108013
2108015
2108016
2108017
2108018
2108019
2108020
2108021
2108024
2108025
2108026
2108033
2108034
2108037
2108038
2108039
2108041
2108042
2108045
2108046
2108047
2108048
2108049
2108050
2108051
2108052
2108056
2108057
2108058
2108059
2108060
2108061
2108064
2108065
2108066
2108067
2108068
2108069
2108070
2108071
2108072
2108073
2108074
2108075
2108077
2108079
2108080
2108081
2108082
2108083
2108084
2108085
2108090
2108091
2108092
2108093
2108094
2108095
2108096
2108097
2108101
2108102
2108104
2108105
2108106
2108107
2108108
2108138
2108139
2108140
2108142
2108143
2108144
2108145
2108146
2108147
2108148
2108149
2108154
2108155
2108157
2108158
2108159
2108160
2108161
2108162
2108175
2108176
2108177
2108178
2108179
2108180
2108181
2108182
2108183
2108184
2108186
2108213
2108214
2108244
2108245
2108249
2108250
2108251
2108252
2108253
2108260
2108263
2108264
2108265
2108266
2108267
2108270
2108271
2108272
2108273
2108275
2108276
2108277
2108282
2108283
2108284
2108303
2108304
2108307
2108312
2108313
2108314
2108315
2108316
2108317
2108318
2108319
2108320
2108321
2108322
2108323
2108324
2108325
2108326
2108327
2108526
2108527
2109265
2109266
2109282
2109283
2115881
2126000
2126001
2126008
2126009
2126283
2126284
2126285
2126286
2126287
2126288
2126291
2126292
2126293
2126294
2126295
2126322
2126323
2126347
2126348
2126349
2126390
2126391
2126392
2126393
2126394
2126395
2126396
2126397
2126398
2126399
2126400
2126401
2126402
2126403
2126404
2126405
2126406
2126407
2126408
2126409
2126411
2126413
2126415
2126417
2126419
2126420
2126421
2126422
2126423
2126425
2126523
2133760
2134038
2134039
2137251
2137252
2137579
2137580
2137802
2137804
2152943
2152944
2153235
2163170
2163171
2169527
2169528
2170354
2170355
2170378
2170379
2170382
2170383
2170384
2170385
2170386
2170388
2170390
2170391
2170392
2170393
2170394
2170395
2170396
2170397
2170398
2170399
2170420
2170421
2170422
2170449
2170499
2170500
2170501
2170529
2170530
2170536
2170537
2170539
2170540
2170542
2170543
2172011
2172124
2172125
2172126
2172127
2172837
2173041
2173042
2173186
2173856
2175237
2175238
2175242
2175276
2175277
2175959
2175960
2183636
2183637
2184067
2184068
2184078
2184079
2184236
2184237
2185276
2185277
2185302
2185303
2201387
2201388
2201736
2201989
2201990
2201991
2201992
2201993
2201994
2201995
2202085
2202086
2202140
2204162
2204163
2211326
2211327
2211649
2211650
2211653
2211654
2211666
2211667
2212374
2212375
2212654
2212655
2212656
2212657
2212658
2212659
2212688
2212689
2212690
2212692
2212693
2212694
2212695
2212696
2212697
2212698
2212729
2212730
2212736
2212737
2212745
2212746
2212750
2212752
2212753
2212754
2212756
2212757
2212759
2212760
2212762
2212763
2212764
2212765
2212766
2212767
2212770
2212771
2212772
2212773
2212775
2212777
2212778
2212782
2212783
2212785
2212786
2212787
2212788
2212789
2212791
2212792
2212793
2212797
2212798
2212799
2212800
2212801
2212802
2212803
2212804
2212805
2212811
2213014
2219212
2219213
2219780
2220063
2220064
2231193
2231194
2231195
2231196
2233559
2233803
2233804
2249407
2249408
2249409
2249410
2249411
2249412
2250599
2250600
2250601
2250602
2250603
2250605
2250606
2250607
2250608
2250609
2250610
2250611
2250612
2250613
2250614
2250615
2250616
2250617
2250618
2250619
2250620
2250621
2250622
2250623
2250624
2250625
2250626
2250627
2250628
2259027
2259028
2259029
2259030
2259031
2259532
2259882
2267609
2268864
2268865
2282087
2282088
2282225
2282226
2282227
2282229
2282230
2282231
2282312
2282314
2282525
2282526
2282627
2282745
2282746
2282748
2282749
2282751
2282752
2283093
2283094
2283235
2290944
2290945
2290946
2290947
2290948
2290949
2290950
2290951
2290952
2290953
2290954
2292162
2292163
2292164
2293260
2293261
2293878
2293879
2301480
2301481
2304597
2304598
2304627
2304628
2304629
2304630
2304631
2304632
2304633
2304634
2304635
2304636
2304638
2304639
2304640
2304641
2304642
2304643
2304698
2304699
2304700
2304701
2305836
2305837
2305838
2305839
2305840
2305841
2305842
2307186
2307187
2307287
2307288
2315767
2316023
2316024
2316205
2316206
2320201
2320202
2320816
2320817
2321117
2321118
2321123
2321124
2321189
2321190
2321397
2321398
2321399
2321400
2321401
2321402
2338240
2341022
2364087
2382311
2382312
2419775
2448459
2448460
2448461
2448462
2448463
2448464
2448465
2448471
2448472
2448814
2448815
2448817
2461317
2461318
2461322
2461323
2461325
2461326
2461357
2461358
2461359
2461360
2479403
2479404
2479423
2479424
2480585
2480866
2485101
2486650
2487694
2487760
2487761
2487777
2487778
2487800
2487801
2487802
2487803
2487804
2487805
2487811
2487814
2487895
2488558
2489051
2489175
2489176
2489177
2489178
2489180
2489181
2490963
2490964
2491143
2492470
2492471
2492473
2492474
2492476
2492477
2492629
2492630
2492631
2492632
2492633
2492634
2492647
2492648
2492838
2493693
2495586
2496904
2496907
2496908
2496909
2496910
2496911
2496916
2496917
2496918
2496919
2496920
2496921
2497812
2497813
2498139
2498140
2498456
2498825
2498826
2499825
2499826
2501300
2501301
2501549
2501550
2501551
2501552
2501557
2501558
2501570
2501571
2501572
2501573
2501574
2501575
2501578
2501579
2501584
2501586
2501588
2501589
2501590
2501591
2501593
2501594
2501615
2501617
2501618
2501619
2501623
2501625
2501634
2501637
2501642
2501643
2502012
2502954
2506932
2506933
2506946
2507605
2507658
2507659
2507660
2507661
2507662
2507663
2507664
2507665
2507667
2507668
2507669
2507670
2507671
2507672
2507673
2507674
2507675
2507676
2507677
2507678
2507679
2507680
2507681
2507682
2507683
2507684
2507685
2507686
2507687
2507688
2507714
2507715
2507716
2507717
2507718
2507774
2507775
2507776
2507777
2507778
2507779
2508731
2508887
2509287
2509340
2509342
2509343
2509344
2509345
2509352
2509353
2509354
2509355
2509356
2509357
2509648
2510154
2510155
2510157
2510158
2510159
2510160
2510161
2510162
2510163
2510165
2510166
2510167
2510168
2510338
2510339
2510340
2510341
2510342
2516324
2516325
2516875
2517250
2517264
2517266
2517269
2517270
2517271
2517272
2517273
2517274
2517310
2517315
2517322
2517771
2518131
2528048
2528049
2530205
2530457
2545999
2547273
2547689
2547690
2547691
2547692
2547694
2547695
2547696
2547697
2547698
2547699
2547700
2547701
2547702
2547703
2547704
2547705
2547706
2547707
2547708
2547823
2547824
2547825
2547826
2547827
2547828
2547830
2547831
2547968
2555384
2555385
2558047
2558048
2558049
2558050
2558051
2558052
2558053
2559287
2559288
2559290
2559346
2559347
2559348
2559349
2559350
2559351
2559407
2559408
2559409
2559410
2562286
2562464
2562465
2563785
2563795
2563796
2563799
2563800
2563815
2563816
2563819
2563977
2564041
2564042
2564043
2564044
2564045
2564046
2564047
2564048
2564049
2564050
2564051
2564052
2564053
2564054
2564055
2564056
2564057
2564058
2564060
2564061
2564062
2564063
2564064
2564065
2564066
2564067
2564068
2564069
2564070
2564071
2564073
2564074
2564075
2564076
2564077
2564078
2564079
2564080
2564081
2564082
2564083
2564084
2564085
2564086
2564088
2565739
2567949
2569091
2569092
2569093
2569099
2569100
2571202
2572829
2572922
2573095
2573097
2573098
2573099
2573100
2573101
2573102
2573103
2573104
2573105
2573106
2573107
2573108
2573109
2573110
2573111
2573112
2573113
2573114
2573115
2573116
2573117
2573118
2573119
2573120
2573121
2573122
2573123
2573124
2573125
2573126
2573127
2573128
2573129
2573130
2573131
2573132
2573133
2573134
2573135
2573136
2573137
2573138
2573139
2573140
2573141
2573142
2573143
2573144
2573145
2573146
2573147
2573148
2573149
2573150
2573151
2573152
2573153
2573154
2573155
2573156
2573157
2573158
2573159
2573160
2573161
2573162
2573163
2573164
2573165
2573166
2573167
2573168
2573169
2573170
2573171
2573172
2573173
2573174
2573175
2573176
2573177
2573178
2573179
2573180
2573181
2573182
2573183
2573184
2573185
2573186
2573187
2573188
2573189
2573190
2573191
2573192
2573193
2573194
2573195
2573196
2573197
2573198
2573199
2573200
2573201
2573202
2573203
2573204
2573205
2573206
2573207
2573208
2573209
2573210
2573211
2573212
2573213
2573214
2573215
2573216
2573217
2573218
2573219
2573220
2573221
2573222
2573223
2573224
2573225
2573226
2573227
2573228
2573229
2573230
2573231
2573232
2573233
2573234
2573235
2573236
2573237
2573238
2573239
2573240
2573241
2573242
2573243
2573244
2573245
2573246
2573247
2573248
2573249
2573250
2573251
2573252
2573253
2573254
2573255
2573256
2573257
2573258
2573259
2573260
2573261
2573262
2573263
2573264
2573265
2573266
2573267
2573268
2573269
2573270
2573271
2573272
2573273
2573274
2573275
2573276
2573277
2573278
2573279
2573280
2573281
2573282
2573283
2573284
2573285
2573286
2573287
2573288
2573289
2573290
2573291
2573292
2573293
2573294
2573295
2573296
2573297
2573298
2573299
2573300
2573301
2573302
2573303
2573304
2573305
2573306
2573307
2573308
2573309
2573310
2573311
2573312
2573313
2573314
2573315
2573316
2573317
2573318
2573319
2573320
2573321
2573322
2573323
2573324
2573325
2573326
2573327
2573328
2573329
2573330
2573331
2573332
2573333
2573334
2573335
2573336
2573337
2573338
2573339
2573340
2573341
2573342
2573343
2573344
2573345
2573346
2573347
2573348
2573349
2573350
2573351
2573352
2573353
2573354
2573355
2573356
2573357
2573358
2573359
2573360
2573361
2573362
2573363
2573364
2573365
2573366
2573367
2573368
2573369
2573370
2573371
2573372
2573373
2573374
2573375
2573376
2573377
2573378
2573379
2573380
2573381
2573382
2573383
2573384
2573385
2573386
2573387
2573388
2573389
2573390
2573391
2573392
2573393
2573394
2573395
2573396
2573397
2573398
2573399
2573400
2573401
2573402
2573403
2573404
2573405
2573406
2573407
2573408
2573409
2573410
2573411
2573412
2573413
2573414
2573415
2573416
2573417
2573418
2573419
2573420
2573421
2573422
2573423
2573424
2573425
2573426
2573427
2573428
2573429
2573430
2573431
2573432
2573433
2573434
2573435
2573436
2573437
2573438
2573439
2573440
2573441
2573442
2573443
2573444
2573445
2573446
2573447
2573448
2573449
2573450
2573451
2573452
2573453
2573454
2573455
2573456
2573457
2573458
2573459
2573460
2573461
2573462
2573463
2573464
2573465
2573466
2573467
2573468
2573469
2573470
2573471
2573472
2573473
2573474
2573475
2573476
2573477
2573478
2573479
2573480
2573481
2573482
2573483
2573484
2573485
2573486
2573487
2573488
2573489
2573490
2573491
2573492
2573493
2573494
2573495
2573496
2573497
2573498
2573499
2573500
2573501
2573502
2573503
2573504
2573505
2573506
2573507
2573508
2573509
2573510
2573511
2573512
2573513
2573514
2573515
2573516
2573517
2573518
2573519
2573520
2573521
2573522
2573523
2573524
2573525
2573526
2573527
2573528
2573529
2573530
2573531
2573532
2573533
2573534
2573535
2573536
2573537
2573538
2573539
2573540
2573541
2573542
2573543
2573544
2573545
2573546
2573547
2573548
2573549
2573550
2573551
2573552
2573553
2573554
2573555
2573556
2573557
2573558
2573559
2573560
2573561
2573562
2573563
2573564
2573565
2573566
2573567
2573568
2573569
2573570
2573571
2573572
2573573
2573574
2573575
2573576
2573577
2573578
2573579
2573580
2573581
2573582
2573583
2573584
2573585
2573586
2573587
2573588
2573589
2573590
2573591
2573592
2573593
2573594
2573595
2573596
2573597
2573598
2573599
2573600
2573601
2573602
2573603
2573604
2573605
2573606
2573607
2573608
2573609
2573610
2573611
2573612
2573613
2573614
2573615
2573616
2573617
2573618
2573619
2573620
2573621
2573622
2573623
2573624
2573625
2573626
2573627
2573628
2573629
2573630
2573631
2573632
2573633
2573634
2573635
2573636
2573637
2573638
2573639
2573640
2573641
2573642
2573643
2573644
2573645
2573646
2573647
2573648
2573649
2573650
2573651
2573652
2573653
2573654
2573655
2573656
2573657
2573658
2573659
2573660
2573661
2573662
2573663
2573664
2573665
2573666
2573667
2573668
2573669
2573670
2573671
2573672
2573673
2573674
2573675
2573676
2573677
2573678
2573679
2573680
2573681
2573682
2573683
2573684
2573685
2573686
2573687
2573688
2573689
2573690
2573691
2573692
2573693
2573694
2573695
2573696
2573697
2573698
2573699
2573700
2573701
2573702
2573703
2573704
2573705
2573706
2573707
2573708
2573709
2573710
2573711
2573712
2573713
2573714
2573715
2573716
2573717
2573718
2573719
2573720
2573721
2573722
2573723
2573724
2573725
2573726
2573727
2573728
2573729
2573730
2573731
2573732
2573733
2573734
2573735
2573736
2573737
2573738
2573739
2573740
2573741
2573742
2573743
2573744
2573745
2573746
2573747
2573748
2573749
2573750
2573751
2573752
2573753
2573754
2573755
2573756
2573757
2573758
2573759
2573760
2573761
2573762
2573763
2573764
2573765
2573766
2573767
2573768
2573769
2573770
2573771
2573772
2573773
2573774
2573775
2573776
2573777
2573778
2573779
2573780
2573781
2573782
2573783
2573784
2573785
2573786
2573787
2573788
2573789
2573790
2573791
2573792
2573793
2573794
2573795
2573796
2573797
2573798
2573799
2573800
2573801
2573802
2573803
2573804
2573805
2573806
2573807
2573808
2573809
2573810
2573811
2573812
2573813
2573814
2573815
2573816
2573817
2573818
2573819
2573820
2573821
2573822
2573823
2573824
2573825
2573826
2573827
2573828
2573829
2573830
2573831
2573832
2573833
2573834
2573835
2573836
2573837
2573838
2573839
2573840
2573841
2573842
2573843
2573844
2573845
2573846
2573847
2573848
2573849
2573850
2573851
2573852
2573853
2573854
2573855
2573856
2573857
2573858
2573859
2573860
2573861
2573862
2573863
2573864
2573865
2573866
2573867
2573868
2573869
2573870
2573871
2573872
2573873
2573874
2573875
2573876
2573877
2573878
2573879
2573880
2573881
2573882
2573883
2573884
2573885
2573886
2573887
2573888
2573889
2573890
2573891
2573892
2573893
2573894
2573895
2573896
2573897
2573898
2573899
2573900
2573901
2573902
2573903
2573904
2573905
2573906
2573907
2573908
2573909
2573910
2573911
2573912
2573913
2573914
2573915
2573916
2573917
2573918
2573919
2573920
2573921
2573922
2573923
2573924
2573925
2573926
2573927
2573928
2573929
2573930
2573931
2573932
2573933
2573934
2573935
2573936
2573937
2573938
2573939
2573940
2573941
2573942
2573943
2573944
2573945
2573946
2573947
2573948
2573949
2573950
2573951
2573952
2573953
2573954
2573955
2573956
2573957
2573958
2573959
2573960
2573961
2573962
2573963
2573964
2573965
2573966
2573967
2573968
2573969
2573970
2573971
2573972
2573973
2573974
2573975
2573976
2573977
2573978
2573979
2573980
2573981
2573982
2573983
2573984
2573985
2573986
2573987
2573988
2573989
2573990
2573991
2573992
2573993
2573994
2573995
2573996
2573997
2573998
2573999
2574000
2574001
2574002
2574003
2574004
2574005
2574006
2574007
2574008
2574009
2574010
2574011
2574012
2574013
2574014
2574015
2574016
2574017
2574018
2574019
2574020
2574021
2574022
2574023
2574024
2574025
2574026
2574027
2574028
2574029
2574030
2574031
2574032
2574033
2574034
2574035
2574036
2574037
2574038
2574039
2574040
2574041
2574042
2574043
2574044
2574045
2574046
2574047
2574048
2574049
2574050
2574051
2574052
2574053
2574054
2574055
2574056
2574057
2574058
2574059
2574060
2574061
2574062
2574063
2574064
2574065
2574066
2574067
2574068
2574069
2574070
2574071
2574072
2574073
2574074
2574075
2574076
2574077
2574078
2574079
2574080
2574081
2574082
2574083
2574084
2574085
2574086
2574087
2574088
2574089
2574090
2574091
2574092
2574093
2574094
2574095
2574096
2574097
2574098
2574099
2574100
2574101
2574102
2574103
2574104
2574105
2574106
2574107
2574108
2574109
2574110
2574111
2574112
2574113
2574114
2574115
2574116
2574117
2574118
2574119
2574120
2574121
2574122
2574123
2574124
2574125
2574126
2574127
2574128
2574129
2574130
2574131
2574132
2574133
2574134
2574135
2574136
2574137
2574138
2574139
2574140
2574141
2574142
2574143
2574144
2574145
2574146
2574147
2574148
2574149
2574150
2574151
2574152
2574153
2574154
2574155
2574156
2574157
2574158
2574159
2574160
2574161
2574162
2574163
2574164
2574165
2574166
2574167
2574168
2574169
2574170
2574171
2574172
2574173
2574174
2574175
2574176
2574177
2574178
2574179
2574180
2574181
2574182
2574183
2574184
2574185
2574186
2574187
2574188
2574189
2574190
2574191
2574192
2574193
2574194
2574195
2574196
2574197
2574198
2574199
2574200
2574201
2574202
2574203
2574204
2574205
2574206
2574207
2574208
2574209
2574210
2574211
2574212
2574213
2574214
2574215
2574216
2574217
2574218
2574219
2574220
2574221
2574222
2574223
2574224
2574225
2574226
2574227
2574228
2574229
2574230
2574231
2574232
2574233
2574234
2574235
2574236
2574237
2574238
2574239
2574240
2574241
2574242
2574243
2574244
2574245
2574246
2574247
2574248
2574249
2574250
2574251
2574252
2574253
2574254
2574255
2574256
2574257
2574258
2574259
2574260
2574261
2574262
2574263
2574264
2574265
2574266
2574267
2574268
2574269
2574270
2574271
2574272
2574273
2574274
2574275
2574276
2574277
2574278
2574279
2574280
2574281
2574282
2574283
2574284
2574285
2574286
2574287
2574288
2574289
2574290
2574291
2574292
2574293
2574294
2574295
2574296
2574297
2574298
2574299
2574300
2574301
2574302
2574303
2574304
2574305
2574306
2574307
2574308
2574309
2574310
2574311
2574312
2574313
2574314
2574315
2574316
2574317
2574318
2574319
2574320
2574321
2574322
2574323
2574324
2574325
2574326
2574327
2574328
2574329
2574330
2574331
2574332
2574333
2574334
2574335
2574336
2574337
2574338
2574339
2574340
2574341
2574342
2574343
2574344
2574345
2574346
2574347
2574348
2574349
2574350
2574351
2574352
2574353
2574354
2574355
2574356
2574357
2574358
2574359
2574360
2574361
2574362
2574363
2574364
2574365
2574366
2574367
2574368
2574369
2574370
2574371
2574372
2574373
2574374
2574375
2574376
2574377
2574378
2574379
2574380
2574381
2574382
2574383
2574384
2574385
2574386
2574387
2574388
2574389
2574390
2574391
2574392
2574393
2574394
2574395
2574396
2574397
2574398
2574399
2574400
2574401
2574402
2574403
2574404
2574405
2574406
2574407
2574408
2574409
2574410
2574411
2574412
2574413
2574414
2574415
2574416
2574417
2574418
2574419
2574420
2574421
2574422
2574423
2574424
2574425
2574426
2574427
2574428
2574429
2574430
2574431
2574432
2574433
2574434
2574435
2574436
2574437
2574438
2574439
2574440
2574441
2574442
2574443
2574444
2574445
2574446
2574447
2574448
2574449
2574450
2574451
2574452
2574453
2574454
2574455
2574456
2574457
2574458
2574459
2574460
2574461
2574462
2574463
2574464
2574465
2574466
2574467
2574468
2574469
2574470
2574471
2574472
2574473
2574474
2574475
2574476
2574477
2574478
2574479
2574480
2574481
2574482
2574483
2574484
2574485
2574486
2574487
2574488
2574489
2574490
2574491
2574492
2574493
2574494
2574495
2574496
2574497
2574498
2574499
2574500
2574501
2574502
2574503
2574504
2574505
2574506
2574507
2574508
2574509
2574510
2574511
2574512
2574513
2574514
2574515
2574516
2574517
2574518
2574519
2574520
2574521
2574522
2574523
2574524
2574525
2574526
2574527
2574528
2574529
2574530
2574531
2574532
2574533
2574534
2574535
2574536
2574537
2574538
2574539
2574540
2574541
2574542
2574543
2574544
2574545
2574546
2574547
2574548
2574549
2574550
2574551
2574552
2574553
2574554
2574555
2574556
2574557
2574558
2574559
2574560
2574561
2574562
2574563
2574564
2574565
2574566
2574567
2574568
2574569
2574570
2574571
2574572
2574573
2574574
2574575
2574576
2574577
2574578
2574579
2574580
2574581
2574582
2574583
2574584
2574585
2574586
2574587
2574588
2574589
2574590
2574591
2574592
2574593
2574594
2574595
2574596
2574597
2574598
2574599
2574600
2574601
2574602
2574603
2574604
2574605
2574606
2574607
2574608
2574609
2574610
2574611
2574612
2574613
2574614
2574615
2574616
2574617
2574618
2574619
2574620
2574621
2574622
2574623
2574624
2574625
2574626
2574627
2574628
2574629
2574630
2574631
2574632
2574633
2574634
2574635
2574636
2574637
2574638
2574639
2574640
2574641
2574642
2574643
2574644
2574645
2574646
2574647
2574648
2574649
2574650
2574651
2574652
2574653
2574654
2574655
2574656
2574657
2574658
2574659
2574660
2574661
2574662
2574663
2574664
2574665
2574666
2574667
2574668
2574669
2574670
2574671
2574672
2574673
2574674
2574675
2574676
2574677
2574678
2574679
2574680
2574681
2574682
2574683
2574684
2574685
2574686
2574687
2574688
2574689
2574690
2574691
2574692
2574693
2574694
2574695
2574696
2574697
2574698
2574699
2574700
2574701
2574702
2574703
2574704
2574705
2574706
2574707
2574708
2574709
2574710
2574711
2574712
2574713
2574714
2574715
2574716
2574717
2574718
2574719
2574720
2574721
2574722
2574723
2574724
2574725
2574726
2575702
2575703
2576884
2576885
2576886
2576887
2576888
2576889
2576893
2576894
2580417
2580418
2580419
2580420
2582842
2582996
2582997
2582998
2582999
2583000
2583001
2583002
2583003
2583004
2583005
2583006
2583007
2583008
2583009
2583010
2583011
2583012
2583013
2583014
2583015
2583016
2583017
2583018
2583019
2583020
2583021
2583397
2583418
2584003
2584004
2585136
2587169
2587241
2587243
2587245
2587246
2587247
2587250
2587251
2587254
2587255
2587266
2587267
2587276
2587277
2587454
2587455
2587598
2587601
2587602
2587603
2587604
2587605
2587606
2587607
2587608
2587609
2587610
2587611
2587612
2587613
2587614
2587615
2587616
2587617
2587618
2587619
2587760
2587761
2588561
2588562
2588563
2588564
2588565
2588566
2588567
2588568
2588569
2588570
2588571
2588572
2588573
2588574
2588575
2588576
2588577
2588578
2588579
2588580
2588581
2588582
2588583
2588584
2588585
2588586
2588588
2588589
2588590
2588591
2588592
2588593
2588594
2588595
2588596
2588597
2588598
2588599
2588600
2588601
2588610
2588611
2588612
2588615
2588616
2588617
2588618
2588619
2588776
2588777
2588811
2589864
2590416
2590417
2590418
2590429
2590430
2590431
2590447
2590458
2590459
2590461
2590462
2590463
2590464
2590465
2590466
2590467
2590468
2590469
2590470
2590471
2590472
2590473
2590474
2590475
2590476
2590477
2590478
2590479
2590480
2590481
2590482
2590485
2590668
2590988
2590989
2590990
2590991
2591383
2591384
2591688
2591692
2592666
2592667
2592831
2592833
2592834
2592835
2592837
2592839
2592840
2592841
2592842
2592843
2592844
2592845
2592846
2592847
2592848
2592849
2592850
2592851
2592852
2593685
2593686
2593689
2594123
2594124
2594126
2594127
2594128
2594129
2594130
2594131
2594132
2594133
2594134
2594135
2594136
2594137
2594138
2594139
2594140
2594141
2594142
2594143
2594144
2594145
2594146
2594147
2594148
2594149
2594150
2594151
2594152
2594153
2594154
2594155
2594275
2594276
2594277
2594278
2594280
2594281
2594283
2594285
2594286
2594287
2594288
2594289
2594290
2594293
2594294
2594295
2594296
2594297
2594298
2594299
2594300
2594301
2594302
2594303
2594304
2594305
2594306
2594307
2594308
2594310
2594311
2594312
2594892
2594893
2594894
2594895
2594896
2594897
2594898
2594899
2594925
2594926
2594931
2594932
2594933
2594939
2594944
2596750
2596751
2596910
2597664
2597666
2597667
2597668
2597669
2598525
2598526
2598970
2599397
2600306
2600307
2601223
2601224
2601225
2601227
2601228
2601229
2601231
2601232
2601233
2601234
2601235
2601236
2601237
2601238
2601239
2601240
2601241
2601242
2601271
2601273
2601275
2601277
2601279
2601281
2601283
2601285
2601287
2601289
2601290
2601291
2601292
2601293
2601294
2601295
2601296
2601297
2601298
2601299
2601300
2601301
2601302
2601303
2601304
2601305
2601306
2601307
2601308
2601309
2601310
2601311
2601312
2601313
2601314
2601315
2601316
2601317
2601318
2601319
2601320
2601321
2601322
2601323
2601324
2601325
2601326
2601327
2601328
2601329
2601330
2601331
2601332
2601333
2601334
2601335
2601336
2601337
2601338
2601339
2601340
2601341
2601342
2601343
2601344
2601345
2601346
2601347
2601348
2601349
2601350
2601351
2601352
2601353
2601354
2601356
2601357
2601362
2601363
2601364
2601365
2601366
2601367
2601368
2601369
2601370
2601371
2601372
2601373
2601374
2601375
2601376
2601699
2601700
2601854
2602421
2602422
2603247
2603675
2603676
2603691
2603692
2603693
2603694
2603696
2603710
2603719
2603726
2603740
2603756
2603757
2603758
2603759
2603839
2603840
2603841
2603847
2604713
2604714
2605941
2605942
2606682
2606844
2606845
2606847
2607062
2607665
2607973
2608721
2608730
2609451
2609452
2610817
2610844
2613894
2613895
2613905
2613906
2613908
2613909
2613910
2613915
2613916
2613919
2613920
2613938
2613939
2613940
2613941
2613942
2613943
2614450
2650615
2650616
2650617
2650618
2650619
2650620
2650621
2650622
2650623
2650624
2650625
2650929
2650930
2651164
2651165
2651166
2651175
2651177
2651178
2651282
2651283
2651585
2651586
2651591
2652663
2652664
2653859
2653860
2656738
2656739
2661786
2661787
2662185
2662186
2662365
2662366
2663137
2663138
2664892
2665944
2665945
2665946
2665947
2665948
2665949
2665950
2665951
2665952
2665953
2665974
2665976
2665977
2665978
2665979
2675672
2675673
2676054
2676055
2676250
2676251
2676315
2676340
2676341
2676342
2676343
2676344
2676345
2676346
2676347
2676348
2676349
2676350
2676351
2676352
2676375
2676376
2676377
2676378
2676379
2676380
2676758
2676759
2676784
2676785
2676861
2676862
2678329
2678346
2678347
2678355
2678356
2678532
2678533
2678592
2678593
2678896
2678897
2678898
2678899
2679895
2679896
2680012
2680013
2680033
2680034
2680037
2680038
2681964
2682231
2682232
2682736
2682738
2682739
2682740
2682741
2682742
2682960
2682969
2682970
2683137
2683138
2683183
2683184
2683208
2683209
2684267
2684268
2684384
2684385
2684395
2684396
2684665
2684666
2684888
2684889
2689586
2689617
2689618
2691535
2691536
2691552
2691553
2691593
2692116
2692117
2692121
2692122
2692385
2692386
2696292
2696293
2697039
2699298
2699299
2703687
2703688
2705415
2705437
2706753
2706754
2709691
2709692
2709693
2709694
2710142
2711281
2711282
2711284
2711285
2712696
2712697
2713252
2713645
2713646
2714341
2715074
2715075
2715077
2715078
2715079
2715080
2715106
2715107
2715108
2715109
2715110
2715113
2715114
2715119
2715120
2716131
2716132
2716133
2716134
2716135
2716136
2716137
2716138
2716139
2716140
2716141
2716142
2716143
2716144
2716145
2716146
2716147
2716148
2716149
2716150
2716158
2716159
2716160
2716161
2716162
2716163
2716186
2717092
2717093
2718528
2718529
2718879
2718880
2719316
2719317
2719584
2719585
2721627
2721758
2721759
2722938
2722939
2722940
2722941
2722942
2722943
2722944
2722945
2722946
2722947
2722948
2722949
2722950
2722951
2722952
2722953
2722954
2722955
2722956
2722957
2722958
2722959
2722960
2722961
2722962
2722963
2722966
2722967
2722969
2722970
2722971
2722972
2722973
2722975
2722976
2722978
2722979
2722980
2722981
2722982
2722983
2722984
2722985
2722986
2722987
2722988
2722989
2726387
2726388
2726389
2726390
2728214
2728215
2728216
2728217
2728218
2728234
2728235
2728236
2728237
2728238
2728239
2728240
2728241
2728242
2728243
2728244
2728547
2728548
2731451
2731452
2731453
2731454
2731455
2731456
2731457
2731458
2731459
2731460
2731461
2731462
2731463
2731464
2731465
2731466
2731467
2731468
2731469
2731470
2731471
2731472
2731473
2731474
2731991
2735262
2735263
2735369
2735560
2735561
2735677
2735678
2735679
2735680
2735681
2737906
2737907
2740465
2740466
2740468
2740469
2740470
2740471
2740472
2740473
2740474
2740475
2740476
2740477
2740484
2740485
2740486
2740487
2740488
2740489
2740490
2740491
2740492
2740493
2740494
2740495
2740496
2740497
2740498
2740499
2740500
2740501
2740502
2740503
2740504
2740505
2744146
2747213
2753603
2758157
2758158
2759636
2759637
2760989
2760990
2762333
2762334
2762749
2762750
2762751
2762752
2762753
2762754
2762755
2767076
2767077
2767843
2767844
2768038
2768039
2768167
2768320
2768687
2768688
2769363
2770097
2770098
2771423
2772201
2772202
2772528
2772529
2773303
2773312
2774031
2774032
2774149
2774150
2775247
2775877
2775878
2775881
2775882
2776124
2776126
2777485
2777486
2777487
2777488
2777489
2777490
2777491
2777494
2777495
2777496
2777497
2777498
2777499
2777502
2777503
2777504
2777505
2777510
2777511
2777512
2777513
2777514
2777515
2777516
2777517
2777523
2777526
2777530
2777531
2777542
2777543
2777554
2777555
2777557
2777558
2777559
2777560
2777561
2777562
2777563
2777564
2777565
2777566
2780092
2780491
2780492
2780493
2780494
2780892
2781125
2781126
2781410
2781900
2781901
2782233
2782234
2785071
2785072
2785073
2785074
2785076
2785077
2785078
2785521
2785522
2786888
2786890
2786891
2786892
2786893
2786894
2786895
2786896
2786897
2786898
2786899
2786900
2786901
2787632
2787633
2788919
2788920
2789404
2789405
2789406
2789407
2789515
2789516
2789517
2789518
2789519
2789520
2789525
2789526
2789527
2789528
2789529
2789530
2789531
2789532
2789533
2789534
2789535
2789536
2789537
2789538
2789539
2789540
2789541
2789542
2789544
2789545
2789546
2789547
2789548
2789549
2789550
2789551
2789552
2789553
2789554
2789555
2789556
2789557
2789558
2789559
2789560
2789561
2789562
2789563
2789564
2789565
2789566
2789567
2789568
2789569
2789570
2789571
2789572
2789573
2789574
2789575
2789576
2789577
2789578
2789579
2790308
2790669
2790681
2790682
2790685
2790686
2790687
2790688
2790689
2790690
2790950
2792079
2792080
2793011
2793012
2793013
2793014
2794656
2794657
2794658
2794659
2794660
2794661
2794662
2794663
2794664
2794665
2794666
2794667
2794668
2794669
2794670
2794671
2794672
2794673
2794674
2794675
2794676
2794677
2794678
2794679
2794680
2794681
2794682
2794683
2794684
2794685
2794686
2794687
2794688
2794689
2794690
2794691
2794692
2794693
2794694
2794695
2794696
2794697
2794698
2794699
2794700
2794701
2794702
2794703
2794704
2794705
2794706
2794707
2794708
2794709
2794710
2794711
2794712
2794713
2794714
2794715
2794716
2794717
2794718
2794719
2794720
2794721
2794722
2794723
2794724
2794725
2794726
2794727
2794728
2794729
2794730
2794731
2794732
2794733
2794734
2794735
2795206
2795207
2795380
2795381
2795696
2795697
2795809
2795810
2795819
2795820
2795821
2795822
2795823
2795824
2795870
2795871
2795977
2795978
2798307
2798308
2798575
2799492
2800413
2800414
2800498
2800499
2800623
2800624
2801453
2801454
2801847
2801848
2803848
2803849
2803853
2803854
2803947
2804029
2804030
2804234
2804235
2805374
2805375
2805376
2805377
2805787
2805829
2806035
2806036
2807201
2807202
2807306
2807307
2807739
2807740
2809082
2810284
2810285
2810421
2810607
2811202
2811203
2811204
2811205
2811206
2811207
2811209
2811210
2811391
2811392
2811433
2811434
2811790
2811791
2811792
2811793
2811794
2811795
2811796
2811797
2811798
2811799
2811800
2811801
2811802
2811803
2811804
2811805
2811806
2811807
2811808
2811809
2811811
2811812
2811813
2811814
2811815
2811816
2811817
2811818
2811819
2811820
2811821
2811822
2811823
2811824
2811825
2811826
2811827
2811828
2811829
2811830
2811831
2811832
2811833
2811834
2811835
2811836
2811837
2811838
2811839
2811840
2811841
2811842
2811843
2811844
2811845
2811847
2811848
2811849
2811850
2811851
2811852
2811853
2811854
2811855
2811856
2811857
2811858
2811859
2811860
2811861
2811862
2811863
2811864
2811865
2811866
2811867
2811868
2811869
2811870
2811871
2811872
2811873
2811874
2811875
2811876
2811877
2811878
2811879
2811880
2811881
2811882
2811883
2811884
2811885
2811886
2811887
2811888
2811889
2811890
2811891
2811892
2811893
2811894
2811895
2811896
2811897
2811898
2811899
2811900
2812008
2812009
2812026
2812027
2812683
2812684
2812685
2812686
2812687
2812688
2812689
2812690
2812691
2812692
2812693
2812694
2812695
2812696
2812697
2812698
2812732
2813805
2813806
2813910
2813911
2813934
2813935
2813994
2814291
2814450
2814451
2814915
2814916
2817610
2818465
2818466
2818508
2818509
2819232
2819284
2819285
2819861
2819862
2819873
2820266
2820267
2820284
2820406
2820407
2820512
2820513
2820744
2820745
2820746
2820747
2820748
2820749
2820792
2821493
2821506
2821510
2821520
2822117
2822335
2822336
2822466
2822467
2822862
2822863
2823146
2823235
2823236
2823240
2823912
2823913
2824252
2826927
2827485
2827486
2828283
2828284
2828351
2828767
2829231
2829232
2830149
2830150
2830224
2830225
2830226
2830227
2830228
2830229
2830230
2830231
2830232
2830233
2830234
2830235
2830236
2830237
2830238
2830239
2830240
2830241
2830242
2830243
2830244
2830245
2830246
2830247
2830248
2830249
2830250
2830251
2830252
2830253
2830254
2830255
2830256
2830257
2830258
2830259
2830260
2830261
2830262
2830263
2830662
2831446
2831447
2831958
2831959
2834381
2834382
2834403
2834404
2834405
2834762
2835641
2836218
2836990
2837534
2837535
2837536
2837537
2837538
2837539
2837540
2837541
2837544
2837545
2837546
2837547
2837548
2837549
2837550
2837551
2837628
2837629
2837630
2837631
2837632
2837633
2838314
2838412
2840317
2841042
2842534
2842535
2843203
2843204
2845257
2847293
2847317
2847318
2847321
2847322
2847325
2848180
2848653
2849098
2849663
2850406
2851091
2852062
2853162
2853335
2853533
2854027
2854213
2854214
2855187
2855481
2856576
2856849
2856850
2856858
2858889
2860134
2860135
2860238
2860294
2861663
2862155
2862454
2862455
2864381
2864854
2864960
2865675
2865676
2865677
2865678
2865679
2865680
2865867
2866002
2866004
2866005
2866028
2866029
2866219
2866607
2866621
2866736
2867384
2868277
2870473
2870474
2870738
2870739
2870740
2870910
2871674
2872350
2872351
2872353
2872354
2872355
2872356
2872516
2872517
2876887
2877873
2877874
2877875
2877876
2877877
2877878
2877892
2877893
2877894
2877895
2879592
2879933
2880700
2880701
2881030
2881334
2883112
2883122
2883498
2883499
2883520
2883521
2884105
2884329
2884637
2884638
2884817
2885701
2885969
2885970
2886889
2888278
2888762
2888763
2888821
2888882
2888883
2890057
2890062
2890865
2890866
2890870
2890871
2891297
2891298
2891351
2892402
2892405
2892412
2893079
2893080
2893088
2893208
2893584
2894770
2895512
2895513
2896776
2896777
2896781
2897373
2897374
2897375
2897376
2897377
2897378
2897379
2897380
2897381
2897382
2897393
2897394
2897395
2897396
2897397
2897398
2897399
2897400
2897401
2897402
2897403
2897404
2897405
2897406
2898492
2899295
2899547
2899807
2900150
2901162
2901163
2901167
2901168
2901192
2901193
2901397
2901419
2901889
2903064
2903103
2903104
2903110
2903111
2903118
2903119
2903123
2904284
2904285
2904286
2904287
2904288
2904289
2904301
2904302
2904319
2904320
2904528
2904529
2904530
2904531
2904532
2904533
2904703
2904704
2905829
2905830
2906449
2906450
2907496
2907515
2908358
2908359
2909708
2910592
2910593
2911005
2911036
2911179
2911476
2911477
2913199
2913200
2915907
2915908
2916817
2917709
2917710
2917970
2917971
2918844
2919367
2919368
2919474
2919632
2919633
2920388
2920447
2920896
2920897
2921187
2921188
2921736
2922699
2922806
2922807
2923289
2923350
2923351
2924877
2925771
2927719
2927720
2927721
2927722
2927723
2927724
2927725
2927726
2927822
2927823
2927844
2928018
2928019
2928186
2929471
2930029
2930030
2930088
2930110
2930387
2931384
2931973
2933615
2934365
2934380
2934797
2934798
2934808
2935084
2935499
2936681
2937413
2939500
2939648
2940176
2940245
2943808
2944187
2944188
2944219
2944220
2944229
2944230
2944390
2946532
2946533
2949089
2949611
2949641
2949642
2950017
2950018
2950101
2951411
2951546
2952619
2952790
2952791
2953713
2953714
2954350
2954351
2954352
2954353
2963090
2963352
2963353
2963410
2963411
2966151
2966445
2968038
2968039
2968082
2972105
2972106
2974254
2974255
2975152
2975153
2976762
2977533
2978013
2978370
2978745
2979336
2979337
2979475
2979476
2979477
2979478
2979479
2979480
2979481
2979482
2979483
2979484
2979486
2979487
2979488
2979489
2979490
2979491
2979492
2979493
2979494
2979495
2979496
2979497
2979498
2979499
2979500
2979501
2979502
2979503
2979504
2979505
2979506
2979507
2979508
2979509
2979510
2979511
2979512
2979513
2979514
2979515
2979516
2979517
2979518
2979519
2979520
2979521
2979522
2979523
2979524
2979525
2979526
2979527
2979528
2979529
2979530
2979531
2979532
2979533
2979534
2979535
2979536
2979537
2980207
2980208
2980209
2980210
2980211
2980212
2980213
2980214
2980217
2980218
2980219
2980220
2980221
2980222
2980223
2980224
2980225
2980226
2980227
2980228
2980229
2980230
2980231
2980232
2980233
2980234
2980235
2980236
2980237
2980238
2980239
2980240
2980241
2980242
2980243
2980244
2980245
2980246
2980247
2980248
2980249
2980250
2980251
2980252
2980253
2980254
2980255
2980256
2980257
2980258
2980259
2980260
2980261
2980262
2980263
2980264
2980265
2980266
2980267
2980268
2980271
2980272
2980273
2980274
2980275
2980276
2980277
2980278
2980279
2980280
2980281
2980282
2980283
2980284
2980285
2980286
2980287
2980288
2980289
2980290
2980291
2980292
2980293
2980294
2980295
2980296
2980297
2980298
2980299
2980300
2980301
2980302
2980303
2980304
2980305
2980306
2980307
2980308
2980309
2980310
2980311
2980312
2980313
2980314
2980315
2980316
2980317
2980318
2980319
2980320
2980321
2980322
2980323
2980324
2980325
2980328
2980329
2980330
2980331
2980332
2980333
2980334
2980335
2980336
2980337
2980338
2980339
2980340
2980341
2980342
2980343
2980344
2980346
2980347
2980348
2980349
2980350
2980351
2980352
2980353
2980756
2980757
2980758
2980759
2980760
2980761
2980762
2980763
2980764
2980765
2980766
2980767
2980768
2980769
2980770
2980771
2980772
2980773
2980774
2980775
2980776
2980777
2980778
2980779
2980780
2980781
2980782
2980783
2980784
2980785
2980786
2980787
2980788
2980789
2980792
2980793
2980794
2980795
2980796
2980797
2980798
2980799
2980800
2980801
2980802
2980805
2980806
2980807
2980808
2980809
2980810
2980811
2980812
2980813
2980814
2980815
2980816
2980817
2980818
2980819
2980820
2980821
2980822
2980823
2980824
2980825
2980826
2980827
2980828
2980829
2980830
2980831
2980832
2980833
2980834
2980835
2980836
2980837
2980838
2980839
2980840
2980841
2980842
2980843
2980844
2980845
2980846
2980847
2980848
2980849
2980850
2980851
2980852
2980853
2980854
2980855
2980856
2980857
2980858
2980859
2980860
2980861
2980862
2980863
2980864
2980865
2980866
2980867
2980868
2980869
2980870
2980871
2980872
2980873
2980874
2980875
2980876
2980877
2980878
2980879
2980880
2980881
2980882
2980883
2980884
2980885
2980886
2980887
2980888
2980889
2980890
2980891
2980892
2980893
2980894
2980895
2980896
2980897
2980898
2980899
2980900
2980901
2980902
2980903
2980904
2980917
2980918
2980919
2980920
2980921
2980922
2980923
2980924
2980925
2980926
2980927
2980928
2980929
2980930
2980931
2980932
2980933
2980934
2980935
2980936
2980937
2980938
2981347
2981533
2981684
2981685
2981690
2981691
2981700
2981701
2981706
2981707
2982302
2982650
2982651
2982652
2982653
2982654
2982655
2982656
2982657
2982658
2982659
2982660
2982661
2982662
2982663
2982664
2982665
2982666
2982667
2982668
2982669
2982670
2982671
2982672
2982673
2982674
2982675
2982676
2982677
2982678
2982679
2982757
2982758
2983206
2983265
2983397
2983512
2984029
2984030
2984156
2984173
2984429
2984430
2984431
2984432
2984433
2984434
2984435
2984436
2985639
2986472
2986473
2986773
2987602
2987603
2987613
2987614
2987617
2987697
2991976
2992723
2993312
2993544
2993666
2994374
2994458
2994539
2995108
2995109
2995125
2995126
2995129
2995726
2995727
2995730
2997363
2997364
2997377
2997378
2997393
3003269
3003479
3004110
3015954
3016053
3016629
3016630
3016634
3016635
3018279
3019721
3019722
3019941
3020069
3020836
3020837
3020840
3020861
3021654
3021655
3021687
3023473
3023474
3023968
3024229
3024240
3024573
3024826
3024827
3025076
3025758
3025759
3025866
3026197
3026549
3027669
3027923
3028119
3028305
3028858
3028859
3028862
3028863
3029081
3029208
3030178
3030179
3030180
3030181
3030182
3030183
3030184
3030185
3030186
3030187
3030547
3030548
3031817
3031924
3031926
3031936
3032739
3032740
3032745
3032746
3032748
3032749
3032819
3032820
3032826
3032827
3032832
3032833
3032836
3033933
3034010
3034011
3034014
3034141
3034709
3035926
3036247
3036248
3036249
3036250
3036251
3036252
3036253
3036254
3036373
3036660
3037983
3037984
3037985
3037986
3038131
3038132
3039118
3039119
3039120
3039121
3039122
3039123
3039486
3039487
3039802
3039803
3039805
3039806
3039807
3039808
3040340
3040341
3041043
3041044
3041045
3041092
3041176
3041177
3041929
3041930
3042096
3042097
3042733
3043291
3043985
3045837
3045838
3045853
3045854
3046400
3046591
3046604
3046605
3046612
3046613
3046614
3046615
3047877
3047878
3048028
3048029
3048552
3048553
3048554
3048555
3048556
3048557
3048558
3048559
3048560
3048561
3048562
3048563
3048564
3048565
3048566
3048567
3048568
3048569
3048570
3048571
3048572
3048646
3048647
3048648
3048649
3048650
3048651
3049079
3049176
3049177
3049178
3049179
3049180
3049181
3049182
3049183
3049184
3049185
3049186
3049187
3049188
3049189
3049190
3049191
3049192
3049193
3049194
3049293
3049294
3049295
3049296
3049297
3049298
3049299
3049300
3049301
3049302
3049303
3049304
3049305
3049306
3049307
3049308
3049309
3049310
3049311
3049312
3049313
3049811
3050031
3050066
3050068
3050616
3050631
3050635
3050951
3051141
3051142
3051145
3051344
3051345
3051551
3054867
3054947
3055237
3055238
3055509
3055510
3056349
3056350
3056362
3056641
3056642
3058164
3058165
3058349
3059507
3059508
3059594
3062256
3062790
3062791
3062794
3062795
3062796
3062797
3062798
3062799
3062800
3062801
3062803
3062804
3062805
3062806
3062808
3062809
3062812
3062813
3062846
3062847
3063295
3063296
3063297
3063298
3063299
3063300
3063311
3063312
3063313
3063314
3063315
3063316
3063317
3063318
3063319
3063320
3063729
3063730
3063731
3063732
3063733
3063734
3063735
3063736
3063737
3063738
3063739
3063740
3063773
3063774
3063775
3063776
3063786
3063787
3063812
3063813
3064795
3065646
3065689
3066118
3066119
3068394
3068395
3070992
3071846
3071847
3073063
3073308
3073309
3073310
3073311
3073312
3073313
3073314
3073315
3073316
3073317
3073318
3073319
3073320
3073321
3073322
3073323
3073324
3073325
3073560
3073572
3073573
3073578
3073579
3073588
3073589
3073592
3074471
3074472
3075103
3075104
3075105
3075106
3075570
3075926
3076054
3076055
3076182
3076183
3076190
3076544
3076545
3078752
3078753
3080061
3080062
3080283
3080284
3080289
3080290
3080292
3080293
3081198
3085633
3087018
3090593
3090595
3090596
3090597
3093642
3094164
3096594
3097384
3097967
3097968
3098044
3098045
3098091
3098092
3098105
3101782
3102703
3102704
3103009
3104172
3108388
3110464
3112375
3115858
3119598
3125780
3127350
3127926
3129423
3131975
3132939
3138190
3139410
3139411
3139412
3139413
3139414
3139415
3139416
3139417
3140222
3143032
3143033
3144952
3160665
3160666
3160668
3160669
3160670
3160671
3160672
3160673
3160674
3160675
3160676
3160677
3160678
3160679
3160680
3160681
3160682
3160683
3160684
3160685
3160686
3160687
3160776
3160777
3160790
3160791
3160792
3160793
3160794
3160795
3160796
3160797
3160807
3160808
3160809
3160810
3160811
3160812
3160813
3160814
3160815
3160816
3160817
3160818
3160819
3160820
3162252
3162253
3162507
3162508
3162978
3163553
3230389
3230390
3231927
3237886
3237887
3237888
3237889
3237890
3237891
3239016
3239017
3239790
3240910
3240911
3242721
3252904
3252905
3252907
3252908
3252909
3252910
3316684
3316685
3317175
3317176
3317181
3317182
3317185
3317186
3317278
3317279
3317296
3317297
3317302
3317303
3341792
3355607
3371026
3371027
3373561
3373562
3373564
3373565
3373568
3373569
3373570
3373571
3375641
3375642
3379179
3379180
3379951
3379952
3381772
3382732
3382733
3383492
3384664
3384665
3387457
3387458
3388268
3388269
3388292
3388966
3388967
3391779
3391780
3391899
3391900
3391901
3391902
3391903
3391904
3391905
3391906
3391907
3391908
3391909
3391910
3391911
3391912
3391913
3391914
3391915
3391916
3391917
3391918
3391919
3391920
3391921
3391922
3391923
3391924
3391925
3391926
3391927
3391928
3391929
3391930
3391931
3391932
3391942
3391943
3391944
3391945
3391946
3391947
3391948
3391949
3391950
3391951
3391952
3391953
3391954
3391955
3393731
3394441
3396210
3397064
3397570
3397859
3398611
3399579
3399580
3399581
3399582
3399644
3400336
3400346
3400347
3400383
3401268
3401588
3401835
3402416
3409998
3409999
3413140
3417150
3417177
3417661
3418371
3424681
3425668
3425865
3434683
3434819
3438406
3438632
3438956
3439834
3440684
3440685
3440774
3444229
3445443
3446970
3447615
3448011
3448435
3448436
3448447
3448754
3449107
3449747
3450000
3450411
3451680
3451686
3451687
3451688
3451689
3451690
3451691
3451692
3451693
3451694
3451695
3451696
3451697
3451698
3451699
3452863
3453502
3454001
3454210
3454832
3455618
3455871
3456039
3456527
3457334
3457538
3458166
3458192
3462310
3462477
3462737
3463356
3464120
3464219
3465070
3465471
3466456
3466656
3466955
3469327
3469328
3469329
3469330
3469331
3469332
3469333
3469334
3469335
3469336
3469337
3469338
3469339
3469340
3469341
3469342
3469343
3469344
3470747
3471338
3471634
3472371

# Extinct Species (https://www.ncbi.nlm.nih.gov/Taxonomy/taxonomyhome.html/index.cgi?chapter=extinct)
# ===================================================================================================

# Amphibians
# ----------

2282414
8367

# Birds
# -----

1503129
748142
1954183
1591064
1914395
1415635
8811
54366
2558236
2049294
184920
54497
1524889
386524
399386
572104
1914393
1914393
147464
8818
314500
1503224
237965
187118
147466
2517238
230980
656807
54568
54500
570943
570941
570942
307641
192211
2517239
577682
328612
8813
572105
572099
572106
572098
147494
1591065
1920770
1543223
239969
8815
693865
239970
1860150
187133
94623
1804611
1560314
1453604
943952
1927712
187135
1911056
107030
46906
46907
2563060

# Crustaceans
# -----------

975667

# Dinausors (remove if you are John Hammond)
# ------------------------------------------

643745
436495

# Green Plants
# ------------

126429
20678
3409
251263

# Insects
# -------

27445
13140
180214

# Lizards
# -------

166505
103864
2879209

# Mammals
# -------

304335
268291
1920185
1922215
2779812
272462
2779813
223567
1656233
647691
2562269
188536
659069
2841922
2841921
2841919
2863007
92649
2570194
2836925
1036967
1849957
673762
1316008
2779815
2779815
2491732
2491732
251094
363579
363578
363580
89250
703559
2848121
1968430
1968431
379504
1542494
475185
1225531
1703871
703576
2779808
2591764
2546663
523825
1983743
703571
1582057
216182
1542469
330944
330636
330638
330637
330639
330640
37185
1425170
63221
741158
2048657
339614
63631
2033401
2836924
2863192
1565733
1566623
1563127
1970152
1211276
39053
1027716
1851653
1851652
1851651
2805092
37349
1975613
2801150
2805093
227166
126594
2835076
2835074
2835080
2835073
2835077
2835072
2835067
2835079
2835075
2835070
2835078
2835071
2835068
2835066
2835069
1607767
1607757
2576014
2546660
339612
48784
201717
2546658
2546657
1295174
2315958
2768144
136416
665113
2836926
2836923
2842287
2793303
1523245
1513475
1513477
1597978
322027
322025
322026
402889
399178
2770979
2546661
2546659
1607771
2795612
1983451
173935
2493643
2836880
570414
570415
2546666
2546665
2493644
13266
339609
2004349
2003782
9275
1563122
518691
518689
2828883
518692
2828882
2802533
1530197
39097
2115972
2490931
686441
2546662
2546656
1607772
523822
523821
551196
1825730
1636722

# Moluscs
# -------

115942
2831458

# Turtles
# -------

1873747
180175
180174
180176
180177
180178